fleet,adapter,pred_ratio,measured_ratio,cost_ratio
LoRA Land,conllpp,3.18033204421623,13.370505725724431,0.9829268292682927
LoRA Land,conllpp,3.625765923926968,16.281427453710865,1.0043572984749456
LoRA Land,conllpp,3.709451119124468,10.329607438579725,0.9980657640232108
LoRA Land,conllpp,4.029085555574398,27.07232995992272,1.0087412587412588
LoRA Land,conllpp,2.9568700790089504,10.356926605034634,1.0128824476650564
LoRA Land,conllpp,2.2495986277206415,10.275178405536515,1.0193103448275862
LoRA Land,conllpp,2.2924712838914214,12.006629865420937,0.9808245445829339
LoRA Land,conllpp,1.705340998305355,4.042846756965873,1.01880621422731
LoRA Land,conllpp,1.7855350947293962,4.805606042095506,0.9818754925137904
LoRA Land,conllpp,1.7203554108100445,5.94763420439141,0.9848942598187311
LoRA Land,conllpp,1.7775412625667664,5.027179927429701,0.9898255813953488
LoRA Land,conllpp,1.747902225336997,4.306256999097868,0.9819819819819819
LoRA Land,conllpp,1.777249640203637,3.8523566481909666,0.988628762541806
LoRA Land,conllpp,1.7293029895593202,3.1852705845369544,1.0026058631921824
LoRA Land,conllpp,1.7304351557881221,4.0476516671755745,1.013968253968254
LoRA Land,conllpp,1.8156752828804128,4.764530772947165,0.9833743842364532
LoRA Land,conllpp,1.7023377473756733,1.6712671624991355,1.0094451003541913
LoRA Land,conllpp,1.630276345803936,2.101984339541284,1.0091324200913243
LoRA Land,conllpp,1.7069416306424405,1.9168391517759515,1.0088397790055248
LoRA Land,conllpp,1.769084354642598,1.703924916193403,1.0134264232008592
LoRA Land,conllpp,1.8718390807325136,1.5463495423639473,0.9921135646687698
LoRA Land,conllpp,1.9670701681445673,1.8033584511855323,0.9923352069494124
LoRA Land,conllpp,2.0037817987850235,1.7460990708315975,1.0015022533800702
LoRA Land,conllpp,2.0841888916400735,1.5265811031646153,1.0058737151248165
LoRA Land,conllpp,2.2254120425584474,1.7726501415514355,0.9879807692307693
LoRA Land,conllpp,2.2112959461989767,2.1524098845977724,1.0083955223880596
LoRA Land,conllpp,2.363903552749017,1.5057061722644474,0.992653810835629
LoRA Land,conllpp,2.3704454603505547,1.7373651316969843,0.9915254237288136
LoRA Land,conllpp,2.345241818128977,1.667580697322956,0.9956236323851203
LoRA Land,conllpp,2.3700973521264213,1.56814284632765,0.9970008568980291
LoRA Land,conllpp,2.431434091635562,2.036610021832736,0.9908256880733946
LoRA Land,conllpp,2.4306256701953486,2.3368781539042187,1.0085296506904955
LoRA Land,conllpp,2.3950153940509207,1.243745197276649,1.002375296912114
LoRA Land,conllpp,2.412144247482354,1.492071861640453,1.0023300970873787
LoRA Land,conllpp,2.6668109743342554,1.1740265145820956,0.9943160287987874
LoRA Land,conllpp,2.896495235959217,0.9347857078540652,1.001122334455668
LoRA Land,conllpp,3.327058477867633,1.4665246720558478,0.9988990825688073
LoRA Land,conllpp,3.7663082118324747,0.7030303972622793,0.9945984875765215
LoRA Land,conllpp,4.233590639605014,0.7607775952108815,0.9967982924226254
LoRA Land,conllpp,4.693212719525715,0.8014726811032042,0.9957997899894995
LoRA Land,conllpp,5.2132879018716025,0.7491247871861267,1.0065381968341363
LoRA Land,conllpp,6.175028419245911,0.887512467496119,0.9983164983164983
LoRA Land,conllpp,7.008024510484605,0.6809206959233448,1.0056142668428005
LoRA Land,conllpp,7.677363771383652,0.6940093495415124,1.0016233766233766
LoRA Land,conllpp,7.5303031010968855,0.8963813085072895,1.0025641025641026
LoRA Land,conllpp,10.137151329993523,0.7766725748562482,0.9987389659520807
LoRA Land,conllpp,7.753070595841217,0.7535496189777614,1.0046396535725333
LoRA Land,conllpp,13.372728170451268,1.0434873759396945,1.0
LoRA Land,dbpedia,134.75197675005614,11.534504045498494,1.0132743362831858
LoRA Land,dbpedia,174.4836217358425,189.49079018873283,0.9985590778097982
LoRA Land,dbpedia,169.06475617617647,167.7887992118982,1.002659574468085
LoRA Land,dbpedia,178.64139033683801,235.91747480011566,1.0138364779874214
LoRA Land,dbpedia,136.86952733666266,505.559865890145,1.0165876777251184
LoRA Land,dbpedia,122.30424894468385,11.726781750914432,1.0146299483648882
LoRA Land,dbpedia,132.55106494590933,453.24597208317135,0.9817460317460317
LoRA Land,dbpedia,73.72132093033927,786.769134092608,0.9892802450229708
LoRA Land,dbpedia,76.56162465045408,1042.7735238091525,0.9809802487198245
LoRA Land,dbpedia,79.49336121486321,1071.231945261062,0.992181947405828
LoRA Land,dbpedia,33.369003526212616,616.4129984675644,0.9863760217983651
LoRA Land,dbpedia,34.647511357292004,583.3113382024821,0.9946949602122016
LoRA Land,dbpedia,36.00732033178697,556.4302839239117,1.0025839793281655
LoRA Land,dbpedia,37.47410344899306,657.6156590316687,0.9968808484092326
LoRA Land,dbpedia,39.00802416123986,744.188679969042,1.0006064281382656
LoRA Land,dbpedia,40.67369565988637,673.7433035284297,1.0059101654846336
LoRA Land,dbpedia,41.77217375561632,754.3358080372975,1.0022779043280183
LoRA Land,dbpedia,1.9654040100439072,209.37275331400372,0.9956043956043956
LoRA Land,dbpedia,1.9746251740598686,60.099756854050725,1.000537634408602
LoRA Land,dbpedia,1.9913765248723692,73.56422006656103,0.9927348209652309
LoRA Land,dbpedia,2.0175838317870483,73.66888412835839,0.9914098029307731
LoRA Land,dbpedia,2.03117659517026,71.53252766774594,0.9975235264982665
LoRA Land,dbpedia,2.0871797699766135,70.63570032752092,1.0004856726566294
LoRA Land,dbpedia,2.071748461074928,13.945378789209459,0.9920037629350894
LoRA Land,dbpedia,2.0303349642171526,4.071348779603972,0.9990766389658357
LoRA Land,dbpedia,2.094931835237815,4.573687881526661,1.000453309156845
LoRA Land,dbpedia,2.1249377273771324,3.7135073039597426,0.9925307557117751
LoRA Land,dbpedia,2.0213279706143052,5.905642401252329,1.0085689802913453
LoRA Land,dbpedia,2.1629246520032988,5.846843443879216,0.991575400168492
LoRA Land,dbpedia,2.2736126459026313,6.839234680760651,0.9966859983429992
LoRA Land,dbpedia,2.3952795161343965,4.4462373626033616,1.0016299918500406
LoRA Land,dbpedia,2.033137826177463,2.59232149506689,1.0003990422984836
LoRA Land,dbpedia,2.081600323421565,1.3631802904954888,1.0051060487038492
LoRA Land,dbpedia,2.1350412210701193,1.958017175663585,0.9992337164750957
LoRA Land,dbpedia,2.193838068896303,1.6771969255125663,0.9925205684367988
LoRA Land,dbpedia,2.2285257163021273,1.4250564394253535,0.9926632428466617
LoRA Land,dbpedia,2.355981698120505,1.8706686332924534,1.003942652329749
LoRA Land,dbpedia,2.5369279111145535,1.8181074961738424,0.9985984583041345
LoRA Land,dbpedia,2.7086592791428448,1.5635874531939216,0.9996558843771507
LoRA Land,dbpedia,2.9728659488468296,1.3451910987092954,1.0006761325219744
LoRA Land,dbpedia,3.037517992835068,1.3221752766990118,0.9947054930509597
LoRA Land,dbpedia,2.585607141944841,0.9817066025063652,1.0068049254698639
LoRA Land,dbpedia,2.3393882602499576,1.2047048460344347,1.0009532888465205
LoRA Land,dbpedia,3.029240885366615,0.7354694094382214,1.0009386733416772
LoRA Land,dbpedia,3.859000368138094,1.0160097802117036,1.0027812113720642
LoRA Land,dbpedia,5.367035243514385,0.8077794902163722,1.0
LoRA Land,e2e_nlg,1.9458637507825212,2.7764536402331257,0.9904534606205251
LoRA Land,e2e_nlg,1.6081481845945316,2.868356455074618,1.0192307692307692
LoRA Land,e2e_nlg,1.6031453465522116,3.274519859293466,1.0126382306477093
LoRA Land,e2e_nlg,1.4903083971445377,2.2342815826855866,1.0143338954468804
LoRA Land,e2e_nlg,1.5106577871240707,2.2837384307309354,1.0112269446672013
LoRA Land,e2e_nlg,1.5121242211607115,2.088064530742299,1.0083905415713197
LoRA Land,e2e_nlg,1.5116015742769555,1.979127463715875,1.0080527086383602
LoRA Land,e2e_nlg,1.479851141919868,2.1279921147022054,1.0142247510668563
LoRA Land,e2e_nlg,1.4997361451187206,1.4299085036859371,1.0074982958418541
LoRA Land,e2e_nlg,1.542134131456065,1.4794847865620466,1.0032658393207055
LoRA Land,e2e_nlg,1.4750483070622793,0.9616701402251905,1.016549968173138
LoRA Land,e2e_nlg,1.537655886206532,1.0682468371755645,0.9876314162028448
LoRA Land,e2e_nlg,1.528654377976125,0.95978164960439,0.9987929993964997
LoRA Land,e2e_nlg,1.6044514675574533,1.009341822705791,1.0058616647127785
LoRA Land,e2e_nlg,1.6211149000973997,0.9317366675628951,1.0022598870056496
LoRA Land,e2e_nlg,1.6748579575397455,0.8587762877931375,1.0054884742041712
LoRA Land,e2e_nlg,1.7099571438863586,0.7539260237533666,1.0069148936170214
LoRA Land,e2e_nlg,1.750956853000604,1.1633615407207958,1.0082815734989647
LoRA Land,e2e_nlg,1.737110187966211,1.1065427613960304,1.0110887096774193
LoRA Land,e2e_nlg,1.819527532386278,1.2490649217560321,0.9881773399014778
LoRA Land,e2e_nlg,1.859379258980916,1.400189904542641,0.9856733524355301
LoRA Land,e2e_nlg,1.8945640799508348,1.3679959347723436,0.9916123019571296
LoRA Land,e2e_nlg,1.8484354649187895,1.2685522359069912,1.0099682827367467
LoRA Land,e2e_nlg,1.9479424922503545,1.0226295897488236,0.9933155080213903
LoRA Land,e2e_nlg,1.9044892470042,1.2015592022852826,0.9896013864818024
LoRA Land,e2e_nlg,1.9338227948951159,0.8301794522587425,0.9948827292110874
LoRA Land,e2e_nlg,1.889853680946021,0.9973671068715702,0.9937733499377335
LoRA Land,e2e_nlg,1.8507650919961405,0.9172636170156245,0.9975500204164965
LoRA Land,e2e_nlg,1.7362899700500865,0.8937655190665381,1.0060337892196298
LoRA Land,e2e_nlg,1.8167694227937463,0.6539406478202987,0.9988221436984688
LoRA Land,e2e_nlg,1.7460332969858077,0.6910569055370271,1.0034789331271743
LoRA Land,e2e_nlg,1.77934505519754,0.7188166556615486,0.9977315689981097
LoRA Land,e2e_nlg,1.9025340261260257,0.7636653262345847,0.9977653631284916
LoRA Land,e2e_nlg,2.118538263398696,0.597978999933302,0.9988978692138134
LoRA Land,e2e_nlg,2.2880191227656725,0.5113462478641462,1.0057430007178751
LoRA Land,e2e_nlg,2.584227209274484,0.6430370020067078,1.005661712668082
LoRA Land,e2e_nlg,2.7027552961876724,0.6337571621567378,1.0048143053645118
LoRA Land,e2e_nlg,2.844659362863939,0.5928358408039245,1.0037237643872714
LoRA Land,e2e_nlg,3.0911342511928206,0.6554146175844574,1.0056894243641232
LoRA Land,e2e_nlg,3.788400847873555,0.6356544167926182,0.9977064220183486
LoRA Land,e2e_nlg,3.576786807032628,0.7508612434153982,1.0057933698101063
LoRA Land,e2e_nlg,4.363505765120386,0.7226281914363305,1.0047619047619047
LoRA Land,e2e_nlg,5.48019838133384,0.6765570677360431,1.005647944775651
LoRA Land,e2e_nlg,5.033350138849167,0.9176024826455943,1.0055727554179568
LoRA Land,e2e_nlg,5.841435495948724,1.085110887651619,1.0
LoRA Land,glue_cola,2.1871781324536577,3.093020069730904,0.9901719901719902
LoRA Land,glue_cola,2.061263611940457,9.573408811733792,1.0043572984749456
LoRA Land,glue_cola,2.030639854156978,7.885298141736886,1.015748031496063
LoRA Land,glue_cola,2.015013449319844,2.9200703847559666,1.0194714881780251
LoRA Land,glue_cola,2.041440367338212,2.025981537385451,1.0141570141570142
LoRA Land,glue_cola,2.061344058262739,2.9781301536908353,1.0131264916467781
LoRA Land,glue_cola,2.203277340430669,1.9472830604030247,1.0049701789264414
LoRA Land,glue_cola,2.1306753644373115,1.3273412894812144,0.9934579439252337
LoRA Land,glue_cola,2.2087690811187684,1.383224393147576,0.9937943262411347
LoRA Land,glue_cola,2.37676547247895,1.1117396744308767,0.9966273187183811
LoRA Land,glue_cola,2.3236699560958876,1.2240513210542245,0.9991902834008097
LoRA Land,glue_cola,2.060005598550395,0.9798732350592123,0.9922839506172839
LoRA Land,glue_cola,2.167428442237974,1.7005160527390655,1.0037425149700598
LoRA Land,glue_cola,2.180801701705387,1.702466676378313,1.0145348837209303
LoRA Land,glue_cola,2.3058653549808605,1.6037022115001078,0.9837914023960536
LoRA Land,glue_cola,2.4369555937117178,1.3258391580349909,0.982396750169262
LoRA Land,glue_cola,2.514681126324902,1.6503073682669969,0.992748846407383
LoRA Land,glue_cola,2.5832992972632605,1.8550489480750458,1.0064226075786769
LoRA Land,glue_cola,2.7673756177326387,2.8574057474392593,1.0061919504643964
LoRA Land,glue_cola,2.796006200180482,2.4931879855442305,1.00418410041841
LoRA Land,glue_cola,2.752591951330799,2.0852716481095555,1.0110722610722611
LoRA Land,glue_cola,2.808330952625599,2.2243528369603034,1.0107102593010147
LoRA Land,glue_cola,2.591059200913678,1.297124812010709,1.0136911281489596
LoRA Land,glue_cola,2.737596405014363,1.5701058594413555,0.9887820512820513
LoRA Land,glue_cola,3.0168551243525976,0.8717831309163169,0.9906444906444907
LoRA Land,glue_cola,3.1877700539539884,1.087598559096089,0.9984725050916496
LoRA Land,glue_cola,3.391860351915596,1.4413388482751566,0.9896755162241888
LoRA Land,glue_cola,3.4229388220007784,0.5508839184706513,0.9956605593056895
LoRA Land,glue_cola,3.225573478485402,0.41872670812405516,0.995766698024459
LoRA Land,glue_cola,3.2581850550129627,0.8326607183246496,1.002770083102493
LoRA Land,glue_cola,3.6940378904335724,0.446195111988602,1.0081595648232093
LoRA Land,glue_cola,3.932097514615787,1.1101187604308047,0.9902048085485308
LoRA Land,glue_cola,4.440670491406105,1.3127987185464878,0.9917319408181027
LoRA Land,glue_cola,4.570700388171169,2.3802727178741816,0.9919148936170212
LoRA Land,glue_cola,5.115421142138077,0.36421094169211254,1.0074657818332642
LoRA Land,glue_cola,5.354647738428549,0.3491364847974191,1.0024242424242424
LoRA Land,glue_cola,5.98437907000989,1.3444842433751771,1.004765687053217
LoRA Land,glue_cola,6.201068770496496,0.4584088702777211,0.9965224111282844
LoRA Land,glue_cola,6.201306200807531,0.6119001979474882,0.9909297052154195
LoRA Land,glue_cola,6.241981233283854,0.6061341622854058,0.9977661950856291
LoRA Land,glue_cola,6.176881514462913,0.8328177988255986,0.9956315981070258
LoRA Land,glue_cola,6.582431072917745,0.930474986090222,1.0046197583511016
LoRA Land,glue_cola,6.990906332455454,0.4774501678697939,1.0034965034965035
LoRA Land,glue_cola,7.477846373838898,0.5271491253286107,0.9942038868053188
LoRA Land,glue_cola,7.914607133667787,1.551426257176318,1.0066934404283803
LoRA Land,glue_cola,9.738958226282422,7.877896579523994,0.9933949801849405
LoRA Land,glue_cola,11.21126217575718,1.639107027431476,0.9934810951760105
LoRA Land,glue_cola,11.214827400715768,0.9923952811557347,0.9996804090763822
LoRA Land,glue_cola,16.410883102343554,1.0164974892066116,1.0006317119393557
LoRA Land,glue_cola,32.02786601729459,2.3824308156303102,0.9941121784939573
LoRA Land,glue_cola,52.00210714841193,0.7255720269052631,1.004582951420715
LoRA Land,glue_mrpc,3.3367706811723337,30.07150712440506,0.9884393063583815
LoRA Land,glue_mrpc,3.5923674520746975,34.7045868694108,1.0125628140703518
LoRA Land,glue_mrpc,3.115072194132441,73.91963316633067,1.019642857142857
LoRA Land,glue_mrpc,2.5703166773435964,4.859260017280394,0.9827411167512691
LoRA Land,glue_mrpc,2.691012849841044,5.241659039837616,1.0039024390243902
LoRA Land,glue_mrpc,2.3197319446744964,3.5758454234050348,1.0037243947858474
LoRA Land,glue_mrpc,2.130127818942116,2.3791491539671075,1.0062166962699823
LoRA Land,glue_mrpc,2.2210274140456647,2.0514462334905272,0.9983235540653814
LoRA Land,glue_mrpc,2.265051784648414,5.8434215203636235,1.012913640032284
LoRA Land,glue_mrpc,2.426445148876544,3.985021183612982,1.0194099378881987
LoRA Land,glue_mrpc,2.677585729391453,2.656987753793824,1.0156695156695157
LoRA Land,glue_mrpc,2.8173002395866287,5.695051248242857,1.018457481872116
LoRA Land,glue_mrpc,3.007067262996991,11.997388094014987,0.9865900383141762
LoRA Land,glue_mrpc,3.066963350690035,8.667975402810674,0.99813200498132
LoRA Land,glue_mrpc,3.115733411218544,16.32668288549682,1.0109356014580801
LoRA Land,glue_mrpc,3.341063379996657,17.114633930400327,0.9869513641755635
LoRA Land,glue_mrpc,3.1568004885668084,7.631350504579366,1.015402167712493
LoRA Land,glue_mrpc,3.394256937966788,12.30726697629301,0.9877913429522752
LoRA Land,glue_mrpc,3.532529693628807,28.594405668644814,0.99457111834962
LoRA Land,glue_mrpc,3.6000495968738897,20.984187260110048,0.996309963099631
LoRA Land,glue_mrpc,3.8863071674228906,20.89232917790779,0.9933707292197859
LoRA Land,glue_mrpc,4.287123053725011,6.82693469057807,0.9980069755854509
LoRA Land,glue_mrpc,4.18321307634846,4.059202861517716,0.9937137330754352
LoRA Land,glue_mrpc,4.2125774064718735,7.498876482987721,0.9952830188679245
LoRA Land,glue_mrpc,4.560762863530563,4.649630771518583,1.0037037037037038
LoRA Land,glue_mrpc,4.922218760673135,1.9383225901933185,0.9995491433724075
LoRA Land,glue_mrpc,4.926142460409535,5.135270713385489,1.0008822232024703
LoRA Land,glue_mrpc,5.585987279840153,4.036282208287147,0.9944229944229944
LoRA Land,glue_mrpc,5.4586501650192405,6.474233330361652,0.992056856187291
LoRA Land,glue_mrpc,5.416950493731102,3.2060083360768594,0.9910093992644053
LoRA Land,glue_mrpc,5.832105166880846,3.8696984248225323,1.007202881152461
LoRA Land,glue_mrpc,6.471347972235154,1.789197058522521,1.001170503316426
LoRA Land,glue_mrpc,7.687364705632685,2.4387117499830784,1.006931074316519
LoRA Land,glue_mrpc,8.644565768348198,6.41811954770978,1.0090805902383655
LoRA Land,glue_mrpc,10.280153621885516,1.4922983669894587,1.0011082379017362
LoRA Land,glue_mrpc,11.03181597370046,0.48521926126665793,1.0079307858687816
LoRA Land,glue_mrpc,12.370042309780578,0.5773075963919155,1.0014109347442681
LoRA Land,glue_mrpc,13.844138690759143,1.1756150612690346,1.005588543485854
LoRA Land,glue_mrpc,14.094139723104531,0.9533999580712098,0.9972668261018107
LoRA Land,glue_mrpc,14.38423096694008,0.6512197971269308,0.9942933870426317
LoRA Land,glue_mrpc,14.8254856599114,1.5810565732779274,1.0046235138705417
LoRA Land,glue_mrpc,14.391466592266543,1.1336237364801853,1.0016249593760156
LoRA Land,glue_mrpc,16.74392720849053,1.701247816662885,0.9996801023672425
LoRA Land,glue_mrpc,14.338662992535777,1.8208948938197413,1.0056426332288402
LoRA Land,glue_mrpc,14.571206916487286,1.8533250398528565,1.003708281829419
LoRA Land,glue_mrpc,26.471598771701423,1.0066443663335072,1.0
LoRA Land,glue_qnli,4.656020292989652,5.949362359182055,0.9863813229571985
LoRA Land,glue_qnli,3.2598414790391606,11.131093730830889,0.9928571428571429
LoRA Land,glue_qnli,3.2153957512044506,11.710303105737903,1.0132013201320131
LoRA Land,glue_qnli,2.781818372531681,10.466956933791474,1.0075301204819278
LoRA Land,glue_qnli,1.885343368123233,3.4709407113536606,0.9872537659327926
LoRA Land,glue_qnli,1.8986046278308621,2.3114394956103737,1.001100110011001
LoRA Land,glue_qnli,1.9269552261949598,3.39722445492334,1.0104712041884816
LoRA Land,glue_qnli,1.9981394960562042,2.3371186786072937,0.9836660617059891
LoRA Land,glue_qnli,2.057498572307749,2.6604292828441736,0.9819897084048027
LoRA Land,glue_qnli,2.141300238883037,2.6230930943765336,0.9804878048780488
LoRA Land,glue_qnli,1.7970558677359745,0.8204937740888807,1.0123647604327666
LoRA Land,glue_qnli,1.9059840320676362,0.3446804059780014,0.9827586206896551
LoRA Land,glue_qnli,1.980185106356175,0.5398098610280685,0.9855172413793103
LoRA Land,glue_qnli,2.040587107652375,0.3858900918176062,0.9979865771812081
LoRA Land,glue_qnli,2.0870319541531113,0.2844294955982692,1.005859375
LoRA Land,glue_qnli,2.1643404048622648,0.3579265226438046,1.0075566750629723
LoRA Land,glue_qnli,2.2535708443636393,0.4838997727297909,1.0165542611894542
LoRA Land,glue_qnli,2.3653233092176245,0.5736695393092273,0.9886702444841979
LoRA Land,glue_qnli,2.238747650085961,0.3160648210001431,1.0029222676797194
LoRA Land,glue_qnli,2.3521799350750423,0.4290372434405065,0.9977464788732394
LoRA Land,glue_qnli,2.3537146490028267,0.36478614305044627,0.9961811238406983
LoRA Land,glue_qnli,2.4596942502715415,0.5409564031935766,0.9915656299420137
LoRA Land,glue_qnli,2.5089224569847834,0.5726698972950389,1.01067615658363
LoRA Land,glue_qnli,2.5537342468432565,0.8498893221670412,1.0088626292466765
LoRA Land,glue_qnli,2.605169719192298,0.6574984729988486,1.0086165629487793
LoRA Land,glue_qnli,2.7761047863735286,1.1366543433355956,0.9882739212007504
LoRA Land,glue_qnli,2.8695992677824216,0.5795997907707892,0.992653810835629
LoRA Land,glue_qnli,2.947343388359633,0.28864258297443396,1.008028545941124
LoRA Land,glue_qnli,3.1002928663305047,2.4393227812253855,1.007846556233653
LoRA Land,glue_qnli,3.314854006006416,3.069110454224702,1.0063775510204083
LoRA Land,glue_qnli,3.548597461897225,2.424932248979873,1.008768267223382
LoRA Land,glue_qnli,3.7392527002150255,1.3368000336462365,1.002440016266775
LoRA Land,glue_qnli,3.960930419227616,1.701057179770333,0.9964328180737217
LoRA Land,glue_qnli,4.331926896258166,1.3265946354358826,1.0073444143795902
LoRA Land,glue_qnli,4.718876752948247,2.159479938928245,1.0015122873345936
LoRA Land,glue_qnli,4.587149588712372,0.9842682634518162,1.0037202380952381
LoRA Land,glue_qnli,4.812527211774233,1.4746595943190925,1.0036536353671903
LoRA Land,glue_qnli,4.985057539915803,1.069584772762399,1.0014311270125225
LoRA Land,glue_qnli,5.8295249534426485,1.914138635005945,0.9940538649877579
LoRA Land,glue_qnli,5.557014117592336,1.1902777775995428,1.0048143053645118
LoRA Land,glue_qnli,6.138855776648605,0.7597966529537251,1.002708192281652
LoRA Land,glue_qnli,7.026017669421021,0.6002612902486293,1.0006660006660006
LoRA Land,glue_qnli,7.621781012814502,0.9361252327175182,1.0016431153466974
LoRA Land,glue_qnli,7.3752185344293215,1.0154783824158709,1.0045543266102797
LoRA Land,glue_qnli,9.372217868463272,0.7320223400958866,0.9958611907035976
LoRA Land,glue_qnli,9.097383683067694,1.1955272750581833,1.0018738288569644
LoRA Land,glue_qnli,14.91894278066898,0.8634753157412031,1.0018507094386182
LoRA Land,glue_qnli,23.48768420947856,1.1003463797872042,1.0027447392497713
LoRA Land,glue_qqp,1.6112625794074351,1.781561687827188,0.9941348973607038
LoRA Land,glue_qqp,1.566542959693699,1.7259794822962182,0.9826435246995995
LoRA Land,glue_qqp,1.4733587547893212,1.0476525680680686,0.9801734820322181
LoRA Land,glue_qqp,1.5416402225798276,0.6090890841919301,0.9849187935034803
LoRA Land,glue_qqp,1.8182770295454913,1.1363359305908034,1.0051921079958464
LoRA Land,glue_qqp,1.8191867462190827,1.0708034657691432,0.9990262901655307
LoRA Land,glue_qqp,1.8304895096612153,1.3250220978277778,1.0102516309412861
LoRA Land,glue_qqp,1.8740398652323613,0.8320175036458506,1.0123784261715296
LoRA Land,glue_qqp,1.9220584930889792,0.9654583588906823,1.0142977291841884
LoRA Land,glue_qqp,2.017017925104223,1.3724238445663834,1.0185334407735698
LoRA Land,glue_qqp,2.08778965890563,0.7481805474137756,1.0130568356374807
LoRA Land,glue_qqp,2.1934873104228894,1.4651135322137876,0.9828614008941878
LoRA Land,glue_qqp,2.28982594400903,1.293431899543723,0.9857142857142858
LoRA Land,glue_qqp,2.403278646714803,1.2183729242922428,0.9863107460643394
LoRA Land,glue_qqp,2.5254111306369564,0.7193375749375814,0.9829172141918529
LoRA Land,glue_qqp,2.5526853357386923,0.618167903388773,0.9948783610755442
LoRA Land,glue_qqp,2.545590652762133,0.9452818017561003,0.9950617283950617
LoRA Land,glue_qqp,2.797081594199196,0.589102287109298,0.9988059701492538
LoRA Land,glue_qqp,2.8961915212788085,1.0914232525688654,1.00932944606414
LoRA Land,glue_qqp,3.064754352230959,1.037987047211413,0.984641638225256
LoRA Land,glue_qqp,3.3763073605408094,1.2442514876798465,0.991671293725708
LoRA Land,glue_qqp,3.6615447078863697,1.7946933192795853,0.9983731019522777
LoRA Land,glue_qqp,3.912986232836739,0.893147630799188,1.0031796502384738
LoRA Land,glue_qqp,4.187828770834387,1.426895921982713,0.9885117493472585
LoRA Land,glue_qqp,4.357515652275098,0.9524142877159926,0.9933909506863243
LoRA Land,glue_qqp,4.695927919967391,0.5863029811916265,0.9920752847944527
LoRA Land,glue_qqp,4.768732135223142,1.328040796136429,1.0009699321047527
LoRA Land,glue_qqp,5.0661035664820595,4.408816226634359,1.0009433962264151
LoRA Land,glue_qqp,5.341334337872504,4.2708512745834035,1.0064995357474467
LoRA Land,glue_qqp,5.994872512702802,2.8592219430496644,0.9995491433724075
LoRA Land,glue_qqp,6.088725487711969,0.7481431483679681,1.0048651039363115
LoRA Land,glue_qqp,6.806995125229179,2.3916484420509354,1.0021561017680034
LoRA Land,glue_qqp,6.357820368178983,1.469090388760031,1.0033741037536905
LoRA Land,glue_qqp,7.047443263942286,3.726334810896794,0.9971252566735113
LoRA Land,glue_qqp,8.036404693025643,1.2142902190134481,0.9935820296831127
LoRA Land,glue_qqp,8.18478704186629,1.4262072689939764,0.9948738170347003
LoRA Land,glue_qqp,10.580298222195584,0.937431514018819,1.0069071373752878
LoRA Land,glue_qqp,11.999211894735687,1.076492858935336,1.0056497175141244
LoRA Land,glue_qqp,14.663088245583866,0.7637844828289968,1.0066716085989622
LoRA Land,glue_qqp,17.71925483815035,0.6694102910560144,1.0076698319941564
LoRA Land,glue_qqp,20.357690238863064,0.43127539105054297,1.0053821313240043
LoRA Land,glue_qqp,25.20736865193088,0.7936223166882307,0.9943222143364088
LoRA Land,glue_qqp,30.90215521709528,1.9658144389473056,0.9933659217877095
LoRA Land,glue_qqp,34.566788984086976,1.4257621116459949,1.0010266940451746
LoRA Land,glue_qqp,43.66452387225525,2.717688937997525,1.0020256583389602
LoRA Land,glue_qqp,46.11681091777908,0.2470926240149273,0.9950380416804498
LoRA Land,glue_qqp,61.78871155079139,0.2871035114306932,0.9964504678928686
LoRA Land,glue_qqp,78.2036616464572,0.7370495702915708,1.004438807863031
LoRA Land,glue_qqp,107.64185389899501,1.3739016169560758,0.9978227060653189
LoRA Land,glue_qqp,114.71998017053618,3.441767881348911,1.0018281535648994
LoRA Land,glue_sst2,6.749889436903535,26.990700841695446,0.9821428571428571
LoRA Land,glue_sst2,7.65910858497923,25.66661322339682,0.9895988112927192
LoRA Land,glue_sst2,1.7093996986302922,3.9992203561726067,0.9945504087193461
LoRA Land,glue_sst2,1.849881160231205,2.4625139495898503,1.002534854245881
LoRA Land,glue_sst2,1.9783495858339504,4.446484730587196,0.9848484848484849
LoRA Land,glue_sst2,2.01305739247056,3.991086803327878,0.9887295081967213
LoRA Land,glue_sst2,1.9839907576282427,3.388933884053928,1.0127952755905512
LoRA Land,glue_sst2,2.2236012205449027,3.341692807665948,1.0121381886087768
LoRA Land,glue_sst2,2.3966896671004303,2.5999851226300543,1.0088105726872247
LoRA Land,glue_sst2,2.343863401543043,1.6048074232528404,1.016006739679865
LoRA Land,glue_sst2,2.2679495233087588,1.9351771141447547,1.0079936051159073
LoRA Land,glue_sst2,2.228738836925944,0.8830890083207568,1.003041825095057
LoRA Land,glue_sst2,2.3066982468747335,0.7042018909192365,1.002906976744186
LoRA Land,glue_sst2,2.28258019922794,0.8767203173267876,1.004891684136967
LoRA Land,glue_sst2,2.410741336572401,1.1404333732683767,1.0108108108108107
LoRA Land,glue_sst2,2.403681220864393,1.02044983015878,1.0163826998689385
LoRA Land,glue_sst2,2.4360111280425665,1.5937088781365085,1.0062893081761006
LoRA Land,glue_sst2,2.2601229837285777,1.2752096907004555,1.0006045949214026
LoRA Land,glue_sst2,2.2468057198823317,1.7341123794398523,1.005871990604815
LoRA Land,glue_sst2,2.274588549687785,1.0896584932290287,1.009116809116809
LoRA Land,glue_sst2,2.325512069295215,1.3149265789642324,1.0138580931263859
LoRA Land,glue_sst2,2.4484738320939465,1.3446561549276794,0.9854525862068966
LoRA Land,glue_sst2,2.543807724107474,0.824666918725756,1.0114583333333333
LoRA Land,glue_sst2,2.685997205507751,1.3536450562480797,0.9862874555611986
LoRA Land,glue_sst2,2.8028866561157817,1.3244119782450934,0.9940268790443006
LoRA Land,glue_sst2,2.9425735968003095,0.7647278569976204,0.9985443959243085
LoRA Land,glue_sst2,3.1453282516034378,0.8068678693619555,0.9985761746559089
LoRA Land,glue_sst2,3.283409423378564,0.9986503681489259,1.0
LoRA Land,glue_sst2,3.5028873951106845,2.1903051855965043,0.9986449864498645
LoRA Land,glue_sst2,3.776850148858666,0.6024363937252996,0.9960387323943662
LoRA Land,glue_sst2,4.044167493776661,2.1965184855733635,1.0012958963282936
LoRA Land,glue_sst2,4.223965808343315,3.911207939114201,0.9912170639899623
LoRA Land,glue_sst2,4.400371191689863,3.082196542786763,0.9962932454695222
LoRA Land,glue_sst2,4.504695174273303,0.7665062344636147,0.9939662107803701
LoRA Land,glue_sst2,4.583914207968368,0.4248889616324822,0.997624703087886
LoRA Land,glue_sst2,4.8776508228469035,1.2728761111103577,1.0070643642072215
LoRA Land,glue_sst2,5.094388206656504,2.5280624968335856,0.9988553987027852
LoRA Land,glue_sst2,5.300323758620724,0.5835984169887186,0.9955156950672646
LoRA Land,glue_sst2,5.332660220972903,0.13033231422815678,1.006934306569343
LoRA Land,glue_sst2,5.73731600375027,0.5405283485859205,1.0014311270125225
LoRA Land,glue_sst2,6.40329976313835,2.646332809488008,0.9971929824561403
LoRA Land,glue_sst2,7.7067290569766564,5.189049180595933,1.0003467406380029
LoRA Land,glue_sst2,8.351707612158888,5.0705087643433755,0.9993174061433447
LoRA Land,glue_sst2,6.9509307345211875,0.8839774097071037,1.0046760187040749
LoRA Land,glue_sst2,8.55566511496019,1.3644474472088441,0.9933949801849405
LoRA Land,glue_sst2,10.330352751386382,0.9904873756336395,0.9934810951760105
LoRA Land,glue_sst2,10.000143784770113,2.3333264965872202,0.9996804090763822
LoRA Land,glue_sst2,12.635688564824262,1.6747253949383663,0.9949748743718593
LoRA Land,glue_sst2,15.304327880203388,1.1767220662738485,1.0
LoRA Land,glue_sst2,21.57726380834689,1.4876644038506424,1.0
LoRA Land,gsm8k,1.8601699026099523,1.1448314849692693,0.9838709677419355
LoRA Land,gsm8k,1.8577661736419244,4.869132877903796,0.9818481848184818
LoRA Land,gsm8k,1.9891971933095767,5.034133028010169,1.0107361963190185
LoRA Land,gsm8k,1.967595228141547,4.8870392474461495,1.0185449358059915
LoRA Land,gsm8k,2.2387999056729786,5.462725681258044,0.9813857290589452
LoRA Land,gsm8k,2.136143078222141,4.652960851284268,0.9822309970384995
LoRA Land,gsm8k,2.153416144094053,5.027105426134162,0.9813994685562445
LoRA Land,gsm8k,1.8007162278761584,3.8487816032702282,1.0169230769230768
LoRA Land,gsm8k,1.78365523359356,4.107156599754585,1.0162361623616236
LoRA Land,gsm8k,1.8373992769687553,4.670257789805134,1.0176928520877566
LoRA Land,gsm8k,1.8139042813243913,5.4400196796928695,1.0170648464163823
LoRA Land,gsm8k,1.7453319609311644,5.095671988170553,1.0124753775443205
LoRA Land,gsm8k,1.764551291191744,5.1317501216099615,1.0139416983523448
LoRA Land,gsm8k,1.849856650159656,5.014001027244701,0.987045033929673
LoRA Land,gsm8k,1.7986028771150626,4.396904839018426,0.9927884615384616
LoRA Land,gsm8k,1.7318531596305722,3.9324817764607376,0.9895470383275261
LoRA Land,gsm8k,1.7671607915714485,3.9230251201293505,0.986562150055991
LoRA Land,gsm8k,1.649891299030828,3.7371554316921536,1.0086486486486486
LoRA Land,gsm8k,1.6486452804649088,3.5210167760552826,1.0020898641588296
LoRA Land,gsm8k,1.6506016571366653,3.0825548694745137,1.0097236438075743
LoRA Land,gsm8k,1.6015055159053218,2.450191822769755,1.0125
LoRA Land,gsm8k,1.691251412307678,2.7287186157273107,0.9868421052631579
LoRA Land,gsm8k,1.6830796876674596,2.554787431775034,0.991432651118515
LoRA Land,gsm8k,1.5599093969810676,1.8988391788863928,1.0101757631822386
LoRA Land,gsm8k,1.5650355640364157,1.5456627789947308,1.0058400718778078
LoRA Land,gsm8k,1.665360458980014,1.7006754183265471,0.9880847308031774
LoRA Land,gsm8k,1.5044672904556136,1.6377981541516382,1.0107296137339057
LoRA Land,gsm8k,1.6109696051138405,1.7393793751210807,0.9936708860759493
LoRA Land,gsm8k,1.584373518497367,1.4799840758266916,0.9938067712634187
LoRA Land,gsm8k,1.586888072654983,1.390270982502118,0.9951495553759094
LoRA Land,gsm8k,1.6082458161033508,1.2853787456572345,0.991715976331361
LoRA Land,gsm8k,1.5377574093147894,1.0456391191185257,1.0026933435936898
LoRA Land,gsm8k,1.588077652798632,1.031650772087852,0.9958693203154337
LoRA Land,gsm8k,1.6018055329303542,0.8579547589411146,1.005133846718005
LoRA Land,gsm8k,1.6648285906442837,0.7196610131323542,1.005048683736026
LoRA Land,gsm8k,1.7317162140587237,0.7329117494812925,1.0017699115044247
LoRA Land,gsm8k,1.8059167980764883,0.6134302614559617,1.0027923211169285
LoRA Land,gsm8k,1.7418043151933884,0.6522570495949663,0.9996571820363387
LoRA Land,gsm8k,1.8546331563027996,0.6147278612770063,1.0006763611768685
LoRA Land,gsm8k,2.0558634720184146,0.7736641192789561,0.9976713240186295
LoRA Land,gsm8k,2.2121860067718564,0.6309440574906977,1.005868927290512
LoRA Land,gsm8k,2.4681448878811727,0.5977979482778603,1.0057933698101063
LoRA Land,gsm8k,2.4721620441530123,0.6048632823587857,1.005719733079123
LoRA Land,gsm8k,2.906354832261793,0.9184122927545443,1.0047021943573669
LoRA Land,gsm8k,3.0682982869675106,0.9284918049405919,1.0055727554179568
LoRA Land,gsm8k,3.3645207573951414,0.920298449891314,1.0
LoRA Land,hellaswag,8.440763248200813,5.3534916592450115,1.0056818181818181
LoRA Land,hellaswag,3.8728980888704996,31.31150851526826,1.004950495049505
LoRA Land,hellaswag,3.9816069689771485,35.25271687812145,1.0043859649122806
LoRA Land,hellaswag,2.5434460144726994,11.652480741209695,0.9862204724409449
LoRA Land,hellaswag,2.7078012805671228,15.254178700317759,0.9876325088339223
LoRA Land,hellaswag,2.4466660643708824,10.683845175141778,0.9887820512820513
LoRA Land,hellaswag,2.2814726380573216,13.99043324004365,0.9940828402366864
LoRA Land,hellaswag,2.281645156639041,15.602430844364164,1.0027359781121752
LoRA Land,hellaswag,1.9772392712418345,12.153689903672014,1.0025445292620865
LoRA Land,hellaswag,1.987232339453883,17.342347367658284,1.0131264916467781
LoRA Land,hellaswag,1.6471385496230395,3.5272899590577227,1.0123180291153415
LoRA Land,hellaswag,1.5504087939381321,2.8509446742377587,1.0148148148148148
LoRA Land,hellaswag,1.6976287468369906,3.1202009514695686,0.9836065573770492
LoRA Land,hellaswag,1.7704859351678413,2.497220038333629,0.9981532779316713
LoRA Land,hellaswag,1.7830037380149748,2.8141952454428694,1.0115146147032772
LoRA Land,hellaswag,1.8306750522284132,2.7940284351310285,1.0160880609652836
LoRA Land,hellaswag,1.8440948539462587,3.071997625847624,1.0178426601784265
LoRA Land,hellaswag,1.9110145484309715,2.806469773169825,1.0146491904394757
LoRA Land,hellaswag,1.7812429060302601,2.434919330825934,1.0140532544378698
LoRA Land,hellaswag,1.660253708095117,1.8935826040648356,1.0113475177304965
LoRA Land,hellaswag,1.6832156389892783,2.3200350240345475,1.0150788211103496
LoRA Land,hellaswag,1.7315639405759302,1.482313647229366,1.0125
LoRA Land,hellaswag,1.6916333225768831,2.265531005282091,1.01402166985341
LoRA Land,hellaswag,1.7862009689590093,2.632820660785281,0.9833127317676144
LoRA Land,hellaswag,1.7407806675794024,2.109688268847739,1.011296076099881
LoRA Land,hellaswag,1.8416857094947483,1.979118818020826,0.9860869565217392
LoRA Land,hellaswag,1.9276109402832475,2.3026549493976503,0.9898876404494382
LoRA Land,hellaswag,1.9785808858611607,2.076769689030778,1.0135574837310195
LoRA Land,hellaswag,2.0463833012328627,1.6423551529595641,1.0052410901467506
LoRA Land,hellaswag,2.1675796998533334,1.931972816758222,1.0097236438075743
LoRA Land,hellaswag,2.2368871027855617,1.0656676756647327,1.0049776007964162
LoRA Land,hellaswag,2.4008796876972287,1.1517933634964779,1.010736944851147
LoRA Land,hellaswag,2.527729259353773,0.9625850702068852,1.0061611374407582
LoRA Land,hellaswag,2.6557631561348605,2.319594714717644,1.0116279069767442
LoRA Land,hellaswag,2.8423338400854337,1.9384187507350268,0.9917920656634747
LoRA Land,hellaswag,2.9585625162907694,1.2036369995413478,0.9986547085201793
LoRA Land,hellaswag,3.0772866935153607,2.559999831794522,0.9934612031386225
LoRA Land,hellaswag,3.294056627079059,1.2518796915032624,1.0080576759966073
LoRA Land,hellaswag,3.254626824358038,0.8899464290371378,1.0091400083090984
LoRA Land,hellaswag,3.549024357067461,0.7929555080150693,1.008957654723127
LoRA Land,hellaswag,3.8563122696620633,0.7919824972825329,0.9915966386554622
LoRA Land,hellaswag,4.310104399815202,0.9143699518354991,0.9917485265225933
LoRA Land,hellaswag,4.209495656266727,1.364316433108204,1.003832886163281
LoRA Land,hellaswag,4.639635151942602,1.8619630807661642,0.9965753424657534
LoRA Land,hellaswag,4.507906277448174,0.3619618277018357,1.0059237319511292
LoRA Land,hellaswag,4.538605483998037,0.6677175684602472,1.0069166363305424
LoRA Land,hellaswag,4.7386592091433934,0.6565802410800725,1.0057163272597356
LoRA Land,hellaswag,4.510573041012616,0.6652081968531043,1.0056239015817223
LoRA Land,hellaswag,4.381548595780796,0.6445253053771492,0.9972583961617546
LoRA Land,hellaswag,4.295946813359895,0.9304975236298736,1.0013536379018613
LoRA Land,hellaswag,4.607311617281015,1.7252102321759692,1.0023348899266178
LoRA Land,hellaswag,5.601913112329531,1.4911563463972757,0.999344262295082
LoRA Land,hellaswag,5.799956161471654,1.6463407607916167,1.0025641025641026
LoRA Land,hellaswag,7.189522881458402,1.6652088654191812,1.0015807777426493
LoRA Land,hellaswag,8.182013409124803,0.8720216244209295,0.9978227060653189
LoRA Land,hellaswag,6.434598935225412,0.5273709788752692,1.0036630036630036
LoRA Land,viggo,1.8769652739509852,4.25464651993207,0.9971949509116409
LoRA Land,viggo,1.876176529651094,5.0800609878081024,1.0013020833333333
LoRA Land,viggo,1.8492143905650924,4.941580103535323,0.9939467312348669
LoRA Land,viggo,1.7671538762996477,4.116730573861047,1.0045871559633028
LoRA Land,viggo,1.8219539094927064,4.048844746944267,1.0173160173160174
LoRA Land,viggo,1.8358641306302526,3.853636773146253,1.0163934426229508
LoRA Land,viggo,1.7606260442478148,3.850651449808523,1.0126091173617846
LoRA Land,viggo,1.7675905467438284,4.125797650053525,1.0175438596491229
LoRA Land,viggo,1.6964744582927038,4.472077502948597,1.0140969162995594
LoRA Land,viggo,1.7121006695277856,4.21818376809838,1.0134453781512605
LoRA Land,viggo,1.7007114028657935,4.169120163577342,1.01285140562249
LoRA Land,viggo,1.7632889160955427,4.356370423223657,0.9859265050820953
LoRA Land,viggo,1.6263884560761857,4.028451908106217,0.9842223891810669
LoRA Land,viggo,1.6045803851110017,3.6313124823962775,0.9848484848484849
LoRA Land,viggo,1.6075827957484206,2.9341033234693414,0.9813019390581718
LoRA Land,viggo,1.64542809646347,3.1346078151541943,0.9820598006644519
LoRA Land,viggo,1.5178465582754268,2.6758624098962933,1.0159642401021711
LoRA Land,viggo,1.5829771713803444,2.850162786180206,0.9906600249066002
LoRA Land,viggo,1.588954267226129,2.645687575627593,0.9927623642943305
LoRA Land,viggo,1.6333701579984194,2.4649567995236423,0.9878260869565217
LoRA Land,viggo,1.643335053777978,2.246801031404543,0.996600566572238
LoRA Land,viggo,1.6610903354505107,2.2184305918235987,1.0
LoRA Land,viggo,1.7170205083183026,1.8528630311119747,0.9952305246422893
LoRA Land,viggo,1.7443729703539224,1.9565087787074167,0.9938208032955715
LoRA Land,viggo,1.8317292325763053,1.9623785478477118,0.997
LoRA Land,viggo,1.817379721878409,1.715369804696834,0.9941860465116279
LoRA Land,viggo,1.8913182091835465,1.8607903146554452,1.002851711026616
LoRA Land,viggo,1.906492269712933,1.6780677769040069,1.0
LoRA Land,viggo,1.9134059905923781,1.456789808931848,1.010928961748634
LoRA Land,viggo,1.9687725519496673,1.4131564737587219,1.002647837599294
LoRA Land,viggo,1.9431098059297276,1.2686433404455062,1.0065047701647876
LoRA Land,viggo,1.9137321381786772,1.237222001390022,1.0037974683544304
LoRA Land,viggo,1.9607503537864008,1.4037930463664476,0.9987674609695973
LoRA Land,viggo,2.006171650314826,1.1416828684661648,0.9915932746196957
LoRA Land,viggo,1.9441438003578677,1.2147000624462376,1.0
LoRA Land,viggo,1.9634011838717793,1.0513971748541273,0.9988363072148952
LoRA Land,viggo,1.9768686529335104,0.9407778508981348,1.0022918258212377
LoRA Land,viggo,2.0015766706776095,1.0805115248259274,1.001123595505618
LoRA Land,viggo,2.129868693553984,0.9051980020236133,1.0
LoRA Land,viggo,2.4059933543820575,0.7888875364269906,0.998913830557567
LoRA Land,viggo,2.762977093471213,0.7842432479662457,0.9925611052072264
LoRA Land,viggo,2.9808935073842937,1.1082995319283386,1.0034782608695652
LoRA Land,viggo,3.2918397599311655,0.542432764677712,0.9993167065254527
LoRA Land,viggo,3.702240488483958,0.555321528996858,0.9993259184361307
LoRA Land,viggo,4.268310620387417,0.4583760042178911,1.0056142668428005
LoRA Land,viggo,4.7246596756883825,0.6465412233851329,0.9987063389391979
LoRA Land,viggo,5.987037425655361,0.9205854736837525,0.9987228607918263
LoRA Land,viggo,6.221723978190099,0.8493733489107276,0.9987389659520807
LoRA Land,viggo,7.852894041383285,1.097791762035008,0.9978227060653189
LoRA Land,viggo,7.628551472581983,1.4116827608069993,1.0036630036630036
LoRA Land,wikisql,4.2269130192431215,4.924401495234223,0.9844413012729845
LoRA Land,wikisql,4.702788638751436,4.089714325767326,0.9973544973544973
LoRA Land,wikisql,4.9601805928574105,3.606008489196874,0.9975247524752475
LoRA Land,wikisql,5.1922003676395905,3.331539876953586,1.0046674445740957
LoRA Land,wikisql,5.284582069071188,5.920655760204164,1.0077007700770078
LoRA Land,wikisql,5.161446501375038,5.0307562721909695,1.0135699373695197
LoRA Land,wikisql,5.35432509345994,6.204062961409084,1.009930486593843
LoRA Land,wikisql,5.725120193140302,4.716540159997134,1.012206572769953
LoRA Land,wikisql,6.05570722013644,5.178845121949068,1.0170556552962298
LoRA Land,wikisql,6.910416705554461,12.908973163241777,0.9801488833746899
LoRA Land,wikisql,6.076932100525136,20.187314564241333,0.9879903923138511
LoRA Land,wikisql,4.7323588271261405,26.077273431279416,0.9838957055214724
LoRA Land,wikisql,4.634347515765027,16.000850464143436,1.016117216117216
LoRA Land,wikisql,4.660510886380145,15.167326406064271,1.0154929577464789
LoRA Land,wikisql,3.9612582985954585,6.466349030183284,1.0128552097428958
LoRA Land,wikisql,4.08723359835837,6.074454005660398,1.0084470435347628
LoRA Land,wikisql,4.091308970966619,8.418293505378239,1.013853904282116
LoRA Land,wikisql,3.71401832165089,8.275632832796383,1.0134638922888617
LoRA Land,wikisql,3.874554156840875,6.433691870814955,1.0148279952550414
LoRA Land,wikisql,4.197952655685906,6.918965714537268,0.9861671469740634
LoRA Land,wikisql,3.2001746265283053,4.639907396038527,0.9865470852017937
LoRA Land,wikisql,3.2614845254497644,5.812020216776427,0.993431855500821
LoRA Land,wikisql,3.3492938402781176,7.176200406765574,0.9968068121341139
LoRA Land,wikisql,3.5608664255963456,8.912653866838735,1.0046826222684704
LoRA Land,wikisql,3.636223524909443,7.94215089168164,1.001510574018127
LoRA Land,wikisql,3.521969542903592,6.1148304092381505,1.0058968058968059
LoRA Land,wikisql,3.4838509569740106,7.006601598917532,1.0071976967370442
LoRA Land,wikisql,3.475873910532421,8.652156393945951,1.0056100981767182
LoRA Land,wikisql,3.6135073091802963,7.5265028536291725,1.009597806215722
LoRA Land,wikisql,3.690363132259543,3.034715320380852,1.0093499554764025
LoRA Land,wikisql,4.020906209774344,3.0856796225089576,0.9903888160768894
LoRA Land,wikisql,4.194341957619489,4.350765105866905,0.9931565440547476
LoRA Land,wikisql,4.409398665479232,3.33703575757364,0.9920402178466695
LoRA Land,wikisql,4.6388443173380605,5.395257741367916,0.990990990990991
LoRA Land,wikisql,4.203063388377016,7.597966261127095,1.0084100921105326
LoRA Land,wikisql,4.250116827907402,9.919775881230168,1.0035142522452167
LoRA Land,wikisql,4.523052902849426,5.413862899209409,1.0011467889908257
LoRA Land,wikisql,4.679802337240625,10.475323416310609,0.9977561705310396
LoRA Land,wikisql,5.145538388130769,16.311906011928283,0.9956124314442413
LoRA Land,wikisql,3.2836092753469006,4.59254960420263,1.0078599499821366
LoRA Land,wikisql,3.5514046776263952,4.251101943958266,1.0003492839678658
LoRA Land,wikisql,3.554850081857719,2.8927797446108867,1.0003444712366518
LoRA Land,wikisql,4.028989394894356,4.778323383260042,1.001357773251867
LoRA Land,wikisql,4.322528572032913,3.388191963173214,0.9973342219260246
LoRA Land,wikisql,4.579502824624616,1.6387438120148452,1.0055464926590538
LoRA Land,wikisql,5.764910134153822,1.9235741953070884,1.0006404098623118
LoRA Land,wikisql,7.351208354907384,0.6589266791739192,0.9968503937007874
LoRA Land,wikisql,5.107952427017806,1.4300047512063756,1.0065075921908895
LoRA Land,wikisql,3.690149508810399,1.0686140163887272,1.0036630036630036
Lots-of-LoRAs,task0112,1.619244368189573,2.259623611396075,0.9935233160621761
Lots-of-LoRAs,task0112,1.6257541328729166,0.7707708476349319,1.018583042973287
Lots-of-LoRAs,task0112,1.585949974266201,0.46591045980954804,1.0135135135135136
Lots-of-LoRAs,task0112,1.6412034010118386,0.3297045689111327,1.0009328358208955
Lots-of-LoRAs,task0112,1.7256665119182057,0.5111479806753811,1.0085251491901108
Lots-of-LoRAs,task0112,1.839706158685806,0.44712558985134027,1.0198570293884035
Lots-of-LoRAs,task0112,2.0594280352647027,0.6884994914691154,0.9882788402220851
Lots-of-LoRAs,task0112,2.108421049358762,1.8033601478773607,0.9959349593495935
Lots-of-LoRAs,task0112,2.167655438928564,1.7070965403887879,0.9978021978021978
Lots-of-LoRAs,task0112,2.2489891443663828,1.731006017373423,1.002606882168926
Lots-of-LoRAs,task0112,2.1787790886999874,2.831942946741441,1.005464480874317
Lots-of-LoRAs,task0112,2.1739625149467536,1.8740012856413395,0.99812382739212
Lots-of-LoRAs,task0112,2.2300661015201935,1.0493290493919314,1.0063205417607224
Lots-of-LoRAs,task0112,2.34508872997612,1.7812859866248287,1.0165577342047931
Lots-of-LoRAs,task0112,2.406591272519782,0.8494959666029683,1.0183869619724195
Lots-of-LoRAs,task0112,2.503144488304457,2.2303723027090614,0.9895104895104895
Lots-of-LoRAs,task0112,2.5033378503734283,2.310751661755544,0.9921495327102804
Lots-of-LoRAs,task0112,2.4752903533999335,1.363651636406222,1.0
Lots-of-LoRAs,task0112,2.606452242270918,1.938610941182864,1.0
Lots-of-LoRAs,task0112,2.7005370899989836,1.1488884466705092,1.0101763907734056
Lots-of-LoRAs,task0112,2.734220781086658,1.048973093470839,1.0009752925877764
Lots-of-LoRAs,task0112,2.709026854582767,1.4761029651397166,1.008555133079848
Lots-of-LoRAs,task0112,2.7195392277896917,1.6273938244420445,1.0073484384568279
Lots-of-LoRAs,task0112,2.799428998441921,2.107019591175611,0.9921592279855247
Lots-of-LoRAs,task0112,2.915734398780522,0.7671779754345692,1.0002944640753828
Lots-of-LoRAs,task0112,3.023490844668202,2.9463730104219774,0.9985775248933144
Lots-of-LoRAs,task0112,3.0860327854783107,1.604311650638061,1.003616133518776
Lots-of-LoRAs,task0112,3.231067763169885,0.7111542614603379,1.011700680272109
Lots-of-LoRAs,task0112,3.2526491441821115,1.3091592480159755,1.0105932203389831
Lots-of-LoRAs,task0112,3.360718359566832,0.9119936254749437,0.9896265560165975
Lots-of-LoRAs,task0112,3.5165808569343677,0.7870835472308854,0.994410569105691
Lots-of-LoRAs,task0112,3.597416797660132,1.3568635419359705,0.9982569721115537
Lots-of-LoRAs,task0112,3.6929048723801667,1.1869026725714056,1.0048828125
Lots-of-LoRAs,task0112,3.8892641483017925,1.6031877314451382,1.0083812260536398
Lots-of-LoRAs,task0112,4.0146619076481915,1.3460519834619569,1.0053625553742132
Lots-of-LoRAs,task0112,4.105427544169818,1.6450698095868,1.0093842984664683
Lots-of-LoRAs,task0112,4.254366768513227,1.810016726844034,0.9912339851652057
Lots-of-LoRAs,task0112,4.266157638237714,2.893656216631917,0.9973504084786928
Lots-of-LoRAs,task0112,4.374506086956497,2.315304647457185,0.9909696839389379
Lots-of-LoRAs,task0112,4.600631717419244,1.6833699277058423,1.0073237078886796
Lots-of-LoRAs,task0112,4.535636626742803,2.359964953739711,1.0096489427222337
Lots-of-LoRAs,task0112,4.580910965935495,1.1613602372635368,1.0052010402080416
Lots-of-LoRAs,task0112,4.876572893696568,2.4866668884345846,1.0056896213458897
Lots-of-LoRAs,task0112,5.076951584524917,1.0845065158189358,1.0061704589278828
Lots-of-LoRAs,task0112,4.9870615783598256,2.8964395220880697,1.0037785754770452
Lots-of-LoRAs,task0112,5.0963058029641255,1.451594345688788,0.9964951116030253
Lots-of-LoRAs,task0112,5.388984366419764,4.010186290451596,0.9992728594800945
Lots-of-LoRAs,task0112,5.628875227020034,1.8506719962956903,1.0019709729439168
Lots-of-LoRAs,task0112,5.854446234270984,1.2529509390842652,1.003003003003003
Lots-of-LoRAs,task0112,6.286721824645976,0.8914017155541979,1.0055739418219822
Lots-of-LoRAs,task0112,6.478256305698853,0.9255063662110545,1.007032590051458
Lots-of-LoRAs,task0112,6.826804312001247,1.601642407624215,0.9949161159125572
Lots-of-LoRAs,task0112,7.072878654362313,0.9710368571224524,1.006312292358804
Lots-of-LoRAs,task0112,7.455280941237665,0.5458734264221157,0.9931147540983607
Lots-of-LoRAs,task0112,7.977811413193246,1.196607250868124,0.9941747572815534
Lots-of-LoRAs,task0112,8.361688038753773,2.689717056286622,0.9947360025522411
Lots-of-LoRAs,task0112,8.770212345310723,0.3233436194476091,1.0064243183954873
Lots-of-LoRAs,task0112,9.1728673123674,0.548562749358861,1.0016912669126692
Lots-of-LoRAs,task0112,9.697222706207205,1.2370822709440317,1.0012134081601698
Lots-of-LoRAs,task0112,10.379555887643665,0.6448382689070352,0.9976151438366374
Lots-of-LoRAs,task0112,10.723167733780079,0.3529010142907675,0.9954498752385146
Lots-of-LoRAs,task0112,11.45016247106371,1.0997645548836463,0.9950760318609703
Lots-of-LoRAs,task0112,12.188235568585595,0.42933027565826165,1.0044172128811628
Lots-of-LoRAs,task0112,13.61124499228964,0.9110469487441467,1.003517658646405
Lots-of-LoRAs,task0112,14.406439331494315,1.5735675246271348,1.0022216051096917
Lots-of-LoRAs,task0112,15.850155627417088,1.6921970275165652,1.0026059525442326
Lots-of-LoRAs,task0112,17.067821122786732,1.996218671429081,1.0009481240688067
Lots-of-LoRAs,task0112,19.370202356372683,0.7170176588208855,0.9997323340471093
Lots-of-LoRAs,task0112,22.86134230964026,0.7804940050149085,0.9969688982604111
Lots-of-LoRAs,task0112,25.5095964486149,1.0305705335833089,0.9966106113935601
Lots-of-LoRAs,task0112,29.000981808901553,4.124288752519681,1.0050102774922918
Lots-of-LoRAs,task0112,35.69003909826817,1.8441584400886695,1.0045725898640925
Lots-of-LoRAs,task0112,44.88513983813749,1.2782257562284052,0.9992500937382827
Lots-of-LoRAs,task0112,50.04021400364181,1.6458934413910107,1.004679802955665
Lots-of-LoRAs,task0112,65.51893110900392,0.5899354007439522,1.0046341463414634
Lots-of-LoRAs,task0112,80.23118102673749,0.24104650634122507,1.0027707505119865
Lots-of-LoRAs,task0112,89.58683843567628,2.5513017592087963,1.003101145038168
Lots-of-LoRAs,task0112,122.45694221984306,1.041770637964919,0.9998822282416676
Lots-of-LoRAs,task0112,175.60808171100769,0.9957014564509753,0.9998833274997083
Lots-of-LoRAs,task0112,292.76626095596396,0.9971131738319898,1.0042562981709422
Lots-of-LoRAs,task0112,393.47877328814496,0.8679670473206547,1.0004540810534681
Lots-of-LoRAs,task0112,524.5918328168108,1.094096640096125,0.9974212355645252
Lots-of-LoRAs,task0112,491.57908851219105,1.524814952576789,1.0023242944106254
Lots-of-LoRAs,task0112,870.0732397658074,0.8239279179146312,1.0023038946791003
Lots-of-LoRAs,task0149,2.0765036714949754,0.8150285132007445,0.9896694214876033
Lots-of-LoRAs,task0149,2.171912716721255,0.995569157617125,1.0068376068376068
Lots-of-LoRAs,task0149,2.5339307024528774,1.4619202444460562,0.9969992498124531
Lots-of-LoRAs,task0149,2.675745130251197,1.5966927477108388,1.0035161744022503
Lots-of-LoRAs,task0149,2.72082984230325,1.1925593934863121,1.001308044473512
Lots-of-LoRAs,task0149,2.7370038227588642,1.0835909121634697,0.9939098660170523
Lots-of-LoRAs,task0149,2.82263573435334,0.9933676534748094,1.0011494252873563
Lots-of-LoRAs,task0149,3.156899088115945,1.156841961336018,1.0142387732749178
Lots-of-LoRAs,task0149,3.207437863458011,0.8292283282892657,1.0149330587023686
Lots-of-LoRAs,task0149,3.2208871060554274,1.0080587690268963,1.0053140096618358
Lots-of-LoRAs,task0149,3.429590179939707,0.9161573250205733,1.0120593692022264
Lots-of-LoRAs,task0149,3.2845229615038862,1.4664566561561685,1.01965163019205
Lots-of-LoRAs,task0149,3.286788889393517,1.326793101780103,1.0171473109898674
Lots-of-LoRAs,task0149,3.4070283963194266,1.4700156521815948,0.9875141884222475
Lots-of-LoRAs,task0149,3.541659418533108,1.0862299715278418,0.9890909090909091
Lots-of-LoRAs,task0149,3.642922986147884,1.3804188622139215,0.9968298696724198
Lots-of-LoRAs,task0149,3.578033700634774,1.2727590266091953,1.002055498458376
Lots-of-LoRAs,task0149,3.657449942451913,1.0543390159593518,1.0
Lots-of-LoRAs,task0149,3.484828238186546,0.9436759262441509,1.008684464458025
Lots-of-LoRAs,task0149,3.495506499401178,1.1526016053057464,1.0159924741298212
Lots-of-LoRAs,task0149,3.6580440189018817,1.2618168268184842,1.006319590731267
Lots-of-LoRAs,task0149,3.7797658754675547,1.2558876319440542,0.9861397817752875
Lots-of-LoRAs,task0149,3.5574082573900414,0.8331143930020185,1.0136986301369864
Lots-of-LoRAs,task0149,3.6749629340172105,1.465183157879354,0.9877641824249166
Lots-of-LoRAs,task0149,3.785528309446726,0.8367445132818854,0.9905328644847173
Lots-of-LoRAs,task0149,3.976931729800223,0.9095917815745928,0.997881916865237
Lots-of-LoRAs,task0149,4.014346282359368,1.2666577040194222,0.9979370809695719
Lots-of-LoRAs,task0149,4.387838548108217,1.6455287626701436,1.0040424456796362
Lots-of-LoRAs,task0149,4.760285640881073,1.1951188451460062,1.0121618267560188
Lots-of-LoRAs,task0149,4.9348362402368195,0.8077018092785629,0.9902865468674114
Lots-of-LoRAs,task0149,4.91620693914731,0.6738085758827581,1.009474182851729
Lots-of-LoRAs,task0149,5.091282248671464,0.666540666186483,0.989322191272052
Lots-of-LoRAs,task0149,4.929589763116799,0.4794175513254537,0.9997711670480549
Lots-of-LoRAs,task0149,4.509625961913613,0.4363644832673209,1.0024652622142538
Lots-of-LoRAs,task0149,4.740928267906418,0.5680641892580571,1.0043975373790677
Lots-of-LoRAs,task0149,4.907871222429382,0.41717549081459543,1.0049568965517242
Lots-of-LoRAs,task0149,5.3675470642308944,0.3937631900467588,1.0035857414047669
Lots-of-LoRAs,task0149,5.836840706190614,0.5751070668292553,1.0035131225459806
Lots-of-LoRAs,task0149,5.644565220537802,0.5351885682964548,0.9961747533722569
Lots-of-LoRAs,task0149,5.696529805151287,0.8289870337383415,0.9909502262443439
Lots-of-LoRAs,task0149,5.722859755795835,0.48934273178816096,0.9934146813867907
Lots-of-LoRAs,task0149,6.1368412602779445,0.4823276641342734,0.9929631038417649
Lots-of-LoRAs,task0149,6.908735452584662,0.2723743769882192,1.0046442504179824
Lots-of-LoRAs,task0149,7.175012801666279,0.3585566475990838,1.005111354508945
Lots-of-LoRAs,task0149,7.194597867283376,0.8379744297783461,1.0082808280828084
Lots-of-LoRAs,task0149,7.743341127864103,0.38536690189313644,1.0070683866407493
Lots-of-LoRAs,task0149,7.899964943348551,0.3659232461640487,1.0027676872513407
Lots-of-LoRAs,task0149,7.984496103194095,0.6933800834644241,1.0052919085011949
Lots-of-LoRAs,task0149,8.4288465028079,0.9412848815048938,1.0069709543568466
Lots-of-LoRAs,task0149,8.843005292222204,0.9396912611938936,0.9942641756801048
Lots-of-LoRAs,task0149,8.967877066026297,1.1123656745900667,0.9967648010352637
Lots-of-LoRAs,task0149,9.363672625066135,1.193105679669808,0.993020304568528
Lots-of-LoRAs,task0149,9.66272102654743,0.8152734478955596,0.9945175438596491
Lots-of-LoRAs,task0149,10.323150736916695,0.8804231554341856,1.002767953252345
Lots-of-LoRAs,task0149,10.371066399906653,1.0670740334024056,1.0004540638716513
Lots-of-LoRAs,task0149,11.10643073172768,1.0044216432803943,1.0054029716343988
Lots-of-LoRAs,task0149,11.229221011687255,0.9448735443921973,1.0031032954041672
Lots-of-LoRAs,task0149,11.273803390099062,1.5063671944099866,1.0
Lots-of-LoRAs,task0149,11.344952318654377,0.9963926888353903,1.0047619047619047
Lots-of-LoRAs,task0149,11.955422726755783,1.2058308841261656,1.0025589991470003
Lots-of-LoRAs,task0149,12.776615213209706,1.7282790703824136,0.9991597815432013
Lots-of-LoRAs,task0149,14.394959386664894,4.481556236712695,1.0
Lots-of-LoRAs,task0149,15.847104617182067,1.638395538998568,1.00082180523216
Lots-of-LoRAs,task0149,16.23394339873689,1.8708674717829545,0.9959585073420449
Lots-of-LoRAs,task0149,17.056794504152656,0.8259583587715772,0.9971988795518207
Lots-of-LoRAs,task0149,18.19340805360542,0.5655645399520367,1.0042049934296977
Lots-of-LoRAs,task0149,19.73606530361595,0.9328870915886993,0.9998705166386119
Lots-of-LoRAs,task0149,22.013798777822572,1.0221719895522652,0.9960469268043867
Lots-of-LoRAs,task0149,25.15155177267941,1.0399282015983733,0.9968442312547336
Lots-of-LoRAs,task0149,27.867002268298208,0.21896504742587702,0.9972506873281679
Lots-of-LoRAs,task0149,32.746863407394756,1.0466310666935716,0.9976490967582282
Lots-of-LoRAs,task0149,34.93930508999753,0.13368935803284754,0.9976721391815732
Lots-of-LoRAs,task0149,37.19522784360507,1.0302539899169876,0.9969700642346382
Lots-of-LoRAs,task0149,47.48537073613686,0.4706596846259178,0.996642685851319
Lots-of-LoRAs,task0149,70.69090619926853,0.28462380516700425,1.003671245855045
Lots-of-LoRAs,task0149,102.16740146912953,0.19827565224750343,1.0039887376818395
Lots-of-LoRAs,task0149,135.76983550829652,0.4639863993668776,1.000810748204772
Lots-of-LoRAs,task0149,173.62659491588187,0.6023781164967806,0.9960041100582259
Lots-of-LoRAs,task0149,199.3014504081401,1.8596014771142833,0.9963796809593846
Lots-of-LoRAs,task0149,209.29189502181882,1.2774394526404738,1.0020107238605898
Lots-of-LoRAs,task0149,251.84000040877217,0.7689515720621031,1.0036573201817578
Lots-of-LoRAs,task0149,287.9064693625676,0.4277611873586754,1.0036251785125783
Lots-of-LoRAs,task0223,1.8479066544652007,1.2231408657979042,0.9832635983263598
Lots-of-LoRAs,task0223,1.9791236933898417,1.426370872930141,1.001700680272109
Lots-of-LoRAs,task0223,2.0336044025240025,1.7163175254368463,1.0110741971207087
Lots-of-LoRAs,task0223,2.441257788840202,1.8830073704860693,0.9806007509386734
Lots-of-LoRAs,task0223,2.5548366759017203,1.8719027556529695,0.9887573964497042
Lots-of-LoRAs,task0223,2.599567174830424,2.0693260614122555,0.9844703272323905
Lots-of-LoRAs,task0223,2.6259258326682597,2.2263961094295865,0.9900210084033614
Lots-of-LoRAs,task0223,2.6918055666506207,2.882614434541469,0.9935162094763093
Lots-of-LoRAs,task0223,2.619061602451644,2.864000488849139,1.0052757793764988
Lots-of-LoRAs,task0223,2.681036226195307,2.9139417858921157,1.0050182481751824
Lots-of-LoRAs,task0223,2.7146394473616056,2.685041783118092,1.006105538595726
Lots-of-LoRAs,task0223,2.8149309788598726,2.5463088502652083,1.0096314907872697
Lots-of-LoRAs,task0223,3.1105888465925013,3.1188517667190894,0.987109375
Lots-of-LoRAs,task0223,3.0791276425622676,3.0194542621679945,0.9875846501128668
Lots-of-LoRAs,task0223,3.0845402539399958,2.875968112050014,0.9902138455962305
Lots-of-LoRAs,task0223,3.0304589274962916,3.264002529489419,0.9947442186405046
Lots-of-LoRAs,task0223,3.0752112074164346,3.316993701636417,0.9959390862944163
Lots-of-LoRAs,task0223,3.120602999371053,3.1649116005162456,0.9970607446113651
Lots-of-LoRAs,task0223,3.2473412257219842,2.822648298343097,0.998104864181933
Lots-of-LoRAs,task0223,3.4435422416392933,3.097237198883234,0.9945155393053017
Lots-of-LoRAs,task0223,3.45897685447909,3.1273839528348706,1.000891530460624
Lots-of-LoRAs,task0223,3.2694644966767945,3.1305209764896516,0.9991336991048224
Lots-of-LoRAs,task0223,3.314260418726503,2.9147427653030262,0.9991589571068125
Lots-of-LoRAs,task0223,3.441104741396175,3.385435771236118,0.9991827839825661
Lots-of-LoRAs,task0223,3.44755012531062,3.704897251158835,1.0023822128110111
Lots-of-LoRAs,task0223,3.5039138933661413,4.422679916420821,1.0046439628482973
Lots-of-LoRAs,task0223,3.556437134827102,5.29268857006191,1.0090863200403837
Lots-of-LoRAs,task0223,3.7364280374068133,6.6632824216367315,1.0110755599310854
Lots-of-LoRAs,task0223,3.6954405330282225,5.885713092499521,1.0050107372942019
Lots-of-LoRAs,task0223,3.852761719601373,5.768293824797804,1.006290773532153
Lots-of-LoRAs,task0223,3.9457829637522632,5.458624504355347,1.010264598540146
Lots-of-LoRAs,task0223,3.9960621541194272,5.2937717897665255,1.0113636363636365
Lots-of-LoRAs,task0223,4.01754308857772,5.441082948894735,1.0078192875760208
Lots-of-LoRAs,task0223,4.067442063702823,5.166527516145495,1.0050912176495546
Lots-of-LoRAs,task0223,3.6370635733661727,4.867566712716381,1.0043695380774031
Lots-of-LoRAs,task0223,3.4628171844886357,4.144788591013468,1.0048849989822919
Lots-of-LoRAs,task0223,3.548449420949945,4.664489437942205,1.0089964014394242
Lots-of-LoRAs,task0223,3.523404791693299,5.0451685156633905,1.0052724077328647
Lots-of-LoRAs,task0223,3.516819093945071,5.710985318486734,1.0057548436600805
Lots-of-LoRAs,task0223,3.524135380475562,5.697039031844014,1.002817959797107
Lots-of-LoRAs,task0223,3.613862982384789,5.472609705559675,1.0027654867256637
Lots-of-LoRAs,task0223,3.8031050567655624,5.45780493600795,1.004348613879326
Lots-of-LoRAs,task0223,3.8873907017418623,5.566818192060979,1.0015980113636365
Lots-of-LoRAs,task0223,3.2723719854339266,4.256721471932334,1.0031463030938648
Lots-of-LoRAs,task0223,3.1958768238484128,4.4169499289535015,1.003618194348725
Lots-of-LoRAs,task0223,3.222400530348371,4.635120745846606,1.0061214079238225
Lots-of-LoRAs,task0223,3.30006306313732,4.6664883814020115,1.0030045067601403
Lots-of-LoRAs,task0223,3.1755438536150074,4.710634879258552,1.000491722668415
Lots-of-LoRAs,task0223,3.2607375333036748,4.975723079063293,0.9971005154639175
Lots-of-LoRAs,task0223,3.282464355049621,6.7033844981838415,0.9985680190930788
Lots-of-LoRAs,task0223,3.1607276661508337,5.29404646885086,0.9971773561235691
Lots-of-LoRAs,task0223,3.150696678804679,5.624019850230677,0.99721620785648
Lots-of-LoRAs,task0223,3.315197059683573,4.502736152023259,1.0053199574403404
Lots-of-LoRAs,task0223,3.6145810626412556,3.6490127242093395,1.0048033623536476
Lots-of-LoRAs,task0223,3.6547977905329097,4.5042925996078065,1.0047463660634826
Lots-of-LoRAs,task0223,3.6032199924309545,4.229516073630629,1.0011680537304717
Lots-of-LoRAs,task0223,3.531280200288671,3.1072793157072454,0.9989928057553957
Lots-of-LoRAs,task0223,3.773176186963149,4.517917743312799,0.998152359295054
Lots-of-LoRAs,task0223,3.8931707895637837,6.070571031531266,0.9990154711673699
Lots-of-LoRAs,task0223,3.992317845369642,5.745652016943715,0.9965330744695604
Lots-of-LoRAs,task0223,4.140968588360104,4.668064845974961,0.9982147761603954
Lots-of-LoRAs,task0223,4.527173330795255,3.292463831829891,0.9974212812160695
Lots-of-LoRAs,task0223,4.1605521438747175,4.050250201780045,1.0033404596472475
Lots-of-LoRAs,task0223,4.373097850787686,6.883516126447648,1.0029062087186262
Lots-of-LoRAs,task0223,5.013878699935542,4.225526482290046,1.0013051422605064
Lots-of-LoRAs,task0223,5.3807937365787755,2.9399513243966386,1.0001290156108888
Lots-of-LoRAs,task0223,5.51113882960946,3.884362532758923,1.0001276976120546
Lots-of-LoRAs,task0223,6.183557155174303,1.9174791036733452,1.0008851795649976
Lots-of-LoRAs,task0223,6.950668412602862,1.987534295158601,1.0005005631335253
Lots-of-LoRAs,task0223,7.174926041256946,1.0576280830650853,1.0008673026886383
Lots-of-LoRAs,task0223,7.195800271342784,1.3880012901041896,0.9979204892966361
Lots-of-LoRAs,task0223,8.450567502799325,1.5780803906939227,0.9979406420351302
Lots-of-LoRAs,task0223,8.626157113208922,0.8874866476748539,0.9979604079184163
Lots-of-LoRAs,task0223,8.975229433594762,1.0296637890237428,0.9983363042186572
Lots-of-LoRAs,task0223,8.90853619402018,0.5408330207722912,0.9983519717480871
Lots-of-LoRAs,task0223,9.808516057695122,0.5367495432860117,0.9987172011661808
Lots-of-LoRAs,task0223,11.216732036378682,0.7952872641020727,1.0027576697690452
Lots-of-LoRAs,task0223,12.349856254186985,0.8008228433165343,1.0027325515199819
Lots-of-LoRAs,task0223,12.223164259370058,0.7959902197690266,1.0030463725600813
Lots-of-LoRAs,task0223,12.833546346359435,2.137398789577911,0.9993315508021391
Lots-of-LoRAs,task0223,12.659336290359052,1.9866955717507282,0.9993374558303887
Lots-of-LoRAs,task0223,16.165089475938384,0.7667467680105462,0.9996716287215411
Lots-of-LoRAs,task0260,1.2626971332688768,2.228842386140732,0.9965457685664939
Lots-of-LoRAs,task0260,1.2679495481854994,2.280120233966447,0.9897233201581027
Lots-of-LoRAs,task0260,1.273689244160461,2.393135226658984,1.0058823529411764
Lots-of-LoRAs,task0260,1.3119296918197725,2.298046312318034,0.9947460595446584
Lots-of-LoRAs,task0260,1.3019007268320388,2.1559106613457546,1.0016592920353982
Lots-of-LoRAs,task0260,1.3308642091345315,2.271616000332324,0.9938112429087158
Lots-of-LoRAs,task0260,1.3339495892847615,2.0861394605113945,0.9956011730205279
Lots-of-LoRAs,task0260,1.342342053777874,1.8953202085791425,0.9861814831874712
Lots-of-LoRAs,task0260,1.3489179329637888,1.901887409073373,0.997341603898981
Lots-of-LoRAs,task0260,1.3223942971357827,1.6241372994671255,1.0154043645699615
Lots-of-LoRAs,task0260,1.3463266710601705,1.6386424788728848,0.9854651162790697
Lots-of-LoRAs,task0260,1.3679922863280236,1.437629464146251,0.9991971095945403
Lots-of-LoRAs,task0260,1.4011488436913493,1.465837595143003,1.0073815073815073
Lots-of-LoRAs,task0260,1.4426780453236567,1.523311159765049,1.0026022304832714
Lots-of-LoRAs,task0260,1.468909675092457,1.4998087457156646,1.0101083032490974
Lots-of-LoRAs,task0260,1.4970309545641853,1.4814629268642057,0.9807220469681037
Lots-of-LoRAs,task0260,1.5342274538667704,1.3545925920918929,0.9874363327674024
Lots-of-LoRAs,task0260,1.5262452005816685,1.2510149919860833,1.0090235256203675
Lots-of-LoRAs,task0260,1.556728631313218,1.2015587819098201,0.9930225182366
Lots-of-LoRAs,task0260,1.570688315362068,1.124292749256388,0.9950875038378876
Lots-of-LoRAs,task0260,1.5903900441371237,1.1588284292477062,1.0023930601256357
Lots-of-LoRAs,task0260,1.6206820185817532,1.1642884038772843,0.997979797979798
Lots-of-LoRAs,task0260,1.665654401642829,1.1910844861243994,1.0022509848058525
Lots-of-LoRAs,task0260,1.6881943059092936,1.1402712095207768,1.0113103448275862
Lots-of-LoRAs,task0260,1.6979901567862574,1.1091375706435005,1.0093632958801497
Lots-of-LoRAs,task0260,1.7331323124262477,1.039916945043896,1.0044007248252653
Lots-of-LoRAs,task0260,1.7681477200083142,1.0920156948670086,0.99899849774662
Lots-of-LoRAs,task0260,1.7933611240377159,0.9575162510580263,0.9990253411306043
Lots-of-LoRAs,task0260,1.8381788616162593,0.9423029960178625,1.0040660129155705
Lots-of-LoRAs,task0260,1.9024020813232998,0.9380817115807523,1.0089118198874296
Lots-of-LoRAs,task0260,1.9162992127437455,0.9482644473312667,1.012150389729482
Lots-of-LoRAs,task0260,1.9632551376637912,1.0059499287934746,0.9925809352517986
Lots-of-LoRAs,task0260,1.9690027033840103,0.9313386517810366,1.0096153846153846
Lots-of-LoRAs,task0260,1.9927095170924398,0.9320249384261456,1.0029780897681344
Lots-of-LoRAs,task0260,2.061218478467395,1.0891104553297466,1.007948128006693
Lots-of-LoRAs,task0260,2.0587496726179655,0.999783934520856,1.0059328968903436
Lots-of-LoRAs,task0260,2.1047935178716983,0.9550536679698727,1.0076397265782067
Lots-of-LoRAs,task0260,2.170851774485335,0.9651339109166986,1.0015707834282348
Lots-of-LoRAs,task0260,2.161472929161702,0.8397196072719594,1.0021227325357005
Lots-of-LoRAs,task0260,2.175382609922669,0.8318444011890894,0.9986817325800377
Lots-of-LoRAs,task0260,2.1776287529040332,0.7637995911935745,0.9970397779833488
Lots-of-LoRAs,task0260,2.2181588070393463,0.6920725819158244,0.9992707383773929
Lots-of-LoRAs,task0260,2.165944844358178,0.7331731719698362,1.0030548068283918
Lots-of-LoRAs,task0260,2.111051904422326,0.5402184078505274,1.0056687333923826
Lots-of-LoRAs,task0260,2.176470795379917,0.7108672500708596,1.0071615720524016
Lots-of-LoRAs,task0260,2.247460966549062,0.6611518169154913,0.99328165374677
Lots-of-LoRAs,task0260,2.2658726236296785,0.5655727868973098,1.0018549747048904
Lots-of-LoRAs,task0260,2.2793230843064247,0.48802075605598527,1.0038326945509082
Lots-of-LoRAs,task0260,2.359730277325235,0.5583500439673031,0.9959230267449446
Lots-of-LoRAs,task0260,2.41566308274717,0.44990592656734707,0.9974243399871217
Lots-of-LoRAs,task0260,2.4341912001718997,0.4469253615850043,0.9993639688344729
Lots-of-LoRAs,task0260,2.526947637719874,0.6268280452253707,0.9984321103794292
Lots-of-LoRAs,task0260,2.615052468130048,0.5422497853802618,0.999380613192939
Lots-of-LoRAs,task0260,2.717367220196949,0.6341785939653455,0.9998470480269196
Lots-of-LoRAs,task0260,2.6760224620388446,0.597952616509978,0.9975921745673438
Lots-of-LoRAs,task0260,2.754439058526071,0.6626254763903248,0.9980669144981412
Lots-of-LoRAs,task0260,2.84960064607377,0.5950253331842295,0.9972103949493466
Lots-of-LoRAs,task0260,2.9547936564088184,0.472412456658864,1.0036075036075036
Lots-of-LoRAs,task0260,3.0898905754628725,0.5535584474935333,1.002708095781072
Lots-of-LoRAs,task0260,3.241026955790024,0.634434566241197,1.0026775648252537
Lots-of-LoRAs,task0260,3.3663226568246887,0.5324613601694769,0.9988898140438524
Lots-of-LoRAs,task0260,3.531038136403227,0.6105512906049013,0.9980800877674163
Lots-of-LoRAs,task0260,3.7969189982896143,0.6133939604292321,0.9993212055389628
Lots-of-LoRAs,task0260,4.195143231200503,0.5802417997929986,0.9981220657276996
Lots-of-LoRAs,task0260,4.367791287330119,0.665909320338967,1.002373730713438
Lots-of-LoRAs,task0260,4.452999698242216,0.5545315611455655,0.996497145822522
Lots-of-LoRAs,task0260,4.460050341891557,0.6002381066781274,1.0037108125399872
Lots-of-LoRAs,task0260,4.4500805128011836,0.5829156101008387,1.0044365572315883
Lots-of-LoRAs,task0260,4.746109882785436,0.6821257636647458,1.0036363636363637
Lots-of-LoRAs,task0260,4.958482376982003,0.5358709677874204,1.0024801587301588
Lots-of-LoRAs,task0260,4.941235135972369,0.6095213867748187,1.0006128201985538
Lots-of-LoRAs,task0260,5.4093297594712535,0.5428173913715671,1.0002425712553062
Lots-of-LoRAs,task0260,5.844444058176678,0.54536019942233,1.0042194092827004
Lots-of-LoRAs,task0260,6.692728795913868,0.5734136559820067,1.0013096797237766
Lots-of-LoRAs,task0260,7.483481280866394,0.7211485539196757,1.0005892751915144
Lots-of-LoRAs,task0260,8.240300624702934,0.6557612511587826,0.9967434287043498
Lots-of-LoRAs,task0260,9.26818377835504,0.8062356631623315,0.9980571428571429
Lots-of-LoRAs,task0260,10.524623791515062,0.7723860347403303,1.0027060547976097
Lots-of-LoRAs,task0260,13.04527624295914,1.1438006758038894,1.0020100502512563
Lots-of-LoRAs,task0260,15.391720101480331,1.158333955181877,1.0019922523519647
Lots-of-LoRAs,task0260,16.46670207858897,0.7607979465405774,1.0023038946791003
Lots-of-LoRAs,task0297,2.6374355178876314,40.787910394038725,0.9946949602122016
Lots-of-LoRAs,task0297,3.5398223442821823,1.2776399548564077,0.9805481874447391
Lots-of-LoRAs,task0297,3.55410060897552,1.33734382792652,0.984689766317486
Lots-of-LoRAs,task0297,2.7831575468766676,1.434684159592814,0.994748687171793
Lots-of-LoRAs,task0297,2.8516928118052265,1.2520397828947936,1.0077683615819208
Lots-of-LoRAs,task0297,2.914615777939417,1.1530094019357433,1.0071801566579635
Lots-of-LoRAs,task0297,2.9254655731094967,1.4375380294863482,1.0141104294478527
Lots-of-LoRAs,task0297,2.822275583093351,1.4714713305541423,1.0108459869848156
Lots-of-LoRAs,task0297,3.016780104377805,1.6699429421637162,0.9844119036372225
Lots-of-LoRAs,task0297,2.89989891284418,1.6514123192674222,0.9931911030413073
Lots-of-LoRAs,task0297,2.9973935245242216,1.6606547942658902,0.9947916666666666
Lots-of-LoRAs,task0297,3.0483223107692927,1.5930475467050227,1.0
Lots-of-LoRAs,task0297,3.1734969702992877,1.33695359494532,1.008471157724889
Lots-of-LoRAs,task0297,3.282288907493068,1.876522295635107,1.0023068050749713
Lots-of-LoRAs,task0297,3.4311189882588913,1.7385970917578413,1.0133828996282528
Lots-of-LoRAs,task0297,3.5221880854630623,1.774081983689929,1.0074759700961196
Lots-of-LoRAs,task0297,3.4051965812352463,1.8037270426756444,1.001025641025641
Lots-of-LoRAs,task0297,3.513909814864071,1.4221586435140356,0.9931147540983607
Lots-of-LoRAs,task0297,3.527372685331335,1.5741565884632815,1.0009584664536741
Lots-of-LoRAs,task0297,3.510239965963152,1.6032939222815774,1.0027777777777778
Lots-of-LoRAs,task0297,3.684880389127928,1.490384894429115,0.9955423476968797
Lots-of-LoRAs,task0297,4.0986655884574805,1.4697855958035897,1.0
Lots-of-LoRAs,task0297,4.198980939168,1.2406514149265189,1.0084889643463497
Lots-of-LoRAs,task0297,4.237798606301246,1.4636687539769115,1.0132816823464306
Lots-of-LoRAs,task0297,4.587663324924333,1.3861284801419793,1.0096592433592702
Lots-of-LoRAs,task0297,4.388844829129145,1.0828384218137574,1.009397024275646
Lots-of-LoRAs,task0297,4.271254507327172,1.0944792585061138,1.0045638945233266
Lots-of-LoRAs,task0297,4.361867767931893,1.3417710477859632,1.0066947681626581
Lots-of-LoRAs,task0297,4.046635837182069,1.0578852368916811,1.0109409190371992
Lots-of-LoRAs,task0297,4.3467399615717275,1.2558024304140847,1.00781434998816
Lots-of-LoRAs,task0297,4.477727365709951,0.4577218640450805,1.010457820125494
Lots-of-LoRAs,task0297,4.641676872693016,0.6022648172187632,0.9920146018708647
Lots-of-LoRAs,task0297,4.6746574410061426,1.2616345753591451,0.9982074837553215
Lots-of-LoRAs,task0297,4.667219685308116,0.692288112358733,0.9936542669584245
Lots-of-LoRAs,task0297,5.106809248796471,0.6444572929202638,0.9989247311827957
Lots-of-LoRAs,task0297,4.963047294808322,0.8265303564465923,1.0081470649676207
Lots-of-LoRAs,task0297,5.150922611491997,0.7238914544779754,0.9915759194575714
Lots-of-LoRAs,task0297,5.500875888623915,0.730571848376539,0.9911593329314848
Lots-of-LoRAs,task0297,5.754258717655396,0.652389166770753,1.0035301039419493
Lots-of-LoRAs,task0297,5.84841668847622,2.5184684762923486,1.0011525163273147
Lots-of-LoRAs,task0297,6.037475520453042,0.8996258867329329,1.0022701475595914
Lots-of-LoRAs,task0297,6.303394650373041,0.8328375341218454,0.9966715976331361
Lots-of-LoRAs,task0297,6.827481055363401,0.2657609503415868,1.0010968921389396
Lots-of-LoRAs,task0297,6.7433696755181955,0.665551715948574,1.0010775862068966
Lots-of-LoRAs,task0297,6.991004142887526,0.5726082718177538,0.9963034676993487
Lots-of-LoRAs,task0297,7.185300826304758,0.34827573752968993,1.0005207429265752
Lots-of-LoRAs,task0297,7.557698783277231,0.332361161816429,1.0015408320493067
Lots-of-LoRAs,task0297,7.501967539427341,0.46376665671381107,0.9929777629159003
Lots-of-LoRAs,task0297,7.460075030720449,0.554595751430742,0.9945553539019963
Lots-of-LoRAs,task0297,8.462389214323698,0.3993902845835625,0.9960918417195896
Lots-of-LoRAs,task0297,8.826146093078592,1.419998679529728,0.9985532872528532
Lots-of-LoRAs,task0297,8.703269140599337,0.5553567152491558,1.0
Lots-of-LoRAs,task0297,8.772200885326232,0.8314428674728206,1.002350728725905
Lots-of-LoRAs,task0297,9.694298506864587,0.5385185738444789,1.0046432440798638
Lots-of-LoRAs,task0297,10.94891913377162,0.8765830292362098,1.0059623910717015
Lots-of-LoRAs,task0297,11.49534916032528,0.8535212663264817,0.9938075819362634
Lots-of-LoRAs,task0297,11.746927058567895,0.5064859447236583,0.9943292045963289
Lots-of-LoRAs,task0297,11.734730135599161,0.3144776262570176,0.9943961067689131
Lots-of-LoRAs,task0297,11.019039244304475,0.4218488611882813,1.0039130434782608
Lots-of-LoRAs,task0297,10.443294693828948,1.031746578697479,1.0038648726023476
Lots-of-LoRAs,task0297,10.955646251118425,0.5806067946124239,1.0059490084985836
Lots-of-LoRAs,task0297,12.76649020808584,0.224777944787713,0.9975020815986678
Lots-of-LoRAs,task0297,12.540232495873378,0.7842215107458577,1.0012383048981839
Lots-of-LoRAs,task0297,12.48398163451261,0.22683105236990225,1.0020413718018508
Lots-of-LoRAs,task0297,13.349639138838837,0.6988371486716008,0.99798873692679
Lots-of-LoRAs,task0297,13.323804601088217,0.2952712072221043,0.9948487650244353
Lots-of-LoRAs,task0297,14.008892335056991,0.7306543183855688,0.9945148230377432
Lots-of-LoRAs,task0297,13.501176171149854,0.27765263395042183,1.0041247744263986
Lots-of-LoRAs,task0297,14.835787838055406,0.3307285376639157,0.9973114838048905
Lots-of-LoRAs,task0297,14.706292098353607,0.3003730493344441,1.0051761141270041
Lots-of-LoRAs,task0297,17.45420672350455,0.17846481957587457,1.00136815920398
Lots-of-LoRAs,task0297,16.269432394897983,0.951740960661762,1.0020935960591133
Lots-of-LoRAs,task0297,17.307299427433286,1.0169235950942646,1.003170731707317
Lots-of-LoRAs,task0297,17.54552051239725,0.5086686669944238,0.9998797064838205
Lots-of-LoRAs,task0297,15.408883382603982,0.714916045322549,0.9956166331003435
Lots-of-LoRAs,task0297,20.208276630883297,2.6440511285769084,0.9963606480394459
Lots-of-LoRAs,task0297,16.035918420209992,2.9198135443658857,1.0015051522519394
Lots-of-LoRAs,task0297,21.62536195209999,1.9451400866441453,1.002180399357356
Lots-of-LoRAs,task0297,22.190003909106863,1.214621784910506,1.0021605640209235
Lots-of-LoRAs,task0297,27.183732242389596,2.706926892857461,0.9967496077112755
Lots-of-LoRAs,task0297,42.370064670918865,0.1564132408343602,0.998109640831758
Lots-of-LoRAs,task0297,33.76465044337427,0.5312268325037213,1.0
Lots-of-LoRAs,task0334,1.9801712421674798,2.2245574076855354,0.9965986394557823
Lots-of-LoRAs,task0334,2.0045392871515184,2.371621748701628,1.0192878338278932
Lots-of-LoRAs,task0334,2.441204034609158,1.2928782913510832,0.9937777777777778
Lots-of-LoRAs,task0334,2.474023901195843,1.48178331441533,1.0041084634346755
Lots-of-LoRAs,task0334,2.6572069257329805,0.9713948438262202,0.9837251356238698
Lots-of-LoRAs,task0334,2.659825649598523,0.9229291226946621,0.9819587628865979
Lots-of-LoRAs,task0334,2.713700250362189,0.6630406536918128,0.9875879189077369
Lots-of-LoRAs,task0334,2.8379342411023805,0.501921642178037,0.9928429423459244
Lots-of-LoRAs,task0334,3.01528032020221,0.49859078960127595,0.994279176201373
Lots-of-LoRAs,task0334,3.069519986221715,0.6180922253750974,0.9944974321349963
Lots-of-LoRAs,task0334,3.1537407698439344,0.7056452900041722,1.0096739519885345
Lots-of-LoRAs,task0334,3.1532302351657853,0.6350156785388341,1.0103626943005182
Lots-of-LoRAs,task0334,3.359262936189153,0.8009660170270019,1.0150652828925344
Lots-of-LoRAs,task0334,3.492351306977876,0.6984875379481426,0.9885881969351158
Lots-of-LoRAs,task0334,3.4943961574638536,0.664082216572516,0.9870703248186692
Lots-of-LoRAs,task0334,3.7028165341388464,0.5573290656866443,0.9938480467548446
Lots-of-LoRAs,task0334,3.8878608067852247,0.7665806380543331,0.9922434367541766
Lots-of-LoRAs,task0334,3.91939838743731,0.5847912091254569,1.002039627039627
Lots-of-LoRAs,task0334,4.029360697368007,0.5591165084927497,0.997747113489158
Lots-of-LoRAs,task0334,4.144054341837955,0.5471505374291561,0.9945459503681483
Lots-of-LoRAs,task0334,4.308649653682014,0.6246107315532369,1.0042906945561814
Lots-of-LoRAs,task0334,4.174274197913904,0.33353933115016193,1.0049647243271491
Lots-of-LoRAs,task0334,4.26728884513341,0.28113323721907296,0.9949507700075738
Lots-of-LoRAs,task0334,4.371947714378986,0.43808598578541463,0.998020292006929
Lots-of-LoRAs,task0334,4.487069880755659,0.40367160660712526,1.0016986168405726
Lots-of-LoRAs,task0334,4.763995646790393,0.30270700147265445,1.0038086169959533
Lots-of-LoRAs,task0334,5.108947064175234,0.2978339133647204,1.0016248839368616
Lots-of-LoRAs,task0334,5.257319220027279,0.2726245838093249,1.0063810391978123
Lots-of-LoRAs,task0334,5.837795199872371,0.25336864017840804,0.9982308712958867
Lots-of-LoRAs,task0334,5.6639324073127835,0.2714575766483576,0.9950313242600993
Lots-of-LoRAs,task0334,5.94610463338863,0.19536514916039235,0.9907329401853412
Lots-of-LoRAs,task0334,6.4385032661271095,0.1729144121567213,0.995230194939859
Lots-of-LoRAs,task0334,6.6429068758398655,0.1780820846184676,1.00789313904068
Lots-of-LoRAs,task0334,6.996851113980585,0.19027033729611192,0.9918342959569807
Lots-of-LoRAs,task0334,7.23472378908673,0.34796527041606495,1.0081999219055056
Lots-of-LoRAs,task0334,7.968864286286426,0.23606264678366426,1.0080598733448474
Lots-of-LoRAs,task0334,8.390329942218795,0.2912460945362321,0.9922553834529656
Lots-of-LoRAs,task0334,9.339829778180588,0.19430711017691074,1.0072208850212923
Lots-of-LoRAs,task0334,9.943273396381718,0.24639622988318682,1.0081922446750409
Lots-of-LoRAs,task0334,10.651065115386094,0.16826894484361293,1.0053628888094386
Lots-of-LoRAs,task0334,10.938275821017777,0.11729437286228885,1.001577010688628
Lots-of-LoRAs,task0334,11.655733038439475,0.10502634568860339,0.9918445254207878
Lots-of-LoRAs,task0334,11.738897028999176,0.30092296971929106,1.0015277542013241
Lots-of-LoRAs,task0334,12.002660456091887,0.19217554501564105,0.9994995829858215
Lots-of-LoRAs,task0334,12.364468730112472,0.2320590849685899,0.9960707269155207
Lots-of-LoRAs,task0334,12.889011202005353,0.15200695575346107,0.9942019648896763
Lots-of-LoRAs,task0334,14.959245207602443,0.3164702930591836,1.0026826574088685
Lots-of-LoRAs,task0334,15.21907943498168,0.2799430824561001,1.0049937578027466
Lots-of-LoRAs,task0334,15.670160266247203,0.28966179616792237,0.9989290085679314
Lots-of-LoRAs,task0334,17.27867236764943,0.08574000570565353,0.9980395113859146
Lots-of-LoRAs,task0334,17.991042331413308,0.26321199209241497,1.0020908004778972
Lots-of-LoRAs,task0334,20.34546030098792,0.18635388046968215,0.9976553341148886
Lots-of-LoRAs,task0334,21.297526655027838,0.14122313762091251,0.9972527472527473
Lots-of-LoRAs,task0334,24.78606488583274,0.15223688474327246,1.000565211247704
Lots-of-LoRAs,task0334,28.413696483542246,0.20682982819466247,1.003500420050406
Lots-of-LoRAs,task0334,33.12677482249556,0.37797936515502717,1.0030399336741744
Lots-of-LoRAs,task0334,37.37813117172248,0.5234140964159772,1.003826704933716
Lots-of-LoRAs,task0334,41.0283784310792,0.25818364897819973,1.003780718336484
Lots-of-LoRAs,task0334,53.689739462468935,0.29497584624606704,1.0041344358495599
Lots-of-LoRAs,task0334,69.12533043804798,0.39529830708564845,1.0048825547637898
Lots-of-LoRAs,task0334,71.65082475688732,0.41303625744727906,1.002864956374528
Lots-of-LoRAs,task0334,87.2319307421192,0.3955436299159399,1.0039953602268334
Lots-of-LoRAs,task0334,109.58687552210037,0.5811858917388854,1.0054853935450951
Lots-of-LoRAs,task0334,128.2909944485512,1.5608272453271403,0.9945741324921136
Lots-of-LoRAs,task0334,131.71715018256228,1.0555720948318605,0.9950068655598552
Lots-of-LoRAs,task0334,142.53324410015105,0.6459614675329618,0.995428712626637
Lots-of-LoRAs,task0334,148.3428551286008,0.8229502392135423,0.9969415218987032
Lots-of-LoRAs,task0334,147.94721409503356,1.4823600191590982,0.9955238325671425
Lots-of-LoRAs,task0334,175.55409869749693,0.9945707400046906,0.995212447636146
Lots-of-LoRAs,task0334,181.49347752422204,0.5915654081693151,1.0011809163911196
Lots-of-LoRAs,task0334,271.0608591710387,1.8527777549979483,1.0015208235844641
Lots-of-LoRAs,task0334,352.2770354178994,0.9926287771579508,0.9970021907067912
Lots-of-LoRAs,task0334,350.59570826882936,0.8495815185028857,1.0030751708428245
Lots-of-LoRAs,task0334,467.3125837406711,1.408112110458117,0.9970564926978377
Lots-of-LoRAs,task0334,518.6797775071284,1.01089145104239,1.0033557046979866
Lots-of-LoRAs,task0334,855.6896007776242,173.81293191947378,0.9993374558303887
Lots-of-LoRAs,task0334,825.4575866354201,1.0830646035586535,1.0026347568339005
Lots-of-LoRAs,task0371,2.2459234699144157,2.888056087584109,0.9904580152671756
Lots-of-LoRAs,task0371,2.2673946578692634,2.5503861175303086,1.0017590149516271
Lots-of-LoRAs,task0371,2.3918386198611956,2.7058216585295773,1.008863819500403
Lots-of-LoRAs,task0371,2.267708577679912,2.599317537351353,1.010502625656414
Lots-of-LoRAs,task0371,2.323403466166166,2.3379138037863685,1.0097425191370912
Lots-of-LoRAs,task0371,2.3070905764755394,2.7151634110298195,1.0032320620555915
Lots-of-LoRAs,task0371,2.074669436251416,2.8230030104409916,0.9993932038834952
Lots-of-LoRAs,task0371,1.9589116873432155,2.3086350386561225,0.9977129788450543
Lots-of-LoRAs,task0371,1.9465846801152928,2.116328967652548,1.0010845986984815
Lots-of-LoRAs,task0371,1.8820725118784818,1.9461069325718732,1.0072426280393172
Lots-of-LoRAs,task0371,1.8162385131093912,1.7641767949830862,0.9995119570522206
Lots-of-LoRAs,task0371,1.809837680552307,2.6406085457572086,1.0037261294829996
Lots-of-LoRAs,task0371,1.8083454665630971,2.6792241507361747,1.00355871886121
Lots-of-LoRAs,task0371,1.756356385769504,2.672894683822485,1.0046828437633035
Lots-of-LoRAs,task0371,1.7567348585923301,2.906876860192603,1.006947282386596
Lots-of-LoRAs,task0371,1.7193692366101694,2.7362756589597437,1.0102523659305993
Lots-of-LoRAs,task0371,1.7163053593044737,2.5671793844930786,1.0179047619047619
Lots-of-LoRAs,task0371,1.7597320931898026,2.887117927808771,0.9878003696857671
Lots-of-LoRAs,task0371,1.7464822878704285,2.7594889658360158,0.9903982930298719
Lots-of-LoRAs,task0371,1.6330302282712799,2.5751297600996015,0.993801652892562
Lots-of-LoRAs,task0371,1.5724538920852285,2.7196091341428135,0.9989946380697051
Lots-of-LoRAs,task0371,1.5674261409114627,2.5371204286032154,1.005868927290512
Lots-of-LoRAs,task0371,1.5849274901309063,2.866942127815454,1.013346043851287
Lots-of-LoRAs,task0371,1.6246671252442866,2.6743064500386486,0.9882243569879144
Lots-of-LoRAs,task0371,1.5954071648117882,2.3788829124463207,0.9894831730769231
Lots-of-LoRAs,task0371,1.62023272956955,2.361820885761026,0.9967723004694836
Lots-of-LoRAs,task0371,1.6198742055257231,2.294405819698101,1.0037270642201834
Lots-of-LoRAs,task0371,1.6661265760100865,2.0794680552862936,1.0061349693251533
Lots-of-LoRAs,task0371,1.6715217260647486,1.981816517729447,1.0108932461873639
Lots-of-LoRAs,task0371,1.7151420079056945,2.5833305840239857,0.986971550119649
Lots-of-LoRAs,task0371,1.665105152345859,2.2481839739216136,1.009543461439257
Lots-of-LoRAs,task0371,1.655042388404662,2.070477847353803,1.0115985879979827
Lots-of-LoRAs,task0371,1.6714075680761336,2.329328822614087,1.0090641842234198
Lots-of-LoRAs,task0371,1.6692157801325846,2.224745135365703,1.0066603235014273
Lots-of-LoRAs,task0371,1.65692943169894,2.396434281960838,0.9981519981519982
Lots-of-LoRAs,task0371,1.671176279750266,2.179409738532372,0.9914625926758032
Lots-of-LoRAs,task0371,1.6769126583743421,1.854052888622088,1.0039130434782608
Lots-of-LoRAs,task0371,1.6981928780664381,2.111248024147745,1.0076923076923077
Lots-of-LoRAs,task0371,1.7491788840872329,2.3644829206702918,0.9907563025210084
Lots-of-LoRAs,task0371,1.776255099411688,2.120193102315684,0.994019385440297
Lots-of-LoRAs,task0371,1.8302591179796956,1.573544915037544,0.9971596672753094
Lots-of-LoRAs,task0371,1.865197042929739,1.849459681461889,0.9990059642147118
Lots-of-LoRAs,task0371,1.9060006471013997,1.8781072997250883,0.9996092986911506
Lots-of-LoRAs,task0371,1.890468185747717,1.3181528136331784,0.9944603629417383
Lots-of-LoRAs,task0371,1.898228044842859,1.3803936822794276,1.008955223880597
Lots-of-LoRAs,task0371,1.9393831069927108,1.3528247093571666,1.0043731778425655
Lots-of-LoRAs,task0371,2.030355729389751,1.0634014170588708,0.9994649545211343
Lots-of-LoRAs,task0371,2.09712255781942,1.2506164239577882,1.0015825567082821
Lots-of-LoRAs,task0371,2.1297181348588774,1.194337897669449,1.0025915687629579
Lots-of-LoRAs,task0371,2.1911718013262185,1.18711850541343,0.9969574036511156
Lots-of-LoRAs,task0371,2.262274982073047,0.9261716167863832,0.9925434962717481
Lots-of-LoRAs,task0371,2.3226556106892087,1.0111120253509918,0.9936440677966102
Lots-of-LoRAs,task0371,2.3331830762019115,1.0029526952060814,1.0007970667941974
Lots-of-LoRAs,task0371,2.3960062858006506,0.8238454944759788,1.0026759011490634
Lots-of-LoRAs,task0371,2.453260270215881,0.866309751645568,1.0040378940829322
Lots-of-LoRAs,task0371,2.5159850200914473,0.8344608482615643,0.9989345509893455
Lots-of-LoRAs,task0371,2.5279160684224244,0.7557003924341672,0.9998496918683301
Lots-of-LoRAs,task0371,2.6021034016468603,0.6784611523000117,1.0007426110203475
Lots-of-LoRAs,task0371,2.682794284708591,0.6998691257791044,1.0002931691586046
Lots-of-LoRAs,task0371,2.620222305871724,0.7475362773509268,1.0027185577335813
Lots-of-LoRAs,task0371,2.73611014800125,0.6960696469330152,1.0022605255721955
Lots-of-LoRAs,task0371,2.803856359946289,0.754799438623199,1.0026543727298127
Lots-of-LoRAs,task0371,2.9521532942732884,0.6570190393907918,1.0051203985607529
Lots-of-LoRAs,task0371,2.9818099583390785,0.47669068775092877,1.0058831577507183
Lots-of-LoRAs,task0371,3.1737914237508824,0.47336390399482203,1.004595836712625
Lots-of-LoRAs,task0371,3.360089249676803,0.486531636147682,1.0045466702326826
Lots-of-LoRAs,task0371,3.5067506766881094,0.5633243011795342,1.0029062087186262
Lots-of-LoRAs,task0371,3.690584693380697,0.5817682328798747,1.0016973495234365
Lots-of-LoRAs,task0371,3.890228700088494,0.7524237297876668,1.0016798035921954
Lots-of-LoRAs,task0371,4.1784840294034895,0.6969900977533916,1.0020462974804962
Lots-of-LoRAs,task0371,4.47204690922977,0.5687269907254463,1.002405367768072
Lots-of-LoRAs,task0371,4.724982637514449,0.637038938486777,1.002381250783306
Lots-of-LoRAs,task0371,5.079776727472762,0.6170930346444882,1.0027298672291847
Lots-of-LoRAs,task0371,5.468571450649203,0.5383685128977129,1.0027030347708563
Lots-of-LoRAs,task0371,5.851619457355247,0.6988589898270056,0.9979413901671107
Lots-of-LoRAs,task0371,6.181184909840704,0.6961613155533,0.9986807387862797
Lots-of-LoRAs,task0371,7.0399188307590705,0.7386770164820169,0.9986932763126634
Lots-of-LoRAs,task0371,8.09901249689657,1.1108728435702953,0.9987055777830077
Lots-of-LoRAs,task0371,9.172648085978139,1.234382859099464,0.9983684885211513
Lots-of-LoRAs,task0371,10.054446509994444,1.0864789422555163,1.0017217630853994
Lots-of-LoRAs,task0371,11.274585512999098,1.3222811596134132,1.0017060964513194
Lots-of-LoRAs,task0371,13.990691968226892,0.8667316623223785,0.9993255395683454
Lots-of-LoRAs,task0371,13.908011536070864,1.0751909831745148,0.9993315508021391
Lots-of-LoRAs,task0371,13.129609934455228,1.1978448603502518,0.9993374558303887
Lots-of-LoRAs,task0371,13.788161743603721,1.2279104778158119,1.0
Lots-of-LoRAs,task0408,1.3146581183260233,2.8321297877057803,1.0016501650165017
Lots-of-LoRAs,task0408,1.4172410375421818,1.8974923133926975,0.9860601614086574
Lots-of-LoRAs,task0408,1.4501460146811356,2.0482262085733964,0.9931972789115646
Lots-of-LoRAs,task0408,1.4545112632817827,1.8035367567615341,0.9917407878017789
Lots-of-LoRAs,task0408,1.4611740117528984,1.7756615285966244,0.9976119402985074
Lots-of-LoRAs,task0408,1.462134159402707,1.769650810346687,0.9943788645306352
Lots-of-LoRAs,task0408,1.494597382478032,1.8600162692717674,0.9978757302177377
Lots-of-LoRAs,task0408,1.509955245301354,1.8997949457564982,1.001008064516129
Lots-of-LoRAs,task0408,1.5381238205075265,1.879356551407882,1.0024050024050024
Lots-of-LoRAs,task0408,1.4838976325255948,1.703213644579008,1.0022935779816513
Lots-of-LoRAs,task0408,1.5014965772163518,1.7886797623156645,1.0074528715475668
Lots-of-LoRAs,task0408,1.5052967662621175,1.8750460669105917,1.0122362869198311
Lots-of-LoRAs,task0408,1.541116769344091,1.922810373516226,0.982359858878871
Lots-of-LoRAs,task0408,1.5384541114626225,1.9472512226511591,0.9853273137697517
Lots-of-LoRAs,task0408,1.5435915064360566,1.983004525306962,0.9912822375590266
Lots-of-LoRAs,task0408,1.5407232394616006,2.0048553129049984,0.9978910369068541
Lots-of-LoRAs,task0408,1.4996609407295962,2.1108858964368435,0.9928861788617886
Lots-of-LoRAs,task0408,1.4851813024426197,2.017475849679213,0.9941157240928408
Lots-of-LoRAs,task0408,1.4800744154393277,2.087230416702107,1.0009538950715422
Lots-of-LoRAs,task0408,1.4537034236654165,1.986815906057337,0.9972401103955841
Lots-of-LoRAs,task0408,1.4274699650588483,1.9048779707083288,0.9955423476968797
Lots-of-LoRAs,task0408,1.4347780651724629,1.9892723533909507,1.0
Lots-of-LoRAs,task0408,1.4345215327569745,2.1409325732953537,1.0025337837837838
Lots-of-LoRAs,task0408,1.4357063302870199,2.220925080056232,1.0041231445849368
Lots-of-LoRAs,task0408,1.447610207933573,2.0899664714907082,1.0048064085447264
Lots-of-LoRAs,task0408,1.4540403989500374,2.145256998890027,1.0054517133956387
Lots-of-LoRAs,task0408,1.454639385610963,2.117578503796126,1.0
Lots-of-LoRAs,task0408,1.4579342297479574,2.021048241329494,0.9985340825800146
Lots-of-LoRAs,task0408,1.462545599150204,1.9817070514054058,0.9971448965024983
Lots-of-LoRAs,task0408,1.4899671860738732,2.2965027153281845,0.997215777262181
Lots-of-LoRAs,task0408,1.4961571029490108,2.2812842382574767,0.9905234657039711
Lots-of-LoRAs,task0408,1.482387013911336,2.2942203855697474,1.010972130787799
Lots-of-LoRAs,task0408,1.52467759405818,2.3396060493736286,0.9909657990965799
Lots-of-LoRAs,task0408,1.477770097181783,2.1171470780067567,1.006070755704417
Lots-of-LoRAs,task0408,1.4676587817566766,2.0434902305094815,1.005941405449703
Lots-of-LoRAs,task0408,1.4681476811269387,1.9967223008748927,1.0034020412247349
Lots-of-LoRAs,task0408,1.455495022626609,1.8173920960788434,1.0021564399137424
Lots-of-LoRAs,task0408,1.4628705874439214,1.9312362552523228,0.9963622439211182
Lots-of-LoRAs,task0408,1.4752272856656024,2.0130712983243355,0.9969930464198459
Lots-of-LoRAs,task0408,1.4720297869054757,1.8252361334932719,1.001480384900074
Lots-of-LoRAs,task0408,1.488643112827273,1.942332856582908,1.0052881108679796
Lots-of-LoRAs,task0408,1.499373917937895,2.2790471600113573,1.0025
Lots-of-LoRAs,task0408,1.503600552384321,2.128671866190117,0.9972052401746725
Lots-of-LoRAs,task0408,1.4978683764840663,2.0486284003815123,0.9993123603231906
Lots-of-LoRAs,task0408,1.5209290600770877,2.016430883834613,0.997803311929706
Lots-of-LoRAs,task0408,1.5234086249981778,1.8245078260443814,0.9958526874585268
Lots-of-LoRAs,task0408,1.529855705535166,1.840332209059345,0.997871643745907
Lots-of-LoRAs,task0408,1.5419349881302788,1.86381405278615,0.998868778280543
Lots-of-LoRAs,task0408,1.546642728787329,1.9444335032516626,0.9965068275643061
Lots-of-LoRAs,task0408,1.549035737469698,1.9392929025954533,0.9998430634023855
Lots-of-LoRAs,task0408,1.5753490432508546,1.675995242906542,0.9989160730876432
Lots-of-LoRAs,task0408,1.5951822238588211,1.647238848737299,0.9975594874923734
Lots-of-LoRAs,task0408,1.5749405917960722,1.468689124044488,1.0060033018159988
Lots-of-LoRAs,task0408,1.641911617281595,1.4228169956611407,0.994067922289782
Lots-of-LoRAs,task0408,1.695523671472242,1.2526113000605115,0.9950168547559725
Lots-of-LoRAs,task0408,1.746031518443402,1.2774994660277157,0.9946423399942079
Lots-of-LoRAs,task0408,1.77690462480799,1.1884728336279742,0.9951310325075182
Lots-of-LoRAs,task0408,1.840462989090184,1.1656654324013345,0.9947636569487688
Lots-of-LoRAs,task0408,1.915753603766437,1.1534130203685025,1.0034882098507045
Lots-of-LoRAs,task0408,1.9748431875933137,1.0987893685911785,1.0030344827586206
Lots-of-LoRAs,task0408,2.0722261762359926,0.9770920796545257,1.0038214821891633
Lots-of-LoRAs,task0408,2.161470310728814,1.1180802273923292,1.0033738191632928
Lots-of-LoRAs,task0408,2.2662866805165356,1.151182413102016,1.0041405102177108
Lots-of-LoRAs,task0408,2.40819430090689,1.135599626240333,1.0036988110964333
Lots-of-LoRAs,task0408,2.5558488058182283,1.0008042540578523,0.9997395833333333
Lots-of-LoRAs,task0408,2.6736064811752533,1.0048846774767641,1.0001288659793814
Lots-of-LoRAs,task0408,2.866639223006009,1.0477473434094222,1.0001275510204082
Lots-of-LoRAs,task0408,3.035521121597034,0.8901903478179158,0.9978584026203073
Lots-of-LoRAs,task0408,3.2173172936652734,0.7881571680206643,1.000125
Lots-of-LoRAs,task0408,3.3284408058479404,0.7611469428148471,0.998271178068659
Lots-of-LoRAs,task0408,3.5618213191851162,0.8047741950637989,0.9986549278552214
Lots-of-LoRAs,task0408,3.7638720481005983,0.7779442631088848,1.0012135922330097
Lots-of-LoRAs,task0408,3.9819867287336743,0.7079823446801459,0.9990405372991125
Lots-of-LoRAs,task0408,4.332345882272056,0.775831169249223,0.9990496555001188
Lots-of-LoRAs,task0408,4.301225242260367,0.6611833070954385,1.0038655265315686
Lots-of-LoRAs,task0408,4.397623370238606,0.6423345450493178,1.0038296390855286
Lots-of-LoRAs,task0408,4.248548733912586,0.6993591556419929,1.004139358399448
Lots-of-LoRAs,task0408,4.800402614928774,0.9199061453662812,1.0041016292582887
Lots-of-LoRAs,task0408,4.482867943178773,0.8974171624886957,1.0040645816868015
Lots-of-LoRAs,task0408,4.614649092274077,0.8865496869445606,1.0040281973816716
Lots-of-LoRAs,task0408,6.344206854830262,0.9730605981768525,0.9996687279151943
Lots-of-LoRAs,task0408,7.7169062218760445,0.9692971808990821,0.9996716287215411
Lots-of-LoRAs,task0593,1.4776976269246525,6.327758806653219,1.0021052631578948
Lots-of-LoRAs,task0593,1.3199281247185775,2.4523312032982982,0.9842067480258435
Lots-of-LoRAs,task0593,1.3178144098285614,2.2519596002780626,0.9932930918846412
Lots-of-LoRAs,task0593,1.3041011490941152,2.1379619532059078,1.0031585596967783
Lots-of-LoRAs,task0593,1.3120449877338987,2.2931083990070427,1.006508875739645
Lots-of-LoRAs,task0593,1.2954665037101754,2.354405940180773,1.0145903479236813
Lots-of-LoRAs,task0593,1.3011476627598138,2.3250561225303317,0.9815627743634767
Lots-of-LoRAs,task0593,1.3071910846724037,2.4297281590924493,0.9836888331242158
Lots-of-LoRAs,task0593,1.3124264114095197,2.3952002263380683,0.9832268370607029
Lots-of-LoRAs,task0593,1.308840140215713,2.2020799790740817,0.980556614563477
Lots-of-LoRAs,task0593,1.304254599392461,2.1024433485277685,0.9900110987791343
Lots-of-LoRAs,task0593,1.306485900540778,2.0361357186535165,0.9872566371681416
Lots-of-LoRAs,task0593,1.289293462831543,1.7959072096442046,1.0179478496444294
Lots-of-LoRAs,task0593,1.3015852836282364,1.6717661490346347,1.016260162601626
Lots-of-LoRAs,task0593,1.3005274918486343,1.7663346283293524,1.0062208398133747
Lots-of-LoRAs,task0593,1.3102151920303284,1.6871064445751132,1.0032993401319736
Lots-of-LoRAs,task0593,1.3224450505673155,1.5230933976028602,1.00758902510216
Lots-of-LoRAs,task0593,1.3416030803722023,1.5859904760380696,1.0116345062429057
Lots-of-LoRAs,task0593,1.3556016797190702,1.5770530812237604,1.007953922106418
Lots-of-LoRAs,task0593,1.3668881260477586,1.644694845548478,1.0109333333333332
Lots-of-LoRAs,task0593,1.396222399162872,1.6705259794911678,0.9882690302398331
Lots-of-LoRAs,task0593,1.399555545185246,1.5578349817802686,1.0133703329969728
Lots-of-LoRAs,task0593,1.4302744582301923,1.661718258737277,0.9933234421364985
Lots-of-LoRAs,task0593,1.445058061580285,1.4852057147385282,1.001454898157129
Lots-of-LoRAs,task0593,1.4614738810414456,1.6182810969872234,1.0078496669838248
Lots-of-LoRAs,task0593,1.4952484101123396,1.7343738336985357,0.9869555089680876
Lots-of-LoRAs,task0593,1.5186707555865544,1.6810441002735341,0.987962752668635
Lots-of-LoRAs,task0593,1.549934943854821,1.6816314219765542,1.0106147722246794
Lots-of-LoRAs,task0593,1.5876238520310846,1.7091509543190704,0.9930465015210778
Lots-of-LoRAs,task0593,1.5896121953255524,1.7731407976929374,0.9982913284920973
Lots-of-LoRAs,task0593,1.6177635835576845,1.858400509816791,1.002729945401092
Lots-of-LoRAs,task0593,1.5828322508030053,1.8679847119487323,1.0082610491532424
Lots-of-LoRAs,task0593,1.5511092776633817,1.6863639766271021,1.003829873009474
Lots-of-LoRAs,task0593,1.5613876299833649,1.6241461391714727,1.0091251735766713
Lots-of-LoRAs,task0593,1.5393680519227837,1.5998183196557862,1.0048477797168898
Lots-of-LoRAs,task0593,1.5207144248888074,1.623338607445068,1.0082108077143404
Lots-of-LoRAs,task0593,1.564289670819899,1.6357782966726069,0.9924812030075187
Lots-of-LoRAs,task0593,1.513178258763733,1.3913746764748895,1.0057058715258604
Lots-of-LoRAs,task0593,1.5327983592847274,1.449620113231639,1.0061672410665699
Lots-of-LoRAs,task0593,1.4978735387354258,1.446486426838999,1.001776514478593
Lots-of-LoRAs,task0593,1.5115152775373952,1.5251996917546917,1.0017479461632581
Lots-of-LoRAs,task0593,1.5042791836033609,1.4489472064310758,1.002240992932253
Lots-of-LoRAs,task0593,1.5441283527737506,1.2747370668548037,0.9996609594846584
Lots-of-LoRAs,task0593,1.561668488933723,1.2517591525434248,1.0059760956175299
Lots-of-LoRAs,task0593,1.5811086656463105,1.2691906001214366,1.006389252948886
Lots-of-LoRAs,task0593,1.6236086723014826,1.2139730071927914,0.9966383864254842
Lots-of-LoRAs,task0593,1.6758498690535506,1.066982747008759,0.9962103268593084
Lots-of-LoRAs,task0593,1.727411417530979,1.050424992855299,1.0018817625842873
Lots-of-LoRAs,task0593,1.7919555888727106,0.9953456665295357,0.9963054187192119
Lots-of-LoRAs,task0593,1.8136863608137066,0.9452129035569782,0.9984944293887383
Lots-of-LoRAs,task0593,1.8691303954721545,0.9742391896521719,0.9989586432609342
Lots-of-LoRAs,task0593,1.9336251189344331,0.9221430850370329,0.9989708909144369
Lots-of-LoRAs,task0593,1.9877479130105535,0.8198454438985381,0.9989828538215635
Lots-of-LoRAs,task0593,2.0723494097941972,0.7874435868916894,0.9994254524561907
Lots-of-LoRAs,task0593,2.200667931644478,0.8455614626045554,0.9994319795512638
Lots-of-LoRAs,task0593,2.260865049687944,0.8028076067119257,1.0002808199943836
Lots-of-LoRAs,task0593,2.345134868492044,0.8361613798876365,1.0002777006387116
Lots-of-LoRAs,task0593,2.462326753372948,0.8680582554528201,0.9949460456221828
Lots-of-LoRAs,task0593,2.5486541287674025,0.8276323403111314,0.9950006755843804
Lots-of-LoRAs,task0593,2.531092404594459,0.7389206046125307,1.002931379080613
Lots-of-LoRAs,task0593,2.686932769128839,0.7932870021797405,0.995503240312128
Lots-of-LoRAs,task0593,2.88086399222665,0.7821690230946999,0.9955503206386599
Lots-of-LoRAs,task0593,2.8889349810125466,0.7873973365813755,0.995596425333506
Lots-of-LoRAs,task0593,3.019728946703102,0.7153711652661527,1.0028115015974441
Lots-of-LoRAs,task0593,3.2356275970479023,0.9900961758889483,1.0027830487033522
Lots-of-LoRAs,task0593,3.495616962598376,0.9935053334925958,0.9957291797512875
Lots-of-LoRAs,task0593,3.5058735922607003,0.931386404713263,1.0030998140111593
Lots-of-LoRAs,task0593,3.6741249303001133,0.7196259665371046,1.0030693677102518
Lots-of-LoRAs,task0593,3.795148636190624,0.9140597710495766,1.0030395136778116
Lots-of-LoRAs,task0593,4.100274230257517,0.7639190516463356,0.999759961593855
Lots-of-LoRAs,task0593,4.14728627954689,0.847392909189721,1.0029815146094216
Lots-of-LoRAs,task0593,4.054419695511407,0.986085654853346,0.9980023501762633
Lots-of-LoRAs,task0593,4.267573158594307,0.9702778369894758,1.0041777880933038
Lots-of-LoRAs,task0593,4.847784679934686,0.8212722791299394,1.0044843049327354
Lots-of-LoRAs,task0593,5.274548251379539,0.9357635803898622,1.0
Lots-of-LoRAs,task0593,6.054909136363512,0.8041674182262742,1.0
Lots-of-LoRAs,task0593,7.97160189163315,0.7465276762368623,1.0
Lots-of-LoRAs,task0593,8.654786424681754,0.8242363666560047,1.0
Lots-of-LoRAs,task0593,7.41325769405729,1.0695706857909208,1.0
Lots-of-LoRAs,task0704,2.130090346372891,1.7055246337163052,0.9946091644204852
Lots-of-LoRAs,task0704,2.415450604701396,2.35416615775129,0.9859363434492968
Lots-of-LoRAs,task0704,2.4418350709712815,2.3296015205280023,1.0034722222222223
Lots-of-LoRAs,task0704,2.4485977384851156,1.2145767790569815,1.013029315960912
Lots-of-LoRAs,task0704,2.769552627116724,1.903104825369943,0.9883656509695291
Lots-of-LoRAs,task0704,2.626563419891749,0.861020721040476,0.9845866417561887
Lots-of-LoRAs,task0704,2.7262665901715297,0.7372929478167234,0.9959477712742009
Lots-of-LoRAs,task0704,2.937504059969011,0.7762133185850356,0.9859335038363172
Lots-of-LoRAs,task0704,3.044500870987985,0.5885357476768073,0.9818108326596605
Lots-of-LoRAs,task0704,2.8330015357524356,0.4841869454792531,1.0146041506533436
Lots-of-LoRAs,task0704,3.0844474955105263,0.5469292523775883,1.0106461086637297
Lots-of-LoRAs,task0704,3.1798189906026635,0.6802135282925806,0.9818116975748931
Lots-of-LoRAs,task0704,3.3180312211895253,0.6134669999259255,0.9906380027739251
Lots-of-LoRAs,task0704,3.6266416152904033,0.5481965327893749,1.0030364372469636
Lots-of-LoRAs,task0704,3.816727527298184,0.534855770220236,1.0108409986859395
Lots-of-LoRAs,task0704,3.4707234134831237,0.47647741412600275,1.0085443037974684
Lots-of-LoRAs,task0704,3.3493977020436145,0.4903775448607207,1.0138376383763839
Lots-of-LoRAs,task0704,3.381178389411821,0.48168601810655814,1.0089073634204275
Lots-of-LoRAs,task0704,3.4958986452197873,0.5127869480848881,1.0138969310943833
Lots-of-LoRAs,task0704,3.6046126621917027,0.5943947069320602,0.990945104697227
Lots-of-LoRAs,task0704,3.658784385410484,0.5031453662354674,0.9961261759822911
Lots-of-LoRAs,task0704,3.8318636156207675,0.6593045604672867,0.9946294307196563
Lots-of-LoRAs,task0704,3.908869766166668,0.6022032199790216,0.998688696564385
Lots-of-LoRAs,task0704,4.290849357259328,0.5636357711956775,0.9934026896726719
Lots-of-LoRAs,task0704,4.361033067882077,0.38957903733946697,0.9980119284294234
Lots-of-LoRAs,task0704,4.2812100892896545,0.3897615959668995,1.0075757575757576
Lots-of-LoRAs,task0704,4.530251892622705,0.3209590478154937,1.0023696682464456
Lots-of-LoRAs,task0704,4.629539610534135,0.4739104976346922,1.0051055929449988
Lots-of-LoRAs,task0704,4.887714482436105,0.6387779662748339,0.9975174904084857
Lots-of-LoRAs,task0704,4.670060357490889,0.32913683101321123,1.000886132033673
Lots-of-LoRAs,task0704,4.622462530495229,0.4890412904221266,1.0028169014084507
Lots-of-LoRAs,task0704,4.79849792483224,0.6956884726721603,1.0002123142250532
Lots-of-LoRAs,task0704,4.670194784215285,0.44220991267554405,1.000207856994388
Lots-of-LoRAs,task0704,5.1076622217026735,0.45029296097152566,1.0038846861582498
Lots-of-LoRAs,task0704,4.904186120834676,0.44737963384716434,1.0014022435897436
Lots-of-LoRAs,task0704,4.9876541149075075,1.627395074018522,1.0072992700729928
Lots-of-LoRAs,task0704,5.163781618333687,1.4663034617695272,0.9910714285714286
Lots-of-LoRAs,task0704,5.25404240577026,0.910922045991795,0.9935015290519877
Lots-of-LoRAs,task0704,5.481197375111152,1.0949908151103398,0.9924953095684803
Lots-of-LoRAs,task0704,5.764475951581756,1.0143820427503554,0.9942698706099815
Lots-of-LoRAs,task0704,5.9206952401294695,1.5759995417878507,0.9943687556766576
Lots-of-LoRAs,task0704,6.108219708644766,1.5891479888928621,0.9960608773500448
Lots-of-LoRAs,task0704,6.402314095837098,1.703100303377443,0.9977052074139453
Lots-of-LoRAs,task0704,6.480933712955048,1.613351027722486,0.9977442304355371
Lots-of-LoRAs,task0704,6.694668220460498,1.7140254496739051,0.99319612178942
Lots-of-LoRAs,task0704,6.556920914807492,2.0688405351595125,0.9948030176026823
Lots-of-LoRAs,task0704,6.891445273871157,1.0266762377067926,0.9973505547276039
Lots-of-LoRAs,task0704,7.240623985131637,2.045204464181531,0.9969025105966742
Lots-of-LoRAs,task0704,7.89234928023173,2.41262799346629,0.9983907306083039
Lots-of-LoRAs,task0704,8.077693740384412,2.2941451605116154,1.0017493638676844
Lots-of-LoRAs,task0704,7.593491386014709,1.2700917850094817,1.0017257609036712
Lots-of-LoRAs,task0704,8.339582639318992,2.426913529836739,0.9966101694915255
Lots-of-LoRAs,task0704,9.141077490075359,2.2672781941064213,0.994846142185842
Lots-of-LoRAs,task0704,9.91817424376949,3.354935849008685,1.001488981536629
Lots-of-LoRAs,task0704,10.163545904621868,1.8305606763698143,0.9975095224142982
Lots-of-LoRAs,task0704,11.140754800342046,1.3119328165931692,0.9979727772951057
Lots-of-LoRAs,task0704,11.445263152696555,1.2936138021619457,1.0
Lots-of-LoRAs,task0704,10.443822163277952,1.176481788523458,1.0
Lots-of-LoRAs,task0704,11.18112631032241,1.3906328164298958,1.0004151100041512
Lots-of-LoRAs,task0704,13.708092306626602,1.5210959237418022,1.0012316956343232
Lots-of-LoRAs,task0704,12.645299298721566,1.5162984785986209,0.9983814405179391
Lots-of-LoRAs,task0704,13.405957536302642,2.3948860552980693,0.9964086193136472
Lots-of-LoRAs,task0704,13.112107086191095,0.720876244778985,1.0034058160859314
Lots-of-LoRAs,task0704,14.035093709906468,0.29349050937215376,1.0033691849164184
Lots-of-LoRAs,task0704,15.751499486958695,1.024145201158598,1.0037208108801643
Lots-of-LoRAs,task0704,17.31900110348501,0.6781987774735524,0.9983590002524615
Lots-of-LoRAs,task0704,17.694404034194147,0.47806566250795346,0.999874843554443
Lots-of-LoRAs,task0704,19.061154608282084,0.2329907857671532,0.9995045212436516
Lots-of-LoRAs,task0704,20.364868041452954,0.2183036546078497,0.9958465673100415
Lots-of-LoRAs,task0704,25.22967857273229,0.3488262497353026,1.0019279431256778
Lots-of-LoRAs,task0704,27.32933830994762,0.32590520748011026,1.0026274931326884
Lots-of-LoRAs,task0704,24.508748372415592,0.093796340822771,0.9972944359487119
Lots-of-LoRAs,task0704,19.280297549408505,0.1491140869911934,1.0041806991057949
Lots-of-LoRAs,task0704,22.542940265766074,0.3544877625535076,1.0041422160856057
Lots-of-LoRAs,task0704,25.159032708707517,0.3684209469039957,1.0034156893999773
Lots-of-LoRAs,task0704,32.58327669479383,0.22820115407403124,1.0033848584000902
Lots-of-LoRAs,task0704,54.14126576723514,0.551216081489049,1.0033534540576794
Lots-of-LoRAs,task0704,105.59048233037818,0.4079334598303875,1.0033237314424994
Lots-of-LoRAs,task0704,187.01156294022633,0.11494744865752318,1.0003284791415745
Lots-of-LoRAs,task0778,1.5027947870997558,4.124976223785539,0.9864130434782609
Lots-of-LoRAs,task0778,1.3450915305897309,2.782800942289612,1.0021598272138228
Lots-of-LoRAs,task0778,1.2752576897282906,2.49518246675754,1.001763668430335
Lots-of-LoRAs,task0778,1.2129342321771543,2.723873608870415,0.99609375
Lots-of-LoRAs,task0778,1.195325894402143,2.5607860750698976,0.9887152777777778
Lots-of-LoRAs,task0778,1.202492990943292,2.434827641555165,1.011308562197092
Lots-of-LoRAs,task0778,1.224945942280384,2.230809992060624,1.0142954390742
Lots-of-LoRAs,task0778,1.2365469309318953,2.2481758815565462,1.007514088916719
Lots-of-LoRAs,task0778,1.2417844993934815,1.9034979480060095,1.0166759310728182
Lots-of-LoRAs,task0778,1.2890543823804441,1.5716859367008138,0.9881656804733728
Lots-of-LoRAs,task0778,1.2972903972103926,1.4396864483128171,1.0017543859649123
Lots-of-LoRAs,task0778,1.3044264539433124,1.3386820601999363,1.014406779661017
Lots-of-LoRAs,task0778,1.3203498067110693,1.3416135738761041,1.0064308681672025
Lots-of-LoRAs,task0778,1.338713319013762,1.3397782920654486,1.0190809968847352
Lots-of-LoRAs,task0778,1.3657385785891383,1.35554710423173,1.0159673226884516
Lots-of-LoRAs,task0778,1.392641410897735,1.4071220916528706,0.9909453096704093
Lots-of-LoRAs,task0778,1.4245030029120795,1.4484101585859266,0.9903080650744203
Lots-of-LoRAs,task0778,1.4461504527708995,1.3942055432270468,0.9857047872340425
Lots-of-LoRAs,task0778,1.4664066257053439,1.2863711398554398,0.9853035143769968
Lots-of-LoRAs,task0778,1.4953789789868355,1.2865238041146192,0.9987538940809969
Lots-of-LoRAs,task0778,1.5121549205930302,1.1620675033273948,1.0015169902912622
Lots-of-LoRAs,task0778,1.5447381669540807,1.3760892644582157,0.9961999415375621
Lots-of-LoRAs,task0778,1.5702144382785113,1.3064088491719208,1.0057077625570776
Lots-of-LoRAs,task0778,1.5966305037103317,1.2026775150782092,0.9980726872246696
Lots-of-LoRAs,task0778,1.6193039998002756,1.1220430640769223,1.0029585798816567
Lots-of-LoRAs,task0778,1.6502808748244793,1.0128102347867136,1.0036630036630036
Lots-of-LoRAs,task0778,1.6769976765489794,0.9599730874785309,0.9982278481012659
Lots-of-LoRAs,task0778,1.7130742550214013,0.9468697289878055,1.0049627791563276
Lots-of-LoRAs,task0778,1.7586891794908237,0.9407520630336891,1.010705596107056
Lots-of-LoRAs,task0778,1.801461743011685,0.9075614396193656,0.9914081145584726
Lots-of-LoRAs,task0778,1.8437611119416257,0.8685542244165283,0.9978922716627635
Lots-of-LoRAs,task0778,1.8411759789473914,0.9229821107292621,1.0062068965517241
Lots-of-LoRAs,task0778,1.8430110981748338,0.910680256618161,1.0101442741208295
Lots-of-LoRAs,task0778,1.8554003533043317,0.9362190668743121,1.0072352554264417
Lots-of-LoRAs,task0778,1.905285736363217,0.9817088119840897,0.9892334194659776
Lots-of-LoRAs,task0778,1.8788741000400526,0.9183949412932849,1.0037696335078534
Lots-of-LoRAs,task0778,1.9199810670273838,0.8547542551236593,0.9963287782990006
Lots-of-LoRAs,task0778,1.9018537396248048,0.7540904327515888,1.009342079109521
Lots-of-LoRAs,task0778,1.9579722554877184,0.7373165268466411,0.99354333789865
Lots-of-LoRAs,task0778,1.9774196516548863,0.7208637046926759,0.9959545366981314
Lots-of-LoRAs,task0778,1.9979126026115628,0.6972865882611912,1.006583897667419
Lots-of-LoRAs,task0778,2.0620125823278292,0.637323785694028,0.9955348837209302
Lots-of-LoRAs,task0778,2.030797840471291,0.6033998768107632,0.9967020886771711
Lots-of-LoRAs,task0778,1.988383419733835,0.5326935247004783,1.0068063765000896
Lots-of-LoRAs,task0778,2.0533284187205827,0.4880792802175065,1.0061674008810573
Lots-of-LoRAs,task0778,2.1251425748971413,0.517323916629558,0.9921807124239791
Lots-of-LoRAs,task0778,2.1747976786315255,0.5264915004922236,1.0003401360544217
Lots-of-LoRAs,task0778,2.223382259244397,0.5646828745192487,1.0008389261744965
Lots-of-LoRAs,task0778,2.3305168628291346,0.6075174197575164,1.0008278145695364
Lots-of-LoRAs,task0778,2.3801025175550596,0.5583184810364429,0.9998368412465328
Lots-of-LoRAs,task0778,2.4334425554086367,0.5036534779584776,1.0003219575016098
Lots-of-LoRAs,task0778,2.5104211898420536,0.48147881713134705,0.9988901220865705
Lots-of-LoRAs,task0778,2.5840150721721438,0.47904836568355896,1.0043532338308458
Lots-of-LoRAs,task0778,2.6259877103756777,0.5194118906176595,0.9969526131342374
Lots-of-LoRAs,task0778,2.75963810700803,0.5029531545444229,1.0033313143549365
Lots-of-LoRAs,task0778,2.90715641832607,0.45956282176337937,0.9965819586862833
Lots-of-LoRAs,task0778,3.072936157483867,0.5686095704557215,0.9957446808510638
Lots-of-LoRAs,task0778,3.2511264686622114,0.5393439438776093,1.0
Lots-of-LoRAs,task0778,3.409983412300122,0.575651133837797,0.9953271028037384
Lots-of-LoRAs,task0778,3.4668786364434827,0.6417194579629611,1.0006954102920724
Lots-of-LoRAs,task0778,3.6582947733185196,0.5155475513288217,1.0027567195037905
Lots-of-LoRAs,task0778,3.878333719476197,0.5419205077488831,1.0027266530334016
Lots-of-LoRAs,task0778,4.090991667335643,0.5965699109000554,0.9966487935656837
Lots-of-LoRAs,task0778,4.168543640603927,0.6630983583136275,0.9970822281167109
Lots-of-LoRAs,task0778,4.326493974448556,0.56581002888609,0.9971128608923885
Lots-of-LoRAs,task0778,4.353943513843332,0.6582231700666386,1.0016785022595223
Lots-of-LoRAs,task0778,4.550289910836717,0.711252747264104,1.0012774655084313
Lots-of-LoRAs,task0778,4.761373725010328,0.7441978366925633,1.0020240354206198
Lots-of-LoRAs,task0778,4.903976896727403,0.6742770629508319,1.0023794614902943
Lots-of-LoRAs,task0778,4.941209418461334,0.7147866228985776,1.002355858648481
Lots-of-LoRAs,task0778,5.16225654076864,0.6706958318507155,1.003810226155359
Lots-of-LoRAs,task0778,5.654953529864751,0.608731209551686,1.0037731256085687
Lots-of-LoRAs,task0778,6.306657166572681,0.7209543068160374,1.0030102347983143
Lots-of-LoRAs,task0778,6.814910917847846,0.6480746206399531,1.0029815146094216
Lots-of-LoRAs,task0778,7.643820882305057,0.8342445691912199,1.0025980160604628
Lots-of-LoRAs,task0778,9.16861826136032,0.8622835961386441,0.997672524147562
Lots-of-LoRAs,task0778,10.65875862931844,0.9621556582271745,1.0037931034482759
Lots-of-LoRAs,task0778,11.04194663702716,0.9474221993704076,0.9996597096188747
Lots-of-LoRAs,task0778,12.42356356388414,1.0193933929861654,0.9996627697841727
Lots-of-LoRAs,task0778,14.233374448674713,1.1595136372933537,0.9996657754010695
Lots-of-LoRAs,task0778,13.45876442823709,0.8840405946808796,1.0
Lots-of-LoRAs,task0778,14.24178708492201,0.9593262781071507,1.0009860852415908
Lots-of-LoRAs,task0815,1.5363026843544676,4.481677857370674,0.9830508474576272
Lots-of-LoRAs,task0815,1.318274345867612,3.7621944088001342,0.9939236111111112
Lots-of-LoRAs,task0815,1.2998155324230356,3.245420496798556,1.00373599003736
Lots-of-LoRAs,task0815,1.2727124924933277,2.730980428572599,0.9930555555555556
Lots-of-LoRAs,task0815,1.288461040845992,2.8729562678910807,1.0082417582417582
Lots-of-LoRAs,task0815,1.2896143212555284,2.9642249599405113,1.001544799176107
Lots-of-LoRAs,task0815,1.3070419440383527,2.7998377101480356,0.9956521739130435
Lots-of-LoRAs,task0815,1.3142383660351715,2.5139940220713464,1.019644527595884
Lots-of-LoRAs,task0815,1.343370785550851,2.3444100090155175,0.9939315127871695
Lots-of-LoRAs,task0815,1.3474411258127346,2.1376382616059457,0.984375
Lots-of-LoRAs,task0815,1.373406821525872,2.1851693345292746,1.0027866242038217
Lots-of-LoRAs,task0815,1.3897638091175204,2.158810625113158,1.0165895061728396
Lots-of-LoRAs,task0815,1.4073367890470332,2.2093277137138188,1.0114222549742078
Lots-of-LoRAs,task0815,1.4363968269635645,2.3530101767562193,0.9824624194702934
Lots-of-LoRAs,task0815,1.4637972465594773,2.1475272272526955,0.9933890048712596
Lots-of-LoRAs,task0815,1.4844056468277407,2.0428287260741103,0.9906354515050168
Lots-of-LoRAs,task0815,1.5075318838934997,1.8488834566183743,1.0026033192320207
Lots-of-LoRAs,task0815,1.5233175108247254,1.7328369358876168,0.9996870109546165
Lots-of-LoRAs,task0815,1.5581696723393057,1.7038471331773777,0.9960843373493976
Lots-of-LoRAs,task0815,1.5847113731127556,1.7025022831588401,0.9918722786647315
Lots-of-LoRAs,task0815,1.6160173364166246,1.65852517460024,0.9871148459383754
Lots-of-LoRAs,task0815,1.6408853002648762,1.6160765136913422,0.9867172675521821
Lots-of-LoRAs,task0815,1.6731484684290299,1.5708205666166275,1.0112920168067228
Lots-of-LoRAs,task0815,1.6977304866846648,1.4695719815652946,1.0063564708873634
Lots-of-LoRAs,task0815,1.7406702303001467,1.4481952071161222,0.9870324189526185
Lots-of-LoRAs,task0815,1.7790785603167218,1.4341834489329717,0.9953545232273838
Lots-of-LoRAs,task0815,1.8159601906418301,1.3874727962178985,1.0026378896882493
Lots-of-LoRAs,task0815,1.8447530931858915,1.3485392647507206,1.0075294117647058
Lots-of-LoRAs,task0815,1.8960560679054883,1.383551640753227,0.9889145496535797
Lots-of-LoRAs,task0815,1.9461135286633926,1.3225469570677981,0.9945615227736234
Lots-of-LoRAs,task0815,1.9940853706994885,1.2881853877383616,0.9979968840418428
Lots-of-LoRAs,task0815,1.992177262547605,1.2262713164477757,1.0045951859956237
Lots-of-LoRAs,task0815,2.0289958858364345,1.2373012654047935,1.0006389776357827
Lots-of-LoRAs,task0815,2.0774713116176278,1.32768016252134,1.0025130890052356
Lots-of-LoRAs,task0815,2.1022187891344015,1.2899667205883156,1.0074196207749382
Lots-of-LoRAs,task0815,2.1690244087325996,1.3809301690414777,0.9904761904761905
Lots-of-LoRAs,task0815,2.116868141170088,1.1346275051933439,1.0053391338738382
Lots-of-LoRAs,task0815,2.1866887502877437,1.1900439969686063,0.9896826941794822
Lots-of-LoRAs,task0815,2.1973119955002574,1.160097751592831,0.9955887993862678
Lots-of-LoRAs,task0815,2.1922708369461494,1.2431708674589428,0.9979233528412309
Lots-of-LoRAs,task0815,2.214834374089778,1.2752760878044307,1.0001859773107682
Lots-of-LoRAs,task0815,2.209044149585295,1.2177881231838399,0.994180760138207
Lots-of-LoRAs,task0815,2.164801686684725,1.2014615772016202,0.9964170548190613
Lots-of-LoRAs,task0815,2.0938278837952415,1.2638951220766723,1.0057854137447406
Lots-of-LoRAs,task0815,2.1631347388803808,1.3462653704936187,0.9984552008238929
Lots-of-LoRAs,task0815,2.216634155757544,1.1898863838709177,0.9979691995261466
Lots-of-LoRAs,task0815,2.3099178766751716,1.2704212566694644,0.9984972449490733
Lots-of-LoRAs,task0815,2.4126598386081586,1.310561791869461,0.9990108803165183
Lots-of-LoRAs,task0815,2.5202339119309993,1.1646616110275239,0.9995118776439961
Lots-of-LoRAs,task0815,2.6390639744291837,1.28466582837278,0.9995183817627228
Lots-of-LoRAs,task0815,2.7407479643614487,1.098678141713851,1.000475963826749
Lots-of-LoRAs,task0815,2.843476344615778,1.1209395553457926,1.0
Lots-of-LoRAs,task0815,3.007004702198323,1.0968473667639493,1.0053755183535555
Lots-of-LoRAs,task0815,3.1495519527519034,1.0957579148226126,0.9980418737761712
Lots-of-LoRAs,task0815,3.2970221624116216,1.086413851032342,1.0036976778583049
Lots-of-LoRAs,task0815,3.473650688453653,1.0941023523275428,1.003654436485894
Lots-of-LoRAs,task0815,3.653077819752611,1.1027742727114012,1.004045658141887
Lots-of-LoRAs,task0815,3.859581589128339,1.086120239195945,1.0039977155910909
Lots-of-LoRAs,task0815,4.080853050983549,1.0685644787948927,0.9976153738252209
Lots-of-LoRAs,task0815,4.283407529748735,1.0663611320730366,1.0028961522548614
Lots-of-LoRAs,task0815,4.451326934182484,1.1050974836951657,1.002864547810667
Lots-of-LoRAs,task0815,4.706220145658389,0.9742938532952081,0.9983886128642406
Lots-of-LoRAs,task0815,5.027570966559148,0.9883204576764102,0.9988038277511961
Lots-of-LoRAs,task0815,4.899652046607622,0.9470933699523161,1.0030057501306848
Lots-of-LoRAs,task0815,5.0521251269597345,0.913599432028768,1.0029746508018624
Lots-of-LoRAs,task0815,5.311581348632701,0.887109888480803,1.0029430582213692
Lots-of-LoRAs,task0815,5.423732878890191,0.9261055234251749,1.0036732108929702
Lots-of-LoRAs,task0815,5.625345759408735,0.9427527445699366,0.9983784458026693
Lots-of-LoRAs,task0815,5.719133592146202,1.0791727732167395,0.9983944670865753
Lots-of-LoRAs,task0815,6.10768310986625,1.0624211545717743,1.0034054974458768
Lots-of-LoRAs,task0815,6.605597387658649,0.9678383475346201,1.004461594115519
Lots-of-LoRAs,task0815,7.330469828591987,1.1071325019715614,1.0044189657231577
Lots-of-LoRAs,task0815,7.38402233289695,0.8998685982178894,1.0036634365398251
Lots-of-LoRAs,task0815,8.598852572458334,1.0276795362121431,1.0036291266682276
Lots-of-LoRAs,task0815,9.682298616090593,0.9904326529040028,0.9994224994224994
Lots-of-LoRAs,task0815,10.48811561136556,1.1504881863917416,1.0041016292582887
Lots-of-LoRAs,task0815,11.703754983604446,1.0629473375520928,1.0044032968273682
Lots-of-LoRAs,task0815,14.555764723370089,1.0681421174061267,1.004363880496811
Lots-of-LoRAs,task0815,18.493435357510155,0.9924579157098212,1.0
Lots-of-LoRAs,task0815,15.444528530641698,0.9224349724963135,1.0023038946791003
Lots-of-LoRAs,task0852,2.2397950427721427,1.0779270225265172,0.9916247906197655
Lots-of-LoRAs,task0852,2.2583591634030022,1.1014932373284456,1.0188679245283019
Lots-of-LoRAs,task0852,2.422738215516045,1.2182399501643497,0.9803767660910518
Lots-of-LoRAs,task0852,2.4287085257733265,2.769111611216245,0.986090775988287
Lots-of-LoRAs,task0852,2.4739901682482475,2.7305911283941846,0.9911202185792349
Lots-of-LoRAs,task0852,2.5137082958638826,2.8225730083550205,0.9916613213598461
Lots-of-LoRAs,task0852,2.492973030526084,3.8211772232720875,0.9957446808510638
Lots-of-LoRAs,task0852,2.6264336612003074,3.0755917721055446,1.0011415525114156
Lots-of-LoRAs,task0852,2.6734612947412395,4.0392617686861,1.0027027027027027
Lots-of-LoRAs,task0852,2.631728227204809,6.392583573786473,1.004106776180698
Lots-of-LoRAs,task0852,2.665332047705981,3.8456985353897837,1.0097895252080273
Lots-of-LoRAs,task0852,2.59276647235915,2.4832145365003866,1.0107426436244746
Lots-of-LoRAs,task0852,2.5546636378446705,2.834527910487917,1.012969588550984
Lots-of-LoRAs,task0852,2.509380777018036,3.280662167839356,1.009841677364142
Lots-of-LoRAs,task0852,2.3679627460189585,2.710384501022959,1.0131904369332234
Lots-of-LoRAs,task0852,2.3534217718229766,2.996415968564018,1.0150913423351866
Lots-of-LoRAs,task0852,2.4700523045963956,3.370354216444332,0.9877732493516117
Lots-of-LoRAs,task0852,2.3941385903828523,3.449479193682119,0.985032074126871
Lots-of-LoRAs,task0852,2.405951470004479,3.4233653261514485,0.9927385892116183
Lots-of-LoRAs,task0852,2.352880237604162,3.2823150487691795,0.9949782390358219
Lots-of-LoRAs,task0852,2.2531418381367567,3.1739406133116,0.9951519069166128
Lots-of-LoRAs,task0852,2.2275968013011473,3.406873491770998,0.9981167608286252
Lots-of-LoRAs,task0852,2.1899458853990406,3.619808631605815,0.9963492546394889
Lots-of-LoRAs,task0852,2.176579165480103,3.1521885938189675,1.0026682478505782
Lots-of-LoRAs,task0852,2.1467742587628633,2.861011783693794,0.9940017137960583
Lots-of-LoRAs,task0852,2.083315527317236,2.9191311641828936,1.0
Lots-of-LoRAs,task0852,1.8359511246218512,2.7062548606710606,0.9975655937246416
Lots-of-LoRAs,task0852,1.8325852556595656,2.7029665011987007,1.005564387917329
Lots-of-LoRAs,task0852,1.83591826250993,2.7502397969228327,1.004641567818463
Lots-of-LoRAs,task0852,1.81984343618595,3.025958756210102,1.0037697914048755
Lots-of-LoRAs,task0852,1.8478139925134915,2.693022377549743,1.0051470588235294
Lots-of-LoRAs,task0852,1.7651384768999858,2.755974281226241,0.998574144486692
Lots-of-LoRAs,task0852,1.7516460999318628,2.9123152068574965,1.002098880597015
Lots-of-LoRAs,task0852,1.6872324963563416,2.69963532429706,0.9986348122866894
Lots-of-LoRAs,task0852,1.6849047212340422,2.5588248468129495,1.0013371963449966
Lots-of-LoRAs,task0852,1.7202451951975226,2.4301388901693604,1.0045831514622436
Lots-of-LoRAs,task0852,1.7325411456369304,2.148599601362567,1.0019157088122606
Lots-of-LoRAs,task0852,1.7426880739741017,2.2707035594658,1.0081624110506489
Lots-of-LoRAs,task0852,1.7662550716880094,2.075702868440377,1.0067553735926305
Lots-of-LoRAs,task0852,1.7765049350245303,1.8920828787712416,1.0072202166064983
Lots-of-LoRAs,task0852,1.768777961880831,1.999258239306125,1.007076862590918
Lots-of-LoRAs,task0852,1.8229401232611289,2.018168374954026,0.9914844203599767
Lots-of-LoRAs,task0852,1.827527950631978,2.005699143312668,0.9933371406815154
Lots-of-LoRAs,task0852,1.8584240931499096,2.079112663565557,1.0078314376281932
Lots-of-LoRAs,task0852,1.8862728885618314,2.340927237185038,1.0071297989031078
Lots-of-LoRAs,task0852,1.91979817962739,2.0921959349160195,1.0043080236941304
Lots-of-LoRAs,task0852,1.9392712142959763,1.6643358106980672,1.0005269629369402
Lots-of-LoRAs,task0852,1.9786462749315303,1.5452798212088328,0.9989655172413793
Lots-of-LoRAs,task0852,2.007339770634931,1.452856081044762,0.9964503042596349
Lots-of-LoRAs,task0852,2.040078414363415,1.7344661867950157,0.997503328894807
Lots-of-LoRAs,task0852,2.1148480926586393,1.2613746530430936,0.996560759908287
Lots-of-LoRAs,task0852,2.1240388628364117,1.387077882093822,0.9951620706337687
Lots-of-LoRAs,task0852,2.163163331439122,1.0980237354129012,0.99476107318622
Lots-of-LoRAs,task0852,2.2072926962924178,1.133281827537118,1.0035753147831494
Lots-of-LoRAs,task0852,2.2614586019758973,1.0604452398530757,0.998932112890923
Lots-of-LoRAs,task0852,2.3357291006049294,1.1030562674303586,1.000301431801055
Lots-of-LoRAs,task0852,2.411587117240077,1.023993053001596,0.9945266272189349
Lots-of-LoRAs,task0852,2.5407285291307042,0.9343138789065123,0.9937244600116755
Lots-of-LoRAs,task0852,2.5611152348452664,0.9010538365619386,0.9955279861511829
Lots-of-LoRAs,task0852,2.596422788771749,0.9408955261940578,0.9943125266600312
Lots-of-LoRAs,task0852,2.452708394202303,0.8604505124391987,1.0060350877192983
Lots-of-LoRAs,task0852,2.610486514372728,0.7619522041008051,1.0038765056070884
Lots-of-LoRAs,task0852,2.6186628073765243,0.6242665452181927,1.0013653741125068
Lots-of-LoRAs,task0852,2.671642628764616,0.7200389312198423,1.0021609940572664
Lots-of-LoRAs,task0852,2.8859920118738986,0.8188146796728343,1.0005336179295625
Lots-of-LoRAs,task0852,3.003314398864208,0.7666121852562853,1.0009239704329462
Lots-of-LoRAs,task0852,3.1375853583517976,0.6444619070098799,0.9985671486257652
Lots-of-LoRAs,task0852,3.206453853016831,0.47624900100569456,0.9993554209101456
Lots-of-LoRAs,task0852,3.401087858570579,0.6295503017725426,0.996691270043268
Lots-of-LoRAs,task0852,3.585767635911366,0.5076264686496395,0.9971025447215923
Lots-of-LoRAs,task0852,3.7810125448580076,0.3805464908636408,0.997131454227987
Lots-of-LoRAs,task0852,3.8817078908493245,0.3968506933851297,0.9975302543837985
Lots-of-LoRAs,task0852,4.017858643031776,0.4627435113744651,0.9975544142822206
Lots-of-LoRAs,task0852,4.389137128150803,0.39434503334517,0.9975781060789537
Lots-of-LoRAs,task0852,4.598515838922146,0.45781330222268596,1.0021472026720744
Lots-of-LoRAs,task0852,4.83731710571399,0.6692551053569942,1.0024813895781637
Lots-of-LoRAs,task0852,5.119222903290994,0.36524332034884405,1.0024581528736978
Lots-of-LoRAs,task0852,5.52143726497717,0.5121265315421396,1.0027832540879045
Lots-of-LoRAs,task0852,6.306975464541069,0.5970556989578354,1.0027576697690452
Lots-of-LoRAs,task0852,7.135777016905806,0.7479138135629416,1.0027325515199819
Lots-of-LoRAs,task0852,7.978712144966161,1.266204328283048,1.0027078867200723
Lots-of-LoRAs,task0852,9.130685057329371,0.9840955536532393,1.0026836632002685
Lots-of-LoRAs,task0852,8.38094928453029,0.9793293786924562,1.0029923528759837
Lots-of-LoRAs,task0852,11.662874685951143,1.138627274892773,0.9993432574430823
Lots-of-LoRAs,task0889,1.961865837979431,3.2544935602187346,0.9868421052631579
Lots-of-LoRAs,task0889,2.815490549003288,1.9784510787921523,0.9991922455573505
Lots-of-LoRAs,task0889,2.8463935996210297,1.6464820227481334,1.0082335329341316
Lots-of-LoRAs,task0889,3.1908952888418862,1.8276152217837058,1.0169381107491857
Lots-of-LoRAs,task0889,3.294389923681985,1.5700469992586208,0.9929345266132831
Lots-of-LoRAs,task0889,3.604986389979452,1.3703078584411714,1.0
Lots-of-LoRAs,task0889,3.8139032503879773,1.3620541285811607,1.0025839793281655
Lots-of-LoRAs,task0889,3.6933509235352613,0.8200646869834449,1.0099543757776857
Lots-of-LoRAs,task0889,3.874959590736948,0.823208537228292,1.0095313741064338
Lots-of-LoRAs,task0889,3.976163191463638,0.9297788172342962,1.0080091533180777
Lots-of-LoRAs,task0889,4.074430842281752,1.0567771313602679,1.0154924382146808
Lots-of-LoRAs,task0889,4.212815701722288,1.103097124920982,0.9821619693185872
Lots-of-LoRAs,task0889,4.275327455698283,1.2972124808035534,0.9838154269972452
Lots-of-LoRAs,task0889,4.528023540258145,1.7110811713060992,1.0128627968337731
Lots-of-LoRAs,task0889,4.575420085419716,1.3630788955385618,1.0124243389614527
Lots-of-LoRAs,task0889,4.872772584773285,1.2093180533464665,1.0148698884758365
Lots-of-LoRAs,task0889,4.809915883817297,1.7032139469371719,1.0107946026986507
Lots-of-LoRAs,task0889,4.9740184519896005,1.7596864948380944,0.9871156661786237
Lots-of-LoRAs,task0889,5.095766866553339,1.9717912428575712,0.9908987485779295
Lots-of-LoRAs,task0889,5.084476985791915,3.7413652348240856,0.9936358605423353
Lots-of-LoRAs,task0889,5.093853007196185,3.7458812907953805,0.9890256959314775
Lots-of-LoRAs,task0889,5.38611192093831,4.294266287899411,0.9963312368972747
Lots-of-LoRAs,task0889,5.6394333242203105,3.366976199572624,0.9979513444302177
Lots-of-LoRAs,task0889,5.367762504865264,2.153520975266104,0.9965078573210276
Lots-of-LoRAs,task0889,5.403522534161565,2.298305297972632,1.0002438429651304
Lots-of-LoRAs,task0889,5.3368385124679625,1.95611010129493,1.0031026252983293
Lots-of-LoRAs,task0889,5.285035726631805,2.4991245366828103,1.0065435849497546
Lots-of-LoRAs,task0889,5.01305813341344,2.1383026482044722,1.0098646478550126
Lots-of-LoRAs,task0889,5.36494886961087,2.891816058228334,1.0082792571044976
Lots-of-LoRAs,task0889,5.563059544043737,3.1752197096371217,0.9971232573578225
Lots-of-LoRAs,task0889,5.4607767926383115,2.2980099351238987,1.0010871928680147
Lots-of-LoRAs,task0889,5.565675498380416,1.691042348312642,1.0036332549690106
Lots-of-LoRAs,task0889,5.812237239553531,4.4190312363404916,1.0004176237210274
Lots-of-LoRAs,task0889,6.298228486666769,2.0185703263308,0.9979587670953256
Lots-of-LoRAs,task0889,6.501866864347875,1.8770382907874898,1.0016067483430409
Lots-of-LoRAs,task0889,7.17216262846465,2.31886067164655,0.9974454706229121
Lots-of-LoRAs,task0889,7.786508508305158,2.491612770444103,0.999806538982395
Lots-of-LoRAs,task0889,8.555411374730904,1.3556930244532004,0.9986732373009856
Lots-of-LoRAs,task0889,8.49556610821534,1.8357082223574994,1.001493651979089
Lots-of-LoRAs,task0889,8.18930733608473,1.4435361065483978,1.0042310522442972
Lots-of-LoRAs,task0889,8.159357821346726,1.8758278961456523,0.9987391930835735
Lots-of-LoRAs,task0889,8.318777969659061,1.0634717264607627,0.9982319660537482
Lots-of-LoRAs,task0889,9.020238063410066,1.7880825526969057,1.0003486750348676
Lots-of-LoRAs,task0889,9.732699080919184,1.1961572917598136,0.9998283261802575
Lots-of-LoRAs,task0889,10.152911546755199,1.337706353614392,1.0018628281117696
Lots-of-LoRAs,task0889,10.428276624418297,2.467975490626315,1.0048454469507102
Lots-of-LoRAs,task0889,10.429868214997116,2.1694635497042785,1.0022958346999016
Lots-of-LoRAs,task0889,11.060640535646344,1.082286778452929,0.9955027304850627
Lots-of-LoRAs,task0889,10.67734158075293,1.412783876750766,0.9969855624305886
Lots-of-LoRAs,task0889,11.24284205398292,1.17370613490588,1.0052868916187219
Lots-of-LoRAs,task0889,12.307535385332926,1.5591339728189375,0.9996946564885496
Lots-of-LoRAs,task0889,13.093519963882292,0.990627273415116,1.0015110305228165
Lots-of-LoRAs,task0889,13.297507815754464,0.9879929502673367,0.9965860175152145
Lots-of-LoRAs,task0889,14.504333747388337,2.036986941729164,1.004811196967488
Lots-of-LoRAs,task0889,14.228385098441837,1.4779725588465404,1.001723395088324
Lots-of-LoRAs,task0889,15.398321249658135,1.275012923450214,1.002555729092716
Lots-of-LoRAs,task0889,17.439860477297753,0.48037441434247286,1.0
Lots-of-LoRAs,task0889,17.556594705193834,0.4908540223231418,1.0
Lots-of-LoRAs,task0889,19.17186523730307,0.3676537433648362,1.0016422608457642
Lots-of-LoRAs,task0889,21.038041223922683,0.9970411666779406,1.002842832002166
Lots-of-LoRAs,task0889,23.71809937661551,0.15830067714227009,1.0028123744475692
Lots-of-LoRAs,task0889,23.669859750417864,1.1311642351220599,0.998021891072135
Lots-of-LoRAs,task0889,27.422721875891572,0.1791663565280043,0.9992170168341381
Lots-of-LoRAs,task0889,27.54315234279581,0.22512779115110237,1.004105722350526
Lots-of-LoRAs,task0889,28.97154515980473,0.14050404878481704,1.0040640081280163
Lots-of-LoRAs,task0889,30.054783164720597,0.10065648141755035,1.004400301734976
Lots-of-LoRAs,task0889,35.02196728150434,0.482916145906866,0.9976517117785193
Lots-of-LoRAs,task0889,40.1362402286934,0.6623912613403743,0.9995095635115253
Lots-of-LoRAs,task0889,38.52540527809672,1.3343166785153067,1.0041042974408498
Lots-of-LoRAs,task0889,41.88375975660042,0.761129800559858,1.000476360604978
Lots-of-LoRAs,task0889,47.72627704279442,0.7407121731434978,0.9990576039580634
Lots-of-LoRAs,task0889,51.30298520820325,0.23734233621372583,0.9966251600139648
Lots-of-LoRAs,task0889,44.78107007298207,1.0352515412572174,0.9970021907067912
Lots-of-LoRAs,task0889,49.72130141140303,0.5589764835101229,0.9977150691191592
Lots-of-LoRAs,task0889,52.56353855677625,0.3536025810798433,0.9977357636137213
Lots-of-LoRAs,task0889,58.50882523604233,0.362267921033686,0.9980926736227982
Lots-of-LoRAs,task0889,66.01868417750755,0.16781889963391614,1.0029903643814375
Lots-of-LoRAs,task0889,80.29401059380584,0.8880398950059091,1.0
Lots-of-LoRAs,task0926,2.4456183136087875,2.1155733055933483,0.9974193548387097
Lots-of-LoRAs,task0926,2.3269887870743813,2.842267253246711,0.9809134287661895
Lots-of-LoRAs,task0926,2.165902309885954,1.9846194085200852,0.9993975903614458
Lots-of-LoRAs,task0926,2.145462380512118,1.8285602964813081,0.9926801801801802
Lots-of-LoRAs,task0926,1.9547913750269432,1.79476895455762,1.0091594827586208
Lots-of-LoRAs,task0926,2.0392851101377563,1.6312395620034512,1.0132450331125828
Lots-of-LoRAs,task0926,1.7194999579373167,1.6780788868088878,0.9966618979494516
Lots-of-LoRAs,task0926,1.8074509153271294,1.3924758390779115,1.0146991272393202
Lots-of-LoRAs,task0926,1.869492265766875,1.546625465429777,1.0133500208594075
Lots-of-LoRAs,task0926,1.9476607574141682,1.4042587368621764,1.007958615200955
Lots-of-LoRAs,task0926,1.9445669732142783,1.6040403253766837,1.0181257231006555
Lots-of-LoRAs,task0926,1.9864646933837005,1.5806157085188273,0.9854423292273237
Lots-of-LoRAs,task0926,2.0119684491832377,1.5162484794441105,0.9913294797687862
Lots-of-LoRAs,task0926,1.9643075374772498,1.423623390771496,1.0010533707865168
Lots-of-LoRAs,task0926,1.9851392399168026,1.1183137845198026,1.0112704918032787
Lots-of-LoRAs,task0926,2.028845059567347,1.1522927148059692,0.984375
Lots-of-LoRAs,task0926,2.046605971653144,1.1795376380792912,0.9944948186528497
Lots-of-LoRAs,task0926,2.098552924612185,1.1233190632480954,0.9928147453920649
Lots-of-LoRAs,task0926,2.0908412308702,1.042781571506383,0.9876728803367408
Lots-of-LoRAs,task0926,2.1525788795748504,1.0864556080121255,0.997651203758074
Lots-of-LoRAs,task0926,2.206901177931292,1.0620154075245252,1.0080459770114942
Lots-of-LoRAs,task0926,2.2691748892179735,1.0403415379406278,1.002771618625277
Lots-of-LoRAs,task0926,2.303698833054756,0.8062914338078163,1.0051309748852282
Lots-of-LoRAs,task0926,2.3941994277343124,0.8176983790054243,1.0097805974094634
Lots-of-LoRAs,task0926,2.394867733683545,0.674185923562558,1.011071060762101
Lots-of-LoRAs,task0926,2.4563474628010193,0.6520511740468584,0.9906659939455096
Lots-of-LoRAs,task0926,2.51640923493708,0.7085310746447461,0.9931017491993102
Lots-of-LoRAs,task0926,2.595772309690893,0.7019031594398905,0.9975839574776516
Lots-of-LoRAs,task0926,2.5903825696741456,0.7204662698577375,1.0026072529035317
Lots-of-LoRAs,task0926,2.7398597924781436,0.8186507293199107,1.0095371016515469
Lots-of-LoRAs,task0926,2.778691037648999,0.8232418577591729,1.0024813895781637
Lots-of-LoRAs,task0926,2.7407944286652257,0.6910675323415972,1.001762114537445
Lots-of-LoRAs,task0926,2.930083805356195,0.5677546231246513,1.0043205875999135
Lots-of-LoRAs,task0926,3.081117880027099,0.5747007991022727,1.007432575918454
Lots-of-LoRAs,task0926,3.231620838946125,0.6581215272009575,1.0085452271779909
Lots-of-LoRAs,task0926,3.328500580056789,0.654526942214609,0.995679012345679
Lots-of-LoRAs,task0926,3.3986924795304376,0.7355891723850152,0.9993938169327137
Lots-of-LoRAs,task0926,3.4013991804781765,0.8612377646256973,1.0041757804732552
Lots-of-LoRAs,task0926,3.5263155429059756,0.8097369157736037,0.9976717112922002
Lots-of-LoRAs,task0926,3.6331231353779048,0.9353262514069732,1.0011483253588516
Lots-of-LoRAs,task0926,3.658340232265,0.808861788515426,0.9960725640546101
Lots-of-LoRAs,task0926,3.580645935043947,0.5454719085754289,1.0080365296803653
Lots-of-LoRAs,task0926,3.704678804623093,0.5817176717825986,0.9935193519351935
Lots-of-LoRAs,task0926,3.8920692377987613,1.0294778031479848,0.9968056787932564
Lots-of-LoRAs,task0926,3.9054602521698776,1.1116497197665183,0.9979002624671915
Lots-of-LoRAs,task0926,3.8353375160626273,0.8110900717527544,0.9953624184129165
Lots-of-LoRAs,task0926,4.0045452051351536,1.791061984931248,0.9944171882930131
Lots-of-LoRAs,task0926,4.140039043954521,0.6554542059379818,0.9959939909864797
Lots-of-LoRAs,task0926,4.104503624407481,0.8317799254088823,1.0071977752331098
Lots-of-LoRAs,task0926,4.284683064269299,0.7878940787434557,0.9941869853059906
Lots-of-LoRAs,task0926,3.9460411281879555,0.4835763771537985,1.00221589110478
Lots-of-LoRAs,task0926,4.06298321990151,0.4209441580887217,0.996583850931677
Lots-of-LoRAs,task0926,4.14579956922085,0.3992953220586459,1.004015444015444
Lots-of-LoRAs,task0926,4.334409580172716,0.3097899391885449,0.9993936637865697
Lots-of-LoRAs,task0926,4.6210390634595715,0.1914424111704604,0.9936030943171675
Lots-of-LoRAs,task0926,4.861272839213263,0.274426546554739,0.9945604234048809
Lots-of-LoRAs,task0926,5.1186556248845045,0.44220464885687133,1.0010109763142692
Lots-of-LoRAs,task0926,5.220536369773621,1.557684953631341,1.0014277555682467
Lots-of-LoRAs,task0926,5.636022742761675,0.3850889130280994,0.9967710234451775
Lots-of-LoRAs,task0926,6.274072121979153,0.4567614219686045,0.9972233791475774
Lots-of-LoRAs,task0926,6.307385005109004,0.5997118165071471,0.9976657970616504
Lots-of-LoRAs,task0926,6.608437120521225,0.5265027047052429,1.0032397408207343
Lots-of-LoRAs,task0926,6.850126930932352,0.28023418825854085,1.0052166934189406
Lots-of-LoRAs,task0926,7.110339788205802,0.7339880360503084,1.0
Lots-of-LoRAs,task0926,7.23479868518954,1.0384901405080567,1.0049184571576495
Lots-of-LoRAs,task0926,7.394749292587507,1.0997316950908076,0.9949264332825977
Lots-of-LoRAs,task0926,7.733121890672666,0.4549040950755562,0.9953540934203917
Lots-of-LoRAs,task0926,7.9068744031785165,0.7103934241864445,0.9954002983590253
Lots-of-LoRAs,task0926,7.836068859938748,0.7005109693602403,0.9954455933037912
Lots-of-LoRAs,task0926,6.893642865032873,0.41937118676952895,1.0019438707325963
Lots-of-LoRAs,task0926,7.940304464933201,0.43189033157668455,1.0022861268198773
Lots-of-LoRAs,task0926,9.29235499280846,0.42008128793105004,1.0022643308306518
Lots-of-LoRAs,task0926,11.453470936234174,0.7049608923857673,1.0025970959745012
Lots-of-LoRAs,task0926,13.448557013431616,0.294913672188862,1.002572798503099
Lots-of-LoRAs,task0926,14.764775057882531,1.0808050834128131,0.9983852364475202
Lots-of-LoRAs,task0926,16.371254793227923,0.6944021501970687,1.002869934565492
Lots-of-LoRAs,task0926,18.425447706381327,1.2648978287242036,1.0033837130611325
Lots-of-LoRAs,task0926,26.123257207233998,0.9339248511986732,0.9987650162793309
Lots-of-LoRAs,task0926,26.111921880593577,0.5245681554930148,1.0033237314424994
Lots-of-LoRAs,task0926,25.265448256972352,0.8584667539615219,1.0032945310784098
Lots-of-LoRAs,task0963,1.3403051806158444,2.4613876233553813,1.017038007863696
Lots-of-LoRAs,task0963,1.2980066051337502,2.463956566098801,0.9969650986342944
Lots-of-LoRAs,task0963,1.2711065653748437,1.7545889167772173,1.0143061516452074
Lots-of-LoRAs,task0963,1.2800692501729678,1.6379297787953189,1.0091923834537098
Lots-of-LoRAs,task0963,1.3052965264240959,1.8678115092293996,1.0086206896551724
Lots-of-LoRAs,task0963,1.3085388740464996,1.9554958638647957,0.9942824471126358
Lots-of-LoRAs,task0963,1.3054432694128375,1.5020725514149382,0.9882226980728052
Lots-of-LoRAs,task0963,1.3229139362735098,1.194136045704252,1.0103145951521402
Lots-of-LoRAs,task0963,1.3787906862166512,1.2005593543709299,0.9857685009487666
Lots-of-LoRAs,task0963,1.382724633898588,1.1487137604272601,1.0041133455210238
Lots-of-LoRAs,task0963,1.3791236735738843,1.0757928183360053,0.987146529562982
Lots-of-LoRAs,task0963,1.3998485121530755,1.0741439034790798,1.0012412081092263
Lots-of-LoRAs,task0963,1.4036353273469937,1.11432433097542,1.0071913703555733
Lots-of-LoRAs,task0963,1.4274587507131333,0.9352987412698327,1.005720823798627
Lots-of-LoRAs,task0963,1.4202130872653238,0.8542353596046781,0.9989078995267565
Lots-of-LoRAs,task0963,1.4383833432211037,0.7175309424437227,1.0170697012802277
Lots-of-LoRAs,task0963,1.4559090295065589,0.6968071029198489,1.0112359550561798
Lots-of-LoRAs,task0963,1.496314265376504,0.7041402105262421,1.0158782666225603
Lots-of-LoRAs,task0963,1.5517538483669024,0.7146067124794663,1.0133928571428572
Lots-of-LoRAs,task0963,1.5860948755800564,0.6611213303343078,0.990031152647975
Lots-of-LoRAs,task0963,1.611240636954444,0.7491710224339837,0.9841079460269865
Lots-of-LoRAs,task0963,1.6571647556290465,0.7885775371013319,0.9941434846266471
Lots-of-LoRAs,task0963,1.668812971667542,0.7729112877608058,0.9917940011318619
Lots-of-LoRAs,task0963,1.6743884760595757,0.6647863506422772,0.9961325966850829
Lots-of-LoRAs,task0963,1.7135159190483777,0.7419853115923882,0.9922563417890521
Lots-of-LoRAs,task0963,1.7451211881392832,0.6675617929975991,1.0002614379084966
Lots-of-LoRAs,task0963,1.806499260038618,0.8685275567914104,0.9964530022802128
Lots-of-LoRAs,task0963,1.8728437515657037,0.8312347772289564,1.00622200099552
Lots-of-LoRAs,task0963,1.9245659340319443,0.712303505005433,1.0097537186052183
Lots-of-LoRAs,task0963,1.9746809804169632,0.7472319607074609,0.9890136135657989
Lots-of-LoRAs,task0963,1.987644047630872,0.705002323357958,1.0106753307031795
Lots-of-LoRAs,task0963,2.040644146500857,0.7611909357281215,0.9922533606744133
Lots-of-LoRAs,task0963,2.0619848854528815,0.70114652815187,0.9984347048300537
Lots-of-LoRAs,task0963,2.100604913027837,0.6174505722858169,1.0030715225976305
Lots-of-LoRAs,task0963,2.141176790027251,0.5662670256653529,1.0023610216784717
Lots-of-LoRAs,task0963,2.20669817953724,0.6745815226781162,1.0035827186512118
Lots-of-LoRAs,task0963,2.2141969729783146,0.5744952295973467,1.009740932642487
Lots-of-LoRAs,task0963,2.282109248254428,0.6596588529059575,0.9932721712538226
Lots-of-LoRAs,task0963,2.3702249437285965,0.6664564244274856,0.9957898957497995
Lots-of-LoRAs,task0963,2.4464732061648644,0.48545282583768407,1.0005912495072922
Lots-of-LoRAs,task0963,2.472772034870506,0.49021098950220293,1.0052478134110787
Lots-of-LoRAs,task0963,2.533322219024569,0.6590959035621614,1.0
Lots-of-LoRAs,task0963,2.5393485975787455,0.6515451554547147,1.002241733607323
Lots-of-LoRAs,task0963,2.516938794427346,0.7256439475366785,0.9967159277504105
Lots-of-LoRAs,task0963,2.480593426885816,0.6956893426292128,0.9946399857066286
Lots-of-LoRAs,task0963,2.5600724465341056,0.867398395055537,1.005595383808358
Lots-of-LoRAs,task0963,2.6544296769191242,1.0306496181930322,0.9984375
Lots-of-LoRAs,task0963,2.7136994167467314,0.7284776002360892,1.0033846674564224
Lots-of-LoRAs,task0963,2.7299392623611958,0.6601842186060792,1.0043369474562136
Lots-of-LoRAs,task0963,2.8288165496298743,0.686981249819164,1.0047736625514403
Lots-of-LoRAs,task0963,2.8889749569290424,0.6817468933572322,1.0071521456436932
Lots-of-LoRAs,task0963,3.0115995575213494,0.6146718971226179,0.9937449879711308
Lots-of-LoRAs,task0963,3.0884064014196992,0.6043988860822388,0.995249406175772
Lots-of-LoRAs,task0963,3.2439159378426403,0.5988995994010854,0.9971839799749687
Lots-of-LoRAs,task0963,3.3453151743407568,0.6785207746470777,1.0035308566165182
Lots-of-LoRAs,task0963,3.457322262450875,0.5629484286375056,0.9966877446552244
Lots-of-LoRAs,task0963,3.661405516208762,0.5782125416397511,0.9976197560249925
Lots-of-LoRAs,task0963,3.7585199700747975,0.7398678809728381,0.9980887974125258
Lots-of-LoRAs,task0963,3.767615813913126,0.6653566187421087,0.998546934030805
Lots-of-LoRAs,task0963,3.9885023381444555,1.097927764407383,1.0031383737517832
Lots-of-LoRAs,task0963,4.213829625452173,0.8096197387952089,1.0035260930888577
Lots-of-LoRAs,task0963,4.380633500069747,0.7460679055972119,1.0043253802148737
Lots-of-LoRAs,task0963,4.626201538625715,0.8312381726447641,1.0042776321236373
Lots-of-LoRAs,task0963,4.9574488562670425,1.2528785465534125,1.0038199181446112
Lots-of-LoRAs,task0963,5.262437174350203,1.0654177097798216,1.004183535762483
Lots-of-LoRAs,task0963,5.6682251372879975,0.9667774583622637,1.003335112059765
Lots-of-LoRAs,task0963,5.948035416676854,1.2568781153274544,1.0040951122853368
Lots-of-LoRAs,task0963,5.866753706441529,0.6308554102271606,1.003878975950349
Lots-of-LoRAs,task0963,6.458369116271495,0.7940683707860022,0.99885394116898
Lots-of-LoRAs,task0963,6.516693334529292,0.7036394476326545,0.9988654985503592
Lots-of-LoRAs,task0963,6.883563037762751,0.7893537610737618,1.0043467461500248
Lots-of-LoRAs,task0963,7.217398104768046,0.9729335144658247,0.9995104638355159
Lots-of-LoRAs,task0963,7.530636886093007,0.6783512220436486,0.9998788025693855
Lots-of-LoRAs,task0963,7.928703039855973,0.6340542703899769,1.000240153698367
Lots-of-LoRAs,task0963,8.764417286383654,1.4375015217049576,0.9998811080727619
Lots-of-LoRAs,task0963,9.28047260696132,0.8325162502401874,1.0001166180758017
Lots-of-LoRAs,task0963,10.501926738536229,1.1564978163850699,1.0001155401502022
Lots-of-LoRAs,task0963,13.160058258298008,0.8003293078962456,1.00011448196909
Lots-of-LoRAs,task0963,16.41271553687795,0.9705386798170248,0.9957081545064378
Lots-of-LoRAs,task0963,21.745541123157608,0.9939166288523237,0.995746586075666
Lots-of-LoRAs,task0963,21.130773945833045,1.1952873692760881,1.003991130820399
Lots-of-LoRAs,task0963,21.182562611641554,1.3030185961210634,1.0023038946791003
Lots-of-LoRAs,task1037,1.6003638220862135,2.1145046610349394,0.9834710743801653
Lots-of-LoRAs,task1037,2.089333288466295,3.8879177367509485,0.9914310197086547
Lots-of-LoRAs,task1037,2.115380000838627,3.896260252617119,0.9944664031620554
Lots-of-LoRAs,task1037,2.0619113899836123,3.84757769114892,0.9905247813411079
Lots-of-LoRAs,task1037,2.0275109364274466,3.7562019042822725,0.9871794871794872
Lots-of-LoRAs,task1037,2.053890229294849,3.7554145279945095,0.9974731522425774
Lots-of-LoRAs,task1037,2.076284056040939,4.163875322673251,1.0119617224880382
Lots-of-LoRAs,task1037,1.9458253441014635,3.844709885503711,1.0164679159568426
Lots-of-LoRAs,task1037,1.6473253004856172,3.4307374951014227,1.0074587107085775
Lots-of-LoRAs,task1037,1.5190840360420017,3.0408634677358304,1.0162767039674465
Lots-of-LoRAs,task1037,1.5688383052926207,3.421342506722352,0.9814405656208572
Lots-of-LoRAs,task1037,1.545891661517848,3.3544809996384184,0.9835858585858586
Lots-of-LoRAs,task1037,1.5378230521992862,3.4528332300246536,0.9914807302231238
Lots-of-LoRAs,task1037,1.4726831726277927,2.8781572241259656,1.0011760094080753
Lots-of-LoRAs,task1037,1.4185505977249393,2.597486559103934,1.001131221719457
Lots-of-LoRAs,task1037,1.4124311681986157,2.479432942355349,1.0
Lots-of-LoRAs,task1037,1.43003649198037,2.517612202867727,0.9989597780859917
Lots-of-LoRAs,task1037,1.4428878283196331,2.595941477762578,1.0040281973816716
Lots-of-LoRAs,task1037,1.4425735811924376,2.5102481784584905,0.995186136071887
Lots-of-LoRAs,task1037,1.4562978016339951,2.6579693060386,1.0056320400500627
Lots-of-LoRAs,task1037,1.4595767801488642,2.6368485616032307,1.0155677655677655
Lots-of-LoRAs,task1037,1.4608735197867337,2.4375705795753952,1.0070505287896592
Lots-of-LoRAs,task1037,1.4712730360778026,2.508248832533926,1.0076704545454545
Lots-of-LoRAs,task1037,1.47595519268487,2.359589321692154,1.0057851239669422
Lots-of-LoRAs,task1037,1.4893485111787335,2.2551215103203646,0.9992010652463382
Lots-of-LoRAs,task1037,1.5193379370288251,2.4932588833810807,1.0062483728195781
Lots-of-LoRAs,task1037,1.5480420071407424,2.599641205103117,1.0053070507960575
Lots-of-LoRAs,task1037,1.5598524007163013,2.3786178063038212,1.0044291338582678
Lots-of-LoRAs,task1037,1.5752111684619696,2.36746835272828,1.0086809741982157
Lots-of-LoRAs,task1037,1.5868582477649043,2.4226249708671515,1.0042194092827004
Lots-of-LoRAs,task1037,1.6000847366947715,2.186694447603738,1.0068744271310723
Lots-of-LoRAs,task1037,1.6077506783595883,2.3145081748758054,1.0020075842070042
Lots-of-LoRAs,task1037,1.5612512771399911,1.8190322661368383,1.0039370078740157
Lots-of-LoRAs,task1037,1.5869169021075706,1.680108163765903,0.998086327875824
Lots-of-LoRAs,task1037,1.6067260849304559,1.7461350465668437,0.9944076222038111
Lots-of-LoRAs,task1037,1.6083675943550553,1.5659258919338224,0.9945222154595252
Lots-of-LoRAs,task1037,1.5996589748124566,1.568187757593841,0.9916798732171157
Lots-of-LoRAs,task1037,1.6025629342059367,1.3209857895338493,1.0073671965878248
Lots-of-LoRAs,task1037,1.5818771368930526,1.2329512761304948,1.0077917141771189
Lots-of-LoRAs,task1037,1.5700783931764488,1.244196107847169,1.003159264077309
Lots-of-LoRAs,task1037,1.5736000917559392,1.16452556879851,1.0014593214155418
Lots-of-LoRAs,task1037,1.5814083207757408,1.2875951416689455,1.007399386392348
Lots-of-LoRAs,task1037,1.630932935038436,1.383008791772029,0.9925320056899004
Lots-of-LoRAs,task1037,1.590396621170255,1.3036859066755946,1.0039965247610774
Lots-of-LoRAs,task1037,1.6183337106474884,1.4092438667246248,1.001880341880342
Lots-of-LoRAs,task1037,1.622052302909947,1.3873095357534202,0.9998319610149554
Lots-of-LoRAs,task1037,1.6070343226615287,1.3723518095974088,0.9953803002804817
Lots-of-LoRAs,task1037,1.610204805231627,1.1537863687631404,0.9973932877158683
Lots-of-LoRAs,task1037,1.6041373799405696,1.0684952957783291,0.9979103038096769
Lots-of-LoRAs,task1037,1.6333976672302144,1.12809935463761,0.9988890652277417
Lots-of-LoRAs,task1037,1.687539564028582,1.0507886527295418,0.9946966151926376
Lots-of-LoRAs,task1037,1.719195087249536,1.0426101132183507,0.9952263627964275
Lots-of-LoRAs,task1037,1.7676975841936566,1.0230790169132844,0.9957407970794037
Lots-of-LoRAs,task1037,1.8127269117243798,0.925126064599153,1.0041909893728485
Lots-of-LoRAs,task1037,1.8934523817772144,0.9455916953225395,0.9962874962874962
Lots-of-LoRAs,task1037,1.9553466101780825,0.7914743672394123,1.004092968864201
Lots-of-LoRAs,task1037,2.0308016831773332,0.8345302786107753,1.0044791215142321
Lots-of-LoRAs,task1037,2.1113472415148036,0.8622446317793698,0.9980130570536475
Lots-of-LoRAs,task1037,2.226975690507858,0.8072129691453573,0.9980353634577603
Lots-of-LoRAs,task1037,2.3064551303960763,0.667598145972459,0.9947463016728881
Lots-of-LoRAs,task1037,2.4039344326980974,0.6928103077383214,0.9948037741009161
Lots-of-LoRAs,task1037,2.507105615586551,0.7100730453963552,0.9952657919653727
Lots-of-LoRAs,task1037,2.535112243785375,0.7225655456092147,1.002798880447821
Lots-of-LoRAs,task1037,2.6224114681385307,0.632278776526386,1.002769352499011
Lots-of-LoRAs,task1037,2.7576446947542426,0.6065256547489627,1.0027404410805167
Lots-of-LoRAs,task1037,2.8967114317734133,0.5284256237099423,1.002712127082526
Lots-of-LoRAs,task1037,2.987798973285384,0.6298405664682232,1.0030678767736163
Lots-of-LoRAs,task1037,3.0926563304607977,0.5412584189505367,1.003036821460205
Lots-of-LoRAs,task1037,3.180272055464993,0.4969548973886183,1.0030063885757234
Lots-of-LoRAs,task1037,3.4572606451099075,0.6599959835442876,1.0029765595932034
Lots-of-LoRAs,task1037,3.483374317535863,0.6726682458377985,1.0033157313029597
Lots-of-LoRAs,task1037,3.747801813027052,0.6164918408634398,1.0036483035388544
Lots-of-LoRAs,task1037,4.060654852692911,0.6234892883865741,1.003613151872817
Lots-of-LoRAs,task1037,4.4076131348290035,0.7280296779522875,1.003578671120124
Lots-of-LoRAs,task1037,4.630195163984028,0.7264969836157791,1.0035448422545197
Lots-of-LoRAs,task1037,4.994989683882293,0.7210496837149392,1.0038628116586679
Lots-of-LoRAs,task1037,5.358094672416858,0.8269330691774879,1.0038269743708685
Lots-of-LoRAs,task1037,6.005714883088199,0.6965301562939752,1.0037917959324372
Lots-of-LoRAs,task1037,7.043216483045934,0.8083604485636595,1.003757258339975
Lots-of-LoRAs,task1037,7.2983093104059344,0.8382278551721384,1.0033837130611325
Lots-of-LoRAs,task1037,7.116761568552057,0.9522523692208779,1.003690036900369
Lots-of-LoRAs,task1037,8.293432061923847,0.9957013988899156,1.001991591059969
Lots-of-LoRAs,task1037,10.616178527559011,1.1462510485829922,1.0
Lots-of-LoRAs,task1111,1.636764519039459,2.649034084109946,0.9905277401894452
Lots-of-LoRAs,task1111,1.6705889258273636,2.649842589178472,1.0167865707434052
Lots-of-LoRAs,task1111,1.6996687441369063,2.6786905742192446,1.0052798310454065
Lots-of-LoRAs,task1111,1.7584757361423256,2.79697057361121,1.016175071360609
Lots-of-LoRAs,task1111,2.042927225199457,3.4210550842071252,0.9807568954457986
Lots-of-LoRAs,task1111,2.064424146316464,3.1375383158021704,0.9838226482923906
Lots-of-LoRAs,task1111,2.0921484504306758,2.9862017081855226,0.9965811965811966
Lots-of-LoRAs,task1111,2.119918119267256,2.9467822154776906,0.9967776584317938
Lots-of-LoRAs,task1111,2.141717074353263,2.9504205390807674,1.0092402464065708
Lots-of-LoRAs,task1111,2.145197607329094,2.8756735213262177,1.014684287812041
Lots-of-LoRAs,task1111,2.1726104859459587,2.9849326673159386,1.0153274500696703
Lots-of-LoRAs,task1111,2.149527626016537,3.089295770776934,1.0177890724269378
Lots-of-LoRAs,task1111,2.181410941079633,3.2679027178846427,1.019520130134201
Lots-of-LoRAs,task1111,2.297627053171225,3.4619982173724435,0.9845922585494176
Lots-of-LoRAs,task1111,2.337666875563957,3.5673299839912707,0.9884267631103074
Lots-of-LoRAs,task1111,2.29509830500806,3.548615330625234,0.9847116052814454
Lots-of-LoRAs,task1111,2.340428440129877,3.5775212196042263,0.9912369396697001
Lots-of-LoRAs,task1111,2.3897901610369314,3.8369615390446468,0.9954233409610984
Lots-of-LoRAs,task1111,2.4031116311576777,4.058989915009266,0.9993670886075949
Lots-of-LoRAs,task1111,2.380382291828453,4.094427698351224,1.0040012311480455
Lots-of-LoRAs,task1111,2.418171686219125,4.365268917902256,1.0056818181818181
Lots-of-LoRAs,task1111,2.3332046161674285,4.0266491000794415,1.0037670240509997
Lots-of-LoRAs,task1111,2.378331384314079,4.2607330929059035,0.9994397759103641
Lots-of-LoRAs,task1111,2.3411862998698765,4.105675720704506,1.0027285129604366
Lots-of-LoRAs,task1111,2.379903136180215,4.239542406237893,1.00504916290194
Lots-of-LoRAs,task1111,2.389048142618901,4.204033939757002,1.0111891751236013
Lots-of-LoRAs,task1111,2.4172773085978627,4.402652243479116,1.010126582278481
Lots-of-LoRAs,task1111,2.390647224230495,4.176291156777609,1.0076467686235817
Lots-of-LoRAs,task1111,2.4423537534933324,4.447509294953969,1.011844331641286
Lots-of-LoRAs,task1111,2.49352827008162,4.570497304320632,1.0072684642438452
Lots-of-LoRAs,task1111,2.541767274726498,4.729318834515861,1.0057221332112611
Lots-of-LoRAs,task1111,2.5828713690674467,4.793934760695903,1.0008906702293476
Lots-of-LoRAs,task1111,2.5469713557654052,4.928089913460733,1.0034865983874481
Lots-of-LoRAs,task1111,2.59217938316907,5.06723480208117,1.0092037671232876
Lots-of-LoRAs,task1111,2.6164078570880274,5.070579264718287,1.0033333333333334
Lots-of-LoRAs,task1111,2.5926783247284795,5.0055588273082074,1.0002031694433158
Lots-of-LoRAs,task1111,2.510185165719058,4.712458154315474,1.000199203187251
Lots-of-LoRAs,task1111,2.49346807412958,4.801388439705514,1.0031372549019608
Lots-of-LoRAs,task1111,2.529970738927237,4.56206410335991,1.005396030063596
Lots-of-LoRAs,task1111,2.4988923341541467,4.208355106804056,1.001316531878879
Lots-of-LoRAs,task1111,2.4227650439172517,4.227846727117332,0.9996312684365781
Lots-of-LoRAs,task1111,2.4241020520257046,4.453692183597789,0.994230075730256
Lots-of-LoRAs,task1111,2.4363215318701963,4.354013944669349,0.9948563320326357
Lots-of-LoRAs,task1111,2.3932058021815124,4.363162252032352,0.9933786373932741
Lots-of-LoRAs,task1111,2.42429642275432,4.157734502547642,0.9945007733287506
Lots-of-LoRAs,task1111,2.4169754936622967,3.9305505637650633,0.9930637793943495
Lots-of-LoRAs,task1111,2.214018178038283,3.412570077686507,1.000994530084535
Lots-of-LoRAs,task1111,2.263662200933969,3.5340045288640582,0.9990208877284595
Lots-of-LoRAs,task1111,2.2500880794066354,3.1954611440824445,1.0041540182137723
Lots-of-LoRAs,task1111,2.189519400385542,3.2801881359576677,1.0036249014972418
Lots-of-LoRAs,task1111,2.2466364077373675,3.366214798306598,0.9965996908809892
Lots-of-LoRAs,task1111,2.289555854909956,3.2497668602152574,0.9961884433602683
Lots-of-LoRAs,task1111,2.196539803102908,2.9996960985902823,1.0051051051051052
Lots-of-LoRAs,task1111,2.2444167728403484,3.1725043277101457,1.0037042524818491
Lots-of-LoRAs,task1111,2.2912303670775613,3.448387408283924,1.0040983606557377
Lots-of-LoRAs,task1111,2.3749816023606347,3.639156645994481,0.9988490864623795
Lots-of-LoRAs,task1111,2.47052998291056,3.7947623784883793,0.9950410881269481
Lots-of-LoRAs,task1111,2.2892760305156346,3.1450486145391725,1.0037730575740638
Lots-of-LoRAs,task1111,2.4158491046675272,3.339986841349975,0.9951510113604877
Lots-of-LoRAs,task1111,2.411114424186991,3.0592487061699742,1.0036905412793877
Lots-of-LoRAs,task1111,2.3722976918591074,2.8554480042606647,1.0040562466197944
Lots-of-LoRAs,task1111,2.4564614050614835,2.7157740262440924,1.0040128410914928
Lots-of-LoRAs,task1111,2.559189087944032,2.8813303617314663,1.0039703546850185
Lots-of-LoRAs,task1111,2.6776727056281815,2.652684329392585,1.00392875851231
Lots-of-LoRAs,task1111,2.774889060230171,3.0246286228975783,1.0038880248833593
Lots-of-LoRAs,task1111,2.854255296511844,2.888933450642042,1.004232939969215
Lots-of-LoRAs,task1111,3.023426083543641,2.7340635942136506,1.0041899441340782
Lots-of-LoRAs,task1111,3.2003634183931964,2.91869042371033,1.0018811136192627
Lots-of-LoRAs,task1111,3.3462153270835917,2.2167618323434066,0.9966650197628458
Lots-of-LoRAs,task1111,3.4318124664277945,2.106537679049538,0.9966976516634051
Lots-of-LoRAs,task1111,3.7426728490021017,2.1461036593158105,0.997093023255814
Lots-of-LoRAs,task1111,4.052516741547603,2.142103300709673,0.9971209213051824
Lots-of-LoRAs,task1111,3.934036724549,1.893410723997567,0.997148288973384
Lots-of-LoRAs,task1111,4.223963690718786,1.8294038825372323,0.9971751412429378
Lots-of-LoRAs,task1111,4.228607300689992,1.934084635554175,0.9975513059701493
Lots-of-LoRAs,task1111,4.564729368317865,1.6854558350589528,0.9979205175600739
Lots-of-LoRAs,task1111,4.992417213380804,1.5758834116009408,0.9979395604395604
Lots-of-LoRAs,task1111,4.815466591291345,1.3751809164271862,0.9979582577132486
Lots-of-LoRAs,task1111,4.797667647720131,1.327568392577335,0.997976618705036
Lots-of-LoRAs,task1111,5.555341692765069,1.3095063627734786,0.9983288770053476
Lots-of-LoRAs,task1111,5.125363130505989,1.1554390720021004,0.9986749116607774
Lots-of-LoRAs,task1111,5.915856110964583,1.2825087278925562,0.9986865148861647
Lots-of-LoRAs,task1148,6.5411827416049695,15.595712964253138,1.0026737967914439
Lots-of-LoRAs,task1148,4.631013204810575,3.542707566757178,1.017825311942959
Lots-of-LoRAs,task1148,6.08371283386423,3.70783290024806,0.9829290206648698
Lots-of-LoRAs,task1148,6.6734561481379595,3.858257478773571,0.9966969446738233
Lots-of-LoRAs,task1148,8.530996739589181,5.664659209501228,0.9924642049736248
Lots-of-LoRAs,task1148,8.788441582109254,8.246623320566849,1.0035310734463276
Lots-of-LoRAs,task1148,10.201112466137333,11.072779149311073,0.9973684210526316
Lots-of-LoRAs,task1148,13.912286844163708,12.71665644426935,0.9865525672371638
Lots-of-LoRAs,task1148,16.237349208850446,8.320612043912629,1.0046620046620047
Lots-of-LoRAs,task1148,18.286564785230002,6.785461999172396,0.9994532531437944
Lots-of-LoRAs,task1148,21.915828864500686,6.322398949777811,1.008849557522124
Lots-of-LoRAs,task1148,25.245174013968192,10.622822418825598,1.012858555885262
Lots-of-LoRAs,task1148,30.54939836334447,9.363281040039192,0.9862700228832952
Lots-of-LoRAs,task1148,30.290257317360727,8.737419113930718,0.9947437582128777
Lots-of-LoRAs,task1148,33.562124290053525,13.542532965583154,1.0050654284508231
Lots-of-LoRAs,task1148,37.1519533299068,7.336362015910001,1.004852405984634
Lots-of-LoRAs,task1148,34.363833435567514,6.004371516550453,1.0070011668611436
Lots-of-LoRAs,task1148,38.841647646608244,9.901949253764583,1.0086642599277977
Lots-of-LoRAs,task1148,39.62912506245192,6.849798436273441,1.0146904512067156
Lots-of-LoRAs,task1148,41.570552786429616,4.599200960717498,0.9870704321197686
Lots-of-LoRAs,task1148,45.73186053527675,8.008061605327592,1.0156657963446476
Lots-of-LoRAs,task1148,47.8498137109134,7.639486004980371,0.9879365079365079
Lots-of-LoRAs,task1148,43.83356874324844,8.25867566375969,0.9975186104218362
Lots-of-LoRAs,task1148,40.713987873277134,4.711512080508565,0.9966976883818673
Lots-of-LoRAs,task1148,40.026711825449404,4.581127844702224,0.9959349593495935
Lots-of-LoRAs,task1148,44.4144802650443,9.42179062800625,0.9968944099378882
Lots-of-LoRAs,task1148,49.277114578258754,8.491344679085703,0.9969879518072289
Lots-of-LoRAs,task1148,48.66727473606826,2.7111075086702745,1.0050951997854654
Lots-of-LoRAs,task1148,50.57696143033414,8.871430667828779,1.0033915992695017
Lots-of-LoRAs,task1148,54.13201884136473,6.802349057251397,0.9957081545064378
Lots-of-LoRAs,task1148,53.383624518837784,9.546047734860167,0.9972919743968488
Lots-of-LoRAs,task1148,55.49374365119471,7.1464969690089655,0.9995192307692308
Lots-of-LoRAs,task1148,60.624402019981076,6.958476934563405,0.9925373134328358
Lots-of-LoRAs,task1148,60.268705926568785,2.185434402340488,0.9900090826521344
Lots-of-LoRAs,task1148,57.81520885358215,3.135677869366603,0.9889159831522943
Lots-of-LoRAs,task1148,63.65631436939461,4.428873480932035,1.0084178717893373
Lots-of-LoRAs,task1148,66.55401204067164,4.48402362840318,0.9913006577551453
Lots-of-LoRAs,task1148,67.19846476636245,4.6660032412092916,0.994575422491133
Lots-of-LoRAs,task1148,68.71820052256066,2.217410966884845,1.0002053388090348
Lots-of-LoRAs,task1148,68.66481324400478,5.483327547859791,0.9930055955235811
Lots-of-LoRAs,task1148,72.45983434470017,20.560880477323206,0.9972478867701986
Lots-of-LoRAs,task1148,79.87447990911132,13.723419316569412,0.9967251011365825
Lots-of-LoRAs,task1148,89.79299655761218,3.0060338362301304,0.9979142965491088
Lots-of-LoRAs,task1148,86.56138296167788,4.197896527532518,0.9940630797773655
Lots-of-LoRAs,task1148,90.1724127217264,1.4624505605359066,0.995249406175772
Lots-of-LoRAs,task1148,96.13306251053046,1.462906799680546,0.9990995858094723
Lots-of-LoRAs,task1148,99.1506141629563,2.4879311407529037,1.000709723207949
Lots-of-LoRAs,task1148,103.11097621692997,2.356126265093966,0.9980836236933798
Lots-of-LoRAs,task1148,101.58661372645388,1.1340874935024443,0.9996563573883162
Lots-of-LoRAs,task1148,97.49851558493448,2.2128782083993483,1.000169147496617
Lots-of-LoRAs,task1148,103.63649615111581,1.2664173169097745,1.0016680567139282
Lots-of-LoRAs,task1148,100.41103025151287,1.1151762888066423,1.0051155115511552
Lots-of-LoRAs,task1148,111.67121243528551,1.1159995287419422,1.0050316507060542
Lots-of-LoRAs,task1148,119.40168542863682,0.45585665495852423,1.0039961636828645
Lots-of-LoRAs,task1148,137.7782669310004,2.0002548563730413,1.0006280420788194
Lots-of-LoRAs,task1148,148.1450514520025,0.7105532734987084,1.0024798512089275
Lots-of-LoRAs,task1148,118.06158305309481,0.49571769194414445,0.9987819732034104
Lots-of-LoRAs,task1148,130.1947619646365,1.029301867487755,0.9987971733573898
Lots-of-LoRAs,task1148,162.64964771393497,0.3282214512523903,0.9961475774188768
Lots-of-LoRAs,task1148,187.48162008397367,1.061669641826596,0.99445012414196
Lots-of-LoRAs,task1148,157.65456711759538,0.5705671877844186,1.0038826574633304
Lots-of-LoRAs,task1148,142.53880065966374,1.3054678148722225,1.0021252479455935
Lots-of-LoRAs,task1148,149.32872719218346,0.23367065795572933,1.002521714766041
Lots-of-LoRAs,task1148,231.45207752345553,0.7143818207935666,0.9971086327963652
Lots-of-LoRAs,task1148,287.5413610911887,0.2364507670316929,0.9971401334604385
Lots-of-LoRAs,task1148,291.4139571513407,0.29553174294036116,0.9947608812466416
Lots-of-LoRAs,task1148,308.13041832091875,0.3070992655017393,1.0050404562939381
Lots-of-LoRAs,task1148,334.3604353349512,3.2198821564346405,1.0026188293832656
Lots-of-LoRAs,task1148,345.5675416268489,0.25323539165972275,1.00453544123364
Lots-of-LoRAs,task1148,300.9127955101402,0.5050779175432456,1.0025601638504864
Lots-of-LoRAs,task1148,260.89541233076056,0.3256309941710023,1.0006323510813204
Lots-of-LoRAs,task1148,248.3616034947213,0.8692580696615028,0.9991252186953262
Lots-of-LoRAs,task1148,375.8599953338522,0.34701907225216044,0.9991338777530314
Lots-of-LoRAs,task1148,399.93707987423767,2.1495589494176355,1.0015799708313078
Lots-of-LoRAs,task1148,362.8342098705326,1.3107909335837158,0.9997597020305179
Lots-of-LoRAs,task1148,403.31520508656405,0.24422849162747348,1.00011900511722
Lots-of-LoRAs,task1148,389.2074112488582,0.028187148024304193,1.0001178828244726
Lots-of-LoRAs,task1148,262.4771320218385,1.2850831094796349,1.0001167815018102
Lots-of-LoRAs,task1148,504.0897109621954,0.9870998791177791,1.0001157005669328
Lots-of-LoRAs,task1148,612.753492595761,1.2644612708874525,0.9966891197625299
Lots-of-LoRAs,task1148,760.9414824368375,1.3063503980324926,0.9970584907794999
Lots-of-LoRAs,task1148,806.7090295886183,1.3834965588702333,0.9994380759721285
Lots-of-LoRAs,task1148,1182.9947348545736,0.488161083435044,0.9971107900877876
Lots-of-LoRAs,task1148,767.2462702103463,0.33093607783211426,1.0016445565179257
Lots-of-LoRAs,task1333,1.5738260757716502,98.35318297825764,0.9838709677419355
Lots-of-LoRAs,task1333,1.4755687881683759,31.676905464217366,1.0017094017094017
Lots-of-LoRAs,task1333,1.3867310150262313,9.608313197247474,0.9927745664739884
Lots-of-LoRAs,task1333,1.379363190874549,5.837098756366096,0.9937185929648241
Lots-of-LoRAs,task1333,1.4133779217542786,4.243067596133811,1.0112612612612613
Lots-of-LoRAs,task1333,1.5553584294374994,2.1071287833976915,0.9814951887490747
Lots-of-LoRAs,task1333,1.5564652650257096,2.1001587381240654,0.9889349930843707
Lots-of-LoRAs,task1333,1.5371723781301878,2.0789394082284125,0.9993510707332901
Lots-of-LoRAs,task1333,1.560981640355815,2.2666047304474644,1.012338062924121
Lots-of-LoRAs,task1333,1.6256203059202103,2.332992062248717,0.9967914438502674
Lots-of-LoRAs,task1333,1.652116634364886,2.4397571141514645,1.0123076923076924
Lots-of-LoRAs,task1333,1.7186335236678882,2.356403566178611,1.0028915662650602
Lots-of-LoRAs,task1333,1.7175940777374994,2.671835799425077,1.0180974477958236
Lots-of-LoRAs,task1333,1.7223867954213905,2.467577518171886,1.018543046357616
Lots-of-LoRAs,task1333,1.7572064297888128,2.445071749806903,0.9837953091684435
Lots-of-LoRAs,task1333,1.7842328267562724,2.1713330686693295,0.9942268041237113
Lots-of-LoRAs,task1333,1.804636275152767,2.1779597795610677,0.9874509803921568
Lots-of-LoRAs,task1333,1.8521713525070007,2.0397964163476754,0.9980966882375333
Lots-of-LoRAs,task1333,1.9001211441614037,1.835954219243415,1.0059106021425932
Lots-of-LoRAs,task1333,1.9602379021117138,1.7213577558613598,1.0175816289917474
Lots-of-LoRAs,task1333,2.0177927626162773,1.7090212370815978,1.011712022046159
Lots-of-LoRAs,task1333,2.063016413658081,1.7987382937256184,0.9845792826014079
Lots-of-LoRAs,task1333,2.0772288799109573,1.5060435423045873,1.0138486312399355
Lots-of-LoRAs,task1333,2.1241619858215235,1.8172005380656946,0.9883830455259026
Lots-of-LoRAs,task1333,2.145498127202226,1.9049655986414316,0.996937212863706
Lots-of-LoRAs,task1333,2.136655943289087,1.9430716884722563,1.0059790732436473
Lots-of-LoRAs,task1333,2.1211254504537203,1.6117545879379167,0.9919862621637092
Lots-of-LoRAs,task1333,2.164498647351121,1.4288104132853725,0.9864491150442478
Lots-of-LoRAs,task1333,2.260381349853517,1.4271930400090174,0.9908083265747499
Lots-of-LoRAs,task1333,2.3182755363954466,1.3207322717948953,0.9973516949152542
Lots-of-LoRAs,task1333,2.3290950460594853,1.4251297109075112,0.992827868852459
Lots-of-LoRAs,task1333,2.3970668023101225,1.2306051017268655,0.9967369477911646
Lots-of-LoRAs,task1333,2.461306773161175,1.3137327028851469,1.0034448818897639
Lots-of-LoRAs,task1333,2.4518898917094814,1.3673502058556195,1.0033540967896502
Lots-of-LoRAs,task1333,2.4880976151281593,1.0918355764491203,1.0096447894613032
Lots-of-LoRAs,task1333,2.5321651707394617,1.2477345135199331,1.0114968958381236
Lots-of-LoRAs,task1333,2.633253839714386,1.169843044133936,1.006494960806271
Lots-of-LoRAs,task1333,2.7112891366572685,1.3420118823569822,1.0017440592980162
Lots-of-LoRAs,task1333,2.737310027026509,1.3168606771520643,1.0055710306406684
Lots-of-LoRAs,task1333,2.8325904246598332,0.9338747918537461,0.9991657977059437
Lots-of-LoRAs,task1333,2.8561310486627614,1.0559035649490482,0.9955229955229955
Lots-of-LoRAs,task1333,2.8813079059641558,0.9928784511153231,0.9985983179815779
Lots-of-LoRAs,task1333,2.932260379434224,0.8595133823979292,1.0021679148600708
Lots-of-LoRAs,task1333,2.8644775743568105,0.9712570208415949,0.9980743308299634
Lots-of-LoRAs,task1333,2.9031179309661463,1.052796785621828,1.001516300227445
Lots-of-LoRAs,task1333,2.867202313096669,0.9334582145100228,0.9948100092678406
Lots-of-LoRAs,task1333,3.050309236663423,0.7352962439833645,0.9987214611872146
Lots-of-LoRAs,task1333,3.0986732164190145,0.9721233319160092,0.9923173128461676
Lots-of-LoRAs,task1333,3.199520809130953,1.0113605454524095,0.9971816100052845
Lots-of-LoRAs,task1333,3.30742347133136,1.2116103813625456,0.997741879451103
Lots-of-LoRAs,task1333,3.3749722436049234,1.0677521377571928,1.0003426417680314
Lots-of-LoRAs,task1333,3.4380199120029276,0.7605697732096999,0.9958004367545775
Lots-of-LoRAs,task1333,3.4782809849500436,0.8401106100571405,1.0060905349794238
Lots-of-LoRAs,task1333,3.7128013225115533,0.8435613119328446,0.9991935483870967
Lots-of-LoRAs,task1333,3.7952369927843317,0.6603976032503145,1.0006369426751593
Lots-of-LoRAs,task1333,3.929117414484542,0.45372765581688823,1.0020440251572327
Lots-of-LoRAs,task1333,4.1303739498855245,0.6183616950776265,1.0020186335403727
Lots-of-LoRAs,task1333,4.262854053178558,0.794903906360623,0.995584652862363
Lots-of-LoRAs,task1333,4.415117884906217,0.9119276268415984,1.004035874439462
Lots-of-LoRAs,task1333,4.671989325625248,0.9689627257149426,1.0044313146233383
Lots-of-LoRAs,task1333,5.018709120613072,0.7434290068325096,0.9995643334301482
Lots-of-LoRAs,task1333,5.360220543479286,0.921891762111628,1.0
Lots-of-LoRAs,task1333,5.478572620855007,1.0031918942640756,1.0008515469770083
Lots-of-LoRAs,task1333,5.733116381921485,0.8209743315965228,1.0016839741790626
Lots-of-LoRAs,task1333,6.05202416755186,0.67343621992926,0.9958643507030603
Lots-of-LoRAs,task1333,6.353930161000983,0.7747809643393442,1.0032953453247289
Lots-of-LoRAs,task1333,6.580235751776834,0.6476365948433742,0.9979759816489003
Lots-of-LoRAs,task1333,6.901389937384146,0.7004461625592703,0.9987985582699239
Lots-of-LoRAs,task1333,6.879716013207305,0.8428272717358468,0.9992078162133615
Lots-of-LoRAs,task1333,6.9938260632036755,0.8128329614264566,0.9996080480794356
Lots-of-LoRAs,task1333,7.696283292443439,0.8793736465025157,1.0
Lots-of-LoRAs,task1333,8.490603973525133,1.0302425751726056,0.9950337450655801
Lots-of-LoRAs,task1333,8.973158785820068,1.1668155775748141,0.995461994201437
Lots-of-LoRAs,task1333,10.35042170212291,1.7058141752222233,0.9955073006364658
Lots-of-LoRAs,task1333,10.614201573790256,1.0766735834317067,1.0028314662070663
Lots-of-LoRAs,task1333,11.374198319935909,1.9333895981971363,1.0028028271996101
Lots-of-LoRAs,task1333,12.241643038505222,1.3584110474527187,0.997718539865514
Lots-of-LoRAs,task1333,13.251346902997065,1.902978256220019,0.9980970504281637
Lots-of-LoRAs,task1333,14.938672321562944,1.3732600145474634,0.9953040619863818
Lots-of-LoRAs,task1333,17.76152927378877,0.9968047932348107,0.9953477552919283
Lots-of-LoRAs,task1333,21.644324346171565,0.8669188516790153,1.0032187607771008
Lots-of-LoRAs,task1333,26.65037065719702,2.1913485394616634,0.9977342245383483
Lots-of-LoRAs,task1333,33.9377385401993,0.8388142448225853,1.0026827632461435
Lots-of-LoRAs,task1333,56.135814823022145,0.9495369323445711,1.0029913582982495
Lots-of-LoRAs,task1333,50.64655716240802,1.1814832800972022,1.0016445565179257
Lots-of-LoRAs,task1370,1.6374919047296932,10.208257826047417,0.9884393063583815
Lots-of-LoRAs,task1370,1.629959595918617,7.288688681209327,0.986284289276808
Lots-of-LoRAs,task1370,1.6382945135752678,5.154923452939276,0.9911991199119912
Lots-of-LoRAs,task1370,1.6854591257459,3.5058734485928893,0.9920792079207921
Lots-of-LoRAs,task1370,1.7527215455814398,4.5916693259012815,1.0174311926605504
Lots-of-LoRAs,task1370,1.8882703281731659,4.2078049047593105,0.9807162534435262
Lots-of-LoRAs,task1370,1.8277791189434724,4.046245274458723,0.9820397690827454
Lots-of-LoRAs,task1370,1.8514958196858384,3.4210140690341255,0.9885542168674699
Lots-of-LoRAs,task1370,1.8709778727924362,3.718092007349281,0.9892290249433107
Lots-of-LoRAs,task1370,1.8735212329088595,3.3257418207724405,1.001081081081081
Lots-of-LoRAs,task1370,1.891900741495808,4.294576630805865,1.007209062821833
Lots-of-LoRAs,task1370,1.9779292804082422,4.19684382496427,0.9980676328502416
Lots-of-LoRAs,task1370,1.9785622323745977,3.952519019839051,1.002309468822171
Lots-of-LoRAs,task1370,2.054905685374337,1.984466808590048,1.0093306288032455
Lots-of-LoRAs,task1370,2.162476815178426,2.105954968265714,0.9874572405929305
Lots-of-LoRAs,task1370,2.169137515851154,2.166333623815475,0.9847105933745904
Lots-of-LoRAs,task1370,2.110917856786762,1.9922145405703369,1.0110841704191202
Lots-of-LoRAs,task1370,2.167312311259978,2.0242347061429413,0.9838220424671386
Lots-of-LoRAs,task1370,2.172956158805679,1.331378822063479,1.0142718131689912
Lots-of-LoRAs,task1370,2.178146288222018,1.48460302369382,1.0166614272241434
Lots-of-LoRAs,task1370,2.2919205025763545,1.569029376619187,1.014268366727383
Lots-of-LoRAs,task1370,2.3529427764388875,1.444333432031142,0.9902193242442205
Lots-of-LoRAs,task1370,2.326892605770314,1.5965452847713646,0.9871060171919771
Lots-of-LoRAs,task1370,2.390835447065211,1.114139743267366,1.0147099639189565
Lots-of-LoRAs,task1370,2.4229257748549613,1.4042746733463611,1.006979865771812
Lots-of-LoRAs,task1370,2.340133669276609,1.0240369820936923,1.0020811654526536
Lots-of-LoRAs,task1370,2.3724334990813523,1.043271457441829,1.0035487959442333
Lots-of-LoRAs,task1370,2.4514818393271427,1.7076960892064874,1.0101863354037266
Lots-of-LoRAs,task1370,2.5211500670885316,1.387089199673,0.9904993909866017
Lots-of-LoRAs,task1370,2.7086840874832387,0.9351781789955246,1.0047247814788567
Lots-of-LoRAs,task1370,2.7848330778884463,0.886272640247803,0.9881505576208178
Lots-of-LoRAs,task1370,2.748782703574898,0.7611373791399179,0.9938412408759124
Lots-of-LoRAs,task1370,2.754107597573683,0.6758485415187022,0.9993288590604027
Lots-of-LoRAs,task1370,2.821196077395822,0.5698012765361298,1.0
Lots-of-LoRAs,task1370,2.8729677402749942,0.7900071063028464,1.003877638948729
Lots-of-LoRAs,task1370,2.904907940739496,1.1298824571437212,1.0089285714285714
Lots-of-LoRAs,task1370,2.9517593268518167,1.0253904530391662,1.0056016597510373
Lots-of-LoRAs,task1370,2.970844584291543,0.7538001546749189,0.9993936944219887
Lots-of-LoRAs,task1370,2.9663095047919175,0.7997304229966747,0.9958432304038005
Lots-of-LoRAs,task1370,2.9501572578401456,0.7926191656405662,1.001171188756588
Lots-of-LoRAs,task1370,2.9996236033595363,0.8441848908761679,1.000574272588055
Lots-of-LoRAs,task1370,3.2190794136066447,0.9175810878911845,0.9960629921259843
Lots-of-LoRAs,task1370,3.348318232317556,0.8382881474103797,0.9983404019915176
Lots-of-LoRAs,task1370,3.578093976841878,0.7328067902677738,0.9989108731167181
Lots-of-LoRAs,task1370,3.457196465876312,0.7833854212160422,1.0010729613733906
Lots-of-LoRAs,task1370,3.5657705100389205,0.8067313418291806,1.0015842281288505
Lots-of-LoRAs,task1370,3.6871087611411713,1.0276903538573134,1.0036452004860268
Lots-of-LoRAs,task1370,3.695539860371477,1.04122487311456,0.9969434538970963
Lots-of-LoRAs,task1370,3.919837025319052,1.0049754407783578,0.9930058284762697
Lots-of-LoRAs,task1370,4.153061289928593,1.2201358234077904,0.9931079750574335
Lots-of-LoRAs,task1370,4.452868596779513,0.6884059740345078,0.9956225680933852
Lots-of-LoRAs,task1370,4.611346833307127,0.7230467051034097,1.002700127064803
Lots-of-LoRAs,task1370,4.8082391949045995,0.6156780894901409,0.9993761696818465
Lots-of-LoRAs,task1370,4.974316371441536,0.6000724433228393,0.9998461064943059
Lots-of-LoRAs,task1370,4.960055629904882,0.48842604702594367,0.9944108761329306
Lots-of-LoRAs,task1370,5.372365797617905,0.6743891739686451,1.0050520059435364
Lots-of-LoRAs,task1370,5.637893773733167,0.7035980733658169,0.9932452276064611
Lots-of-LoRAs,task1370,5.895590786137707,0.726397638265703,1.0036111512350137
Lots-of-LoRAs,task1370,6.099159258966217,0.39337339569501584,1.003998286448665
Lots-of-LoRAs,task1370,6.55107962654667,1.2322936697030777,1.0014064697609002
Lots-of-LoRAs,task1370,6.5726498191829235,0.38378226276484684,1.001808066759388
Lots-of-LoRAs,task1370,6.878758454210039,0.588872230879939,0.9972636475578055
Lots-of-LoRAs,task1370,7.035218692094942,0.5600644621485036,0.9948780159051085
Lots-of-LoRAs,task1370,7.233160281351294,0.3087282250369347,0.9949407535614432
Lots-of-LoRAs,task1370,7.313316930788061,0.7665098867232428,0.9969652988520913
Lots-of-LoRAs,task1370,7.218009056816339,0.9988024306689619,0.995828444792074
Lots-of-LoRAs,task1370,7.175610700903791,0.9668123890968431,1.0046338010039901
Lots-of-LoRAs,task1370,7.8097374780638855,1.3003370231922784,0.9959168048998341
Lots-of-LoRAs,task1370,7.823853858416719,0.6357787542189931,0.9978510934142334
Lots-of-LoRAs,task1370,9.05153358003781,0.8229828810066077,0.996753652141341
Lots-of-LoRAs,task1370,9.597601128490806,0.7263857290821752,0.9978983805167512
Lots-of-LoRAs,task1370,9.478076976656467,1.3736836785374982,0.998286203941731
Lots-of-LoRAs,task1370,9.559729228606372,0.5878368485858009,0.9950459159014017
Lots-of-LoRAs,task1370,10.770525380621853,1.763417438588621,0.9986793132428863
Lots-of-LoRAs,task1370,9.235968323304862,0.7850705529787134,1.0014159292035398
Lots-of-LoRAs,task1370,8.603656907929096,0.9880129933279158,1.002104032729398
Lots-of-LoRAs,task1370,9.755974952717597,1.5548595283028275,1.0020845396641576
Lots-of-LoRAs,task1370,10.11612539702318,1.0356330790193096,1.002065404475043
Lots-of-LoRAs,task1370,10.876957848954905,0.3468850833803874,1.002046617396248
Lots-of-LoRAs,task1370,11.564172815088032,1.0061699245685527,1.0023661971830986
Lots-of-LoRAs,task1370,12.770826502393975,1.5925507115798425,1.0023450586264657
Lots-of-LoRAs,task1370,14.948642331292207,0.42096483261929313,1.0023242944106254
Lots-of-LoRAs,task1370,18.665208254276138,0.5356892678564934,1.0023038946791003
Lots-of-LoRAs,task1407,1.3523876426384516,2.595080656587815,1.0148305084745763
Lots-of-LoRAs,task1407,1.3828171606649304,2.0725747414995523,0.9948529411764706
Lots-of-LoRAs,task1407,1.405449648644042,2.2806158047107528,1.0116838487972508
Lots-of-LoRAs,task1407,1.3451976326003834,2.314627306479623,1.0162519045200609
Lots-of-LoRAs,task1407,1.340527121053367,2.3138220761524675,1.0153920153920153
Lots-of-LoRAs,task1407,1.3224307677918108,2.3814020826173503,1.0160550458715596
Lots-of-LoRAs,task1407,1.2986020215664968,2.463417448835455,1.015793528505393
Lots-of-LoRAs,task1407,1.3014825560257688,2.5072163909269083,1.0185391175380052
Lots-of-LoRAs,task1407,1.3300991668147741,2.701424865771261,0.9860014357501795
Lots-of-LoRAs,task1407,1.3050690553595687,2.5364995228425666,1.0161124442920808
Lots-of-LoRAs,task1407,1.307995548873652,2.428529602753341,1.0145214521452146
Lots-of-LoRAs,task1407,1.3365366440699853,2.5938302769900208,0.9846252402306214
Lots-of-LoRAs,task1407,1.2946523153367904,2.2241703926322733,1.0089313212195874
Lots-of-LoRAs,task1407,1.2953426600252853,2.026474933375864,1.005952380952381
Lots-of-LoRAs,task1407,1.296484112370429,1.8801630651200012,1.0127906976744185
Lots-of-LoRAs,task1407,1.3131444567431056,2.000727026569912,1.0115298087739033
Lots-of-LoRAs,task1407,1.3071794781854436,1.9732360051752134,1.012012012012012
Lots-of-LoRAs,task1407,1.3193413578954034,1.8844219710852994,1.0060622034791777
Lots-of-LoRAs,task1407,1.323450233757261,1.877212801609566,1.0043545081967213
Lots-of-LoRAs,task1407,1.3305918727184836,1.8455171835601838,1.0064967516241878
Lots-of-LoRAs,task1407,1.3505622896141933,1.8301116158199124,1.0085303436509871
Lots-of-LoRAs,task1407,1.3620525445861964,1.813731589725154,1.0040236686390533
Lots-of-LoRAs,task1407,1.37654669974485,1.870696004019832,1.0025374855824682
Lots-of-LoRAs,task1407,1.3867457312655662,1.8901381064543288,1.0004496402877698
Lots-of-LoRAs,task1407,1.40570387269902,1.7866995883897787,1.0010976948408343
Lots-of-LoRAs,task1407,1.42133376019279,1.6858403248810725,1.0049590340664079
Lots-of-LoRAs,task1407,1.4511114059859362,1.6638899271846213,1.0054725320985056
Lots-of-LoRAs,task1407,1.458553662687663,1.5663438395777538,0.9973453134572187
Lots-of-LoRAs,task1407,1.4812344247192168,1.599741004396963,1.0004018485031143
Lots-of-LoRAs,task1407,1.4833276062244478,1.5832444316878576,0.9998034204835856
Lots-of-LoRAs,task1407,1.4816921807479664,1.508566894560583,0.9980758129690206
Lots-of-LoRAs,task1407,1.4930091361973195,1.5275435686225556,1.0032215273829828
Lots-of-LoRAs,task1407,1.5080332221116166,1.5388354920743215,1.0026002971768202
Lots-of-LoRAs,task1407,1.5024912603977156,1.443681625606395,1.001457725947522
Lots-of-LoRAs,task1407,1.4896831935210435,1.4494781289109229,1.004669540229885
Lots-of-LoRAs,task1407,1.5023885603273623,1.4356168270455096,1.0061968838526911
Lots-of-LoRAs,task1407,1.426214014250389,1.3302815119451714,1.003994442514762
Lots-of-LoRAs,task1407,1.424353483266856,1.3569131665690213,1.0054813292223364
Lots-of-LoRAs,task1407,1.4094523152975527,1.2559005999717594,1.0074349442379182
Lots-of-LoRAs,task1407,1.4543884892562915,1.2570266905737957,0.9939979993331111
Lots-of-LoRAs,task1407,1.4145223345582365,1.2718962688786852,1.004256712508186
Lots-of-LoRAs,task1407,1.462728937350862,1.2782898506361582,0.9961026307242611
Lots-of-LoRAs,task1407,1.4759861494795663,1.1198667541151897,0.9993657840494689
Lots-of-LoRAs,task1407,1.469086364589811,1.086467261744798,1.000313136057617
Lots-of-LoRAs,task1407,1.5141835038957858,0.9611276977290584,1.0007731560228854
Lots-of-LoRAs,task1407,1.565112350085575,0.9728440167134181,0.9966550098829253
Lots-of-LoRAs,task1407,1.604278117540024,0.9714917747737143,0.9966952080516749
Lots-of-LoRAs,task1407,1.6577826568434826,0.9152751774321961,0.9967344515362921
Lots-of-LoRAs,task1407,1.7129837631986602,0.8700397171723808,0.998838222480395
Lots-of-LoRAs,task1407,1.7900858623100833,0.8094760938519677,0.9988515647430376
Lots-of-LoRAs,task1407,1.8412184429925693,0.7956881113735714,0.9988646040306557
Lots-of-LoRAs,task1407,1.9097217564395235,0.8162832408645415,0.9988773505472917
Lots-of-LoRAs,task1407,1.9740203821720306,0.8855576865068155,0.9988898140438524
Lots-of-LoRAs,task1407,2.037326717631053,0.8397531651933866,0.9989020038429866
Lots-of-LoRAs,task1407,2.1381446869461134,0.8362325109874812,0.9993212055389628
Lots-of-LoRAs,task1407,2.227281257444398,0.8185553259237854,0.9993284985226968
Lots-of-LoRAs,task1407,2.286484410744459,0.8350130226129991,1.0001328727079457
Lots-of-LoRAs,task1407,2.3483117210228808,0.7882065760557282,1.0001314751511965
Lots-of-LoRAs,task1407,2.4248125778815552,0.7447775721198135,1.0001301066874837
Lots-of-LoRAs,task1407,2.5566102295900794,0.7485366405622397,0.9993566649511065
Lots-of-LoRAs,task1407,2.7204542398535985,0.7196241764899125,1.00012745347948
Lots-of-LoRAs,task1407,2.8285188869759654,0.7452274530526696,1.0001261670451678
Lots-of-LoRAs,task1407,2.9514361102112217,0.6884777539336837,1.0001249063202597
Lots-of-LoRAs,task1407,3.030514916171183,0.7427462348256769,1.0004946821667078
Lots-of-LoRAs,task1407,3.031760986020928,0.7243990590439389,1.0004898359049719
Lots-of-LoRAs,task1407,3.1737258639107897,0.6905074409260157,1.0004850836769343
Lots-of-LoRAs,task1407,3.450356617874599,0.698371243560186,0.999759961593855
Lots-of-LoRAs,task1407,3.7062009548706984,0.6220970490943135,1.0008327385201048
Lots-of-LoRAs,task1407,3.833130000957673,0.7557222522236096,1.0008248880509074
Lots-of-LoRAs,task1407,4.18785935510423,0.6771557560188002,0.9952403064778268
Lots-of-LoRAs,task1407,4.263744729969627,0.6964235241402635,0.996316758747698
Lots-of-LoRAs,task1407,4.801979311128117,0.9228004788915979,0.9963503649635036
Lots-of-LoRAs,task1407,5.978468411058835,0.7128551892627536,0.9957081545064378
Lots-of-LoRAs,task1407,4.836911363033113,0.8791425096198991,1.0
Lots-of-LoRAs,task1407,7.293096107745834,0.9800242291871419,0.9964476021314387
Lots-of-LoRAs,task1407,6.943976477840896,0.9148258102854229,1.0
Lots-of-LoRAs,task1444,3.7132358291955443,1713.0157405093576,1.0012468827930174
Lots-of-LoRAs,task1444,3.9077865308635875,46.98642193990008,1.0131048387096775
Lots-of-LoRAs,task1444,4.0326186467208185,38.528595316923465,1.014519056261343
Lots-of-LoRAs,task1444,3.976981174272024,18.07579782753101,1.0133667502088555
Lots-of-LoRAs,task1444,3.2145198540223605,5.195487110514188,0.992984349703184
Lots-of-LoRAs,task1444,2.454645020941868,4.127207201040439,0.9948979591836735
Lots-of-LoRAs,task1444,2.5278383502641493,5.329270504336689,0.9937106918238994
Lots-of-LoRAs,task1444,2.4775023069614135,6.016371664088656,1.000926354793886
Lots-of-LoRAs,task1444,2.338963840619581,6.029325723577098,1.0048932384341638
Lots-of-LoRAs,task1444,2.3180749244185046,8.418302996549174,1.0059599829714772
Lots-of-LoRAs,task1444,2.1635956868407202,6.543611060540115,1.0106382978723405
Lots-of-LoRAs,task1444,1.9548408100851256,6.822113259222762,1.0198098256735342
Lots-of-LoRAs,task1444,2.0077289158026823,6.913851688868379,0.988479262672811
Lots-of-LoRAs,task1444,1.847002147108844,4.357278726059699,1.0182815356489945
Lots-of-LoRAs,task1444,1.858173062761317,4.38174522634104,1.0154984149348363
Lots-of-LoRAs,task1444,1.8140288864603054,3.5151702550576593,1.01082910321489
Lots-of-LoRAs,task1444,1.8134184490298049,3.4114525179403548,1.0065061808718283
Lots-of-LoRAs,task1444,1.8042902268836958,3.3707472192490355,1.0139505389980976
Lots-of-LoRAs,task1444,1.833557004214789,3.522168076344102,1.0135052179251074
Lots-of-LoRAs,task1444,1.8798646210691972,3.7441648437550725,0.9874401913875598
Lots-of-LoRAs,task1444,1.9205721144469567,4.341872963465645,0.9904208998548621
Lots-of-LoRAs,task1444,1.9528964452620743,7.527250157047897,0.9873843566021867
Lots-of-LoRAs,task1444,2.0292163977334376,6.4769385888038125,0.9893326039387309
Lots-of-LoRAs,task1444,2.0140135285359024,6.257812800084154,0.9912023460410557
Lots-of-LoRAs,task1444,2.08886424071747,5.611071123408048,0.9976525821596244
Lots-of-LoRAs,task1444,2.1376488952637387,5.135435886148593,0.9969574036511156
Lots-of-LoRAs,task1444,2.1903055983954522,6.784753062861559,0.995556652678351
Lots-of-LoRAs,task1444,2.134048030114043,4.5780139224167735,0.9978245105148659
Lots-of-LoRAs,task1444,2.186248204199767,6.602784193570287,1.0007083825265644
Lots-of-LoRAs,task1444,2.094398457120397,3.550442260634692,1.0062615955473098
Lots-of-LoRAs,task1444,2.14461415515207,3.422613879449758,1.0068073519400953
Lots-of-LoRAs,task1444,2.0265098294748403,2.5026231780568065,1.0019845644983463
Lots-of-LoRAs,task1444,2.031617492330204,1.8324176825656924,1.009112605771317
Lots-of-LoRAs,task1444,2.0918425894331074,1.7487213085957387,0.9899957428693061
Lots-of-LoRAs,task1444,2.1727460538149392,2.4010486810699527,0.9958115183246073
Lots-of-LoRAs,task1444,2.180886124813198,2.0789699886792716,0.992249643075668
Lots-of-LoRAs,task1444,2.1663482653110138,2.194826677557907,0.9918114639504694
Lots-of-LoRAs,task1444,2.1696497348750623,1.5085160997284783,1.0099551044309976
Lots-of-LoRAs,task1444,2.2327482052647216,1.7157534421019918,1.0091725587617046
Lots-of-LoRAs,task1444,2.312270066056733,2.33251072773432,1.0078740157480315
Lots-of-LoRAs,task1444,2.2974266580369895,1.8771338688194614,1.006616430803161
Lots-of-LoRAs,task1444,2.372601303693443,1.4820246883929702,0.9920304292700598
Lots-of-LoRAs,task1444,2.337169641885453,1.3064012801508516,0.9916488983653162
Lots-of-LoRAs,task1444,2.3596418164252513,1.2832793774947446,1.0068003487358326
Lots-of-LoRAs,task1444,2.339180342482154,1.4231860404746894,1.0066826593557232
Lots-of-LoRAs,task1444,2.4231767058274585,1.7830580429899667,0.9930696416497633
Lots-of-LoRAs,task1444,2.400052932707196,1.3230440624806823,1.007478810038225
Lots-of-LoRAs,task1444,2.4621855396865344,1.1930834189269548,1.0058842759071591
Lots-of-LoRAs,task1444,2.5559588051750732,1.1391763982632344,0.9929009357857373
Lots-of-LoRAs,task1444,2.660696014105038,1.8701836313737248,0.9944249761070405
Lots-of-LoRAs,task1444,2.8453041183063337,1.6848005409481426,0.9954388172381252
Lots-of-LoRAs,task1444,2.8010467828947316,1.8383834283358578,0.9968934451693072
Lots-of-LoRAs,task1444,2.798012612543845,1.5292998459348641,0.9946524064171123
Lots-of-LoRAs,task1444,2.813023294856998,1.9579259374752087,0.9956226415094339
Lots-of-LoRAs,task1444,2.8670596252227645,3.4442430083827213,0.9961222967934378
Lots-of-LoRAs,task1444,2.8378192968294824,2.3153141500066425,0.9935436537050624
Lots-of-LoRAs,task1444,2.879273253100242,1.9712754881706998,0.9949238578680203
Lots-of-LoRAs,task1444,3.0426199199820614,1.4700656367358476,0.9949820788530466
Lots-of-LoRAs,task1444,3.2244129061406723,1.3830459778278166,0.998734533183352
Lots-of-LoRAs,task1444,3.241558641512909,1.0360482162834272,1.0025090604962363
Lots-of-LoRAs,task1444,3.381754993739452,0.7358067025051859,1.0028949545078578
Lots-of-LoRAs,task1444,3.443437483626506,0.7203273969643267,1.000816104461371
Lots-of-LoRAs,task1444,3.5579277992054794,0.5316306391644373,1.0008073196986007
Lots-of-LoRAs,task1444,3.7274428927916756,0.896416727156196,1.0007987220447285
Lots-of-LoRAs,task1444,4.036312171404464,0.7216436080569241,1.0007903055848262
Lots-of-LoRAs,task1444,4.320495132476421,0.7139094923122453,0.9976611226611226
Lots-of-LoRAs,task1444,4.645623813100147,1.3287931577409213,0.9965317919075144
Lots-of-LoRAs,task1444,5.193835062065837,0.9997224872302204,1.003676004563316
Lots-of-LoRAs,task1444,5.396466972137154,0.5499311699412165,0.9991255465334166
Lots-of-LoRAs,task1444,5.441656354178627,0.5578382388043308,0.9998762682504331
Lots-of-LoRAs,task1444,5.604828578585291,0.793693909948623,1.002310873266845
Lots-of-LoRAs,task1444,6.042780313131973,0.4676011536231269,1.0019265502709211
Lots-of-LoRAs,task1444,6.138274913471775,0.7172482527954874,0.999048638363658
Lots-of-LoRAs,task1444,6.693161092739865,0.5835818314232848,0.9994110024737896
Lots-of-LoRAs,task1444,7.258226433797636,0.8350515837075219,0.999416501342047
Lots-of-LoRAs,task1444,7.3413550855564695,0.949126278974904,0.999421898485374
Lots-of-LoRAs,task1444,7.657081121176853,0.8262804595173848,0.9997708786802612
Lots-of-LoRAs,task1444,8.599170426609556,0.9057157109267789,0.9997729594732659
Lots-of-LoRAs,task1444,7.573692024955989,0.7078357664022641,1.003693754197448
Lots-of-LoRAs,task1444,7.5099707741041,0.6454196279803077,1.0039937874417573
Lots-of-LoRAs,task1444,9.094143213786369,1.3819406793311044,0.9996716287215411
Lots-of-LoRAs,task1518,1.5594959599991214,2.2453777321627033,0.9970717423133236
Lots-of-LoRAs,task1518,1.3947063294887132,2.170826203915658,1.018583042973287
Lots-of-LoRAs,task1518,1.4896256386929057,2.6328966807331593,1.0196695515342251
Lots-of-LoRAs,task1518,1.614309382980228,2.8238329402411555,0.9857235561323816
Lots-of-LoRAs,task1518,1.6044314245721505,2.800613857433404,0.9938987187309335
Lots-of-LoRAs,task1518,1.6269559026940985,3.0921478193129794,1.0046296296296295
Lots-of-LoRAs,task1518,1.5983507938996715,2.381110775038677,1.0027382256297919
Lots-of-LoRAs,task1518,1.5838748985325515,2.237086165381327,1.0120481927710843
Lots-of-LoRAs,task1518,1.6196784983195311,2.540772025560673,1.0189905047476262
Lots-of-LoRAs,task1518,1.6875803661433268,2.427007517233928,0.9862322166131253
Lots-of-LoRAs,task1518,1.736819222660118,2.665590061620622,0.9947159841479525
Lots-of-LoRAs,task1518,1.7377191563086694,2.4075105497530394,1.006380263717567
Lots-of-LoRAs,task1518,1.7704648110858618,2.729302582678304,1.0024203307785398
Lots-of-LoRAs,task1518,1.776006007881206,2.5800611602257555,1.0093786635404456
Lots-of-LoRAs,task1518,1.7833568293174074,2.2375755761611513,1.0044859813084113
Lots-of-LoRAs,task1518,1.7828142627786048,2.3123933832643067,1.0086455331412103
Lots-of-LoRAs,task1518,1.8124202527709548,2.4634824125067096,0.9989711934156379
Lots-of-LoRAs,task1518,1.8296365102726388,2.1288226386708815,1.0100133511348464
Lots-of-LoRAs,task1518,1.8119364670561522,1.7208027827943424,1.005767382249279
Lots-of-LoRAs,task1518,1.817611023255296,1.7060075447132035,1.012206572769953
Lots-of-LoRAs,task1518,1.8646609285286198,1.9889607577313932,0.9874809160305343
Lots-of-LoRAs,task1518,1.8875405157258331,1.9921327719492423,0.9931567985718536
Lots-of-LoRAs,task1518,1.8675605254854977,1.5959951588116135,1.0046579330422125
Lots-of-LoRAs,task1518,1.9005890548201037,1.4352771645360185,1.0011273957158964
Lots-of-LoRAs,task1518,1.9598202054374878,1.4343958844513995,1.0068851556045166
Lots-of-LoRAs,task1518,1.987523134459625,1.3685278081677588,1.0050829320492243
Lots-of-LoRAs,task1518,2.053533042996649,1.3677780042360526,1.0128339444735464
Lots-of-LoRAs,task1518,2.0874311073066196,1.4101543341457605,1.0094051855617692
Lots-of-LoRAs,task1518,2.146837105416754,1.504784772094439,0.9892874937717987
Lots-of-LoRAs,task1518,2.2083121493248594,1.2082874045553134,1.011864406779661
Lots-of-LoRAs,task1518,2.2708860409077523,1.4464984656677635,0.9877097612857481
Lots-of-LoRAs,task1518,2.2946872527894993,1.4554704124789357,0.9935049872419393
Lots-of-LoRAs,task1518,2.4449334325298047,1.5959615272248513,0.9936493535949195
Lots-of-LoRAs,task1518,2.5098990979225273,1.880069536794359,0.9971098265895953
Lots-of-LoRAs,task1518,2.5486971497574658,1.4645627876470786,1.000436871996505
Lots-of-LoRAs,task1518,2.5046544313619328,1.255925594142195,1.0023524379811806
Lots-of-LoRAs,task1518,2.539302105034071,1.0841963909852945,1.0060975609756098
Lots-of-LoRAs,task1518,2.579928597248469,1.353621958742844,1.0010262725779968
Lots-of-LoRAs,task1518,2.5058125520390604,1.123634771747283,1.004038772213247
Lots-of-LoRAs,task1518,2.536184452655842,1.1459770168391947,1.0021743427554852
Lots-of-LoRAs,task1518,2.6119544100289147,1.113009340246194,1.00038692203521
Lots-of-LoRAs,task1518,2.6626766807638407,1.1772763377776783,1.003810249571347
Lots-of-LoRAs,task1518,2.763344733086691,1.2610080130684977,0.9959153360564427
Lots-of-LoRAs,task1518,2.8739726808417694,1.2436270139040684,0.9932641543782996
Lots-of-LoRAs,task1518,2.8972352652974824,1.0609850039599447,0.9960523954781985
Lots-of-LoRAs,task1518,2.9193993091068915,1.0983581400351428,0.9945422535211268
Lots-of-LoRAs,task1518,2.986546102861228,0.7770039242728922,0.9972222222222222
Lots-of-LoRAs,task1518,3.085772787456862,0.8983889314192469,0.9937031994554119
Lots-of-LoRAs,task1518,3.216491552300902,0.9528921410801313,0.9952988582941572
Lots-of-LoRAs,task1518,3.2983726702091394,1.070499964845992,1.0065843621399178
Lots-of-LoRAs,task1518,3.2548254240393666,0.9046262509120372,1.0016144656118824
Lots-of-LoRAs,task1518,3.2866379516491935,1.2009157075074506,1.003506534905961
Lots-of-LoRAs,task1518,3.2717714932700304,0.9011642425256553,0.9987492182614134
Lots-of-LoRAs,task1518,3.4595457626746224,0.7511397245445952,1.0045878574705613
Lots-of-LoRAs,task1518,3.6110758841918202,0.8760693655794373,0.9969646380330854
Lots-of-LoRAs,task1518,3.866119703581213,0.6248726959410879,1.003576218149307
Lots-of-LoRAs,task1518,4.123534908259089,0.7083433724987731,1.0061956040713969
Lots-of-LoRAs,task1518,4.292177394753223,0.6820003974084764,1.0043661766846166
Lots-of-LoRAs,task1518,4.232367912008444,0.7765652062980877,1.0012892135797165
Lots-of-LoRAs,task1518,4.459678770879488,0.7828767907224626,0.9941686815531219
Lots-of-LoRAs,task1518,4.49170209871902,0.7686108052540679,0.9983265932227026
Lots-of-LoRAs,task1518,4.508482102621679,0.6948210278075653,0.9987587918907737
Lots-of-LoRAs,task1518,4.71672999731523,0.6995290461732365,1.0
Lots-of-LoRAs,task1518,4.871681037539907,0.8289443695546211,0.9963729177861365
Lots-of-LoRAs,task1518,5.151228598145108,0.7535953740196049,0.9972078181092939
Lots-of-LoRAs,task1518,5.645844355574503,0.9740635056163783,0.9960578186596584
Lots-of-LoRAs,task1518,6.011923857865226,0.8410298138788643,1.0045372050816697
Lots-of-LoRAs,task1518,5.995325250416977,0.5752728503024461,1.0048755452912497
Lots-of-LoRAs,task1518,6.564963827619219,0.5996310536916551,1.003678802486363
Lots-of-LoRAs,task1518,7.017533251240199,0.378935604652235,0.9987507807620237
Lots-of-LoRAs,task1518,6.529525495025949,0.6642175767319924,1.0034453057708872
Lots-of-LoRAs,task1518,7.133209403775649,0.6459783561050285,1.003411721700987
Lots-of-LoRAs,task1518,7.166529282245913,0.38300159124673205,1.0044648244237964
Lots-of-LoRAs,task1518,8.535843352445934,0.4220033098626974,1.0044221345763118
Lots-of-LoRAs,task1518,9.406315552277167,0.5359196608442146,1.0018887970723644
Lots-of-LoRAs,task1518,11.19095169557374,0.5395887627032608,1.0029267150550223
Lots-of-LoRAs,task1518,13.189205979962207,0.42348451047263713,0.9970032272936837
Lots-of-LoRAs,task1518,15.602893668201897,0.6843276329730842,1.0020473157415832
Lots-of-LoRAs,task1518,18.535303993262936,0.649710671819327,1.0020288548241658
Lots-of-LoRAs,task1518,20.302758744048944,0.589945511050199,1.0023458445040214
Lots-of-LoRAs,task1518,26.05776242889084,0.7329732900462969,0.9996687279151943
Lots-of-LoRAs,task1518,27.266300435806237,0.9171852493109367,0.9996716287215411
Lots-of-LoRAs,task1592,1.556817085346893,2.1215772254179877,0.9813874788494078
Lots-of-LoRAs,task1592,1.5037634186583075,0.14065767304828478,0.9810479375696767
Lots-of-LoRAs,task1592,1.5446942446002685,0.46884159294457883,1.0193877551020407
Lots-of-LoRAs,task1592,1.5701161907832641,0.6163794156556326,0.9848171152518979
Lots-of-LoRAs,task1592,1.5820922688805152,0.9381628378461225,0.9954663212435233
Lots-of-LoRAs,task1592,1.5499974428798604,1.0452036079947233,0.9957369062119367
Lots-of-LoRAs,task1592,1.4487580843223395,0.923141383610187,0.9942528735632183
Lots-of-LoRAs,task1592,1.470180707900534,0.9209250353639792,1.0176114474408366
Lots-of-LoRAs,task1592,1.5027609130801312,1.033597998725436,1.0166840458811262
Lots-of-LoRAs,task1592,1.5607085567770258,1.3590706440766243,0.9814197236779418
Lots-of-LoRAs,task1592,1.5595310658513168,1.0721231377877865,0.9958696649839376
Lots-of-LoRAs,task1592,1.575696343118689,1.0443974413803074,0.9921671018276762
Lots-of-LoRAs,task1592,1.577153828669285,1.0892540482814268,1.007569386038688
Lots-of-LoRAs,task1592,1.579790737250107,0.9649151694002442,1.01586655817738
Lots-of-LoRAs,task1592,1.6107084635932856,0.7974785825210718,0.9838455476753349
Lots-of-LoRAs,task1592,1.6441428748845592,0.8268548961331526,0.9935064935064936
Lots-of-LoRAs,task1592,1.653025397820366,0.8753720079434433,1.002594514455152
Lots-of-LoRAs,task1592,1.705594774485416,0.9214356841787597,1.0154787616990641
Lots-of-LoRAs,task1592,1.7398287831041466,0.8999429079646085,0.9870538838348496
Lots-of-LoRAs,task1592,1.7591968557331679,0.9289522045027004,0.998638529611981
Lots-of-LoRAs,task1592,1.8025505244698783,0.9157238569641832,1.0106030483764081
Lots-of-LoRAs,task1592,1.8230854748966219,1.0653067857289793,1.0063694267515924
Lots-of-LoRAs,task1592,1.8927575916892174,1.0043540891231495,0.996937212863706
Lots-of-LoRAs,task1592,1.936348380798413,1.2455934627725536,1.003288490284006
Lots-of-LoRAs,task1592,1.9575081506741652,0.7970341837421254,1.0128467153284673
Lots-of-LoRAs,task1592,1.993956608214455,0.7359809421844318,1.009052333804809
Lots-of-LoRAs,task1592,2.0402151118165426,0.873874337969773,0.9867219917012449
Lots-of-LoRAs,task1592,2.072704764591827,0.8567743580154724,0.9926928281461435
Lots-of-LoRAs,task1592,2.0987493050828743,0.7631255417381614,0.999205298013245
Lots-of-LoRAs,task1592,2.134659116636652,0.9049766065994003,1.0070038910505836
Lots-of-LoRAs,task1592,2.1872734267375105,0.9306340364167146,0.9865311308767472
Lots-of-LoRAs,task1592,2.2699608232581223,0.9012961580671461,0.9942714819427149
Lots-of-LoRAs,task1592,2.3069437711931546,0.9064726539270129,0.9995115995115995
Lots-of-LoRAs,task1592,2.288799804587287,0.8789457465046873,1.001670644391408
Lots-of-LoRAs,task1592,2.33222564711577,0.9797043679382358,1.0002327205026762
Lots-of-LoRAs,task1592,2.372591933659288,0.8994698682406509,1.0015938069216759
Lots-of-LoRAs,task1592,2.369623688648964,0.7489201094699444,0.9975631369073992
Lots-of-LoRAs,task1592,2.4285197967152565,0.733368101963503,0.993106419646704
Lots-of-LoRAs,task1592,2.5299384394761173,0.6070781688513439,1.0094458438287153
Lots-of-LoRAs,task1592,2.5229835310384456,0.6671524036177241,1.0043006348556216
Lots-of-LoRAs,task1592,2.6006301716083975,0.5872113519134269,1.0030078203328654
Lots-of-LoRAs,task1592,2.6603698024590177,0.6003479826674738,0.9970691676436108
Lots-of-LoRAs,task1592,2.7571090359361663,0.826210895893567,0.9988463756969813
Lots-of-LoRAs,task1592,2.738292885168927,0.7085550685341993,1.003408445370195
Lots-of-LoRAs,task1592,2.763333826119129,0.6394757157480447,0.9983342587451416
Lots-of-LoRAs,task1592,2.7071998781351074,0.7903854731046585,1.0016423357664233
Lots-of-LoRAs,task1592,2.8069778210073952,0.8036963652728708,0.9946504992867332
Lots-of-LoRAs,task1592,2.8738207693741034,0.763911185169061,1.006631762652705
Lots-of-LoRAs,task1592,2.9781078948393698,0.6514294896107352,0.9927710843373494
Lots-of-LoRAs,task1592,3.1463332288643935,0.4458865404646697,0.9954159592529711
Lots-of-LoRAs,task1592,3.20773240769274,0.5630458017155316,1.0063238475619904
Lots-of-LoRAs,task1592,3.337832940166144,0.5728569619774397,1.0052424639580604
Lots-of-LoRAs,task1592,3.486359785711334,0.404975383697381,1.0061419104574107
Lots-of-LoRAs,task1592,3.5056299221828846,0.462190240338775,1.0046119592875318
Lots-of-LoRAs,task1592,3.6038378505137008,0.6324552398479293,1.005967336683417
Lots-of-LoRAs,task1592,3.7628011172436704,0.6384258904481421,0.9984620116887112
Lots-of-LoRAs,task1592,3.777027050955928,0.4038493622566295,0.9998480704952902
Lots-of-LoRAs,task1592,3.8280001451077705,0.5556661581481264,0.9940387481371088
Lots-of-LoRAs,task1592,4.069642036958685,0.37367580968208963,1.0058884145443838
Lots-of-LoRAs,task1592,4.292655026152424,0.3408421091694115,0.9946142649199418
Lots-of-LoRAs,task1592,4.590266483062191,0.4301028075962599,1.0035832019492619
Lots-of-LoRAs,task1592,4.97336711656836,0.5212130878106263,1.0039676916536773
Lots-of-LoRAs,task1592,5.276348718347911,0.46747290415375264,0.9964838255977496
Lots-of-LoRAs,task1592,5.585662847419724,0.5221824470788846,1.0055424691700152
Lots-of-LoRAs,task1592,5.940066346193086,0.2863379754006011,1.00054547933997
Lots-of-LoRAs,task1592,6.0018946861435545,0.356284904371324,0.9965067848985624
Lots-of-LoRAs,task1592,6.259885654658876,0.2729674146638844,0.9977402631928752
Lots-of-LoRAs,task1592,6.36302915498024,0.5993134017298504,0.9977640405103249
Lots-of-LoRAs,task1592,6.344709479596897,0.6163573623583939,1.003883495145631
Lots-of-LoRAs,task1592,6.8688674411101145,0.4761637951293331,1.0038422131147542
Lots-of-LoRAs,task1592,7.2964592671673225,0.5123379143581539,0.9988650693568726
Lots-of-LoRAs,task1592,7.776562234351337,0.30103689848679493,0.998876404494382
Lots-of-LoRAs,task1592,8.019931595805147,0.5581868052044292,0.9985172371184975
Lots-of-LoRAs,task1592,8.977032384452256,0.9121964677246596,0.9985322896281801
Lots-of-LoRAs,task1592,10.5949421435959,0.9635405337363687,0.9960144927536232
Lots-of-LoRAs,task1592,10.933432006131707,0.8558010851803729,1.0002378686964795
Lots-of-LoRAs,task1592,12.552537505147185,0.8439669573241331,0.9998822698375324
Lots-of-LoRAs,task1592,13.064541848584565,1.53096748348379,1.0005835667600373
Lots-of-LoRAs,task1592,15.502465114267421,1.5359523659630663,1.0005781683626271
Lots-of-LoRAs,task1592,13.44659660511544,1.018625965761608,1.0045578851412944
Lots-of-LoRAs,task1592,15.307659005799705,0.7366781247271674,0.9991015274034142
Lots-of-LoRAs,task1592,12.79986851445818,1.0485856357083079,1.0026572187776794
Lots-of-LoRAs,task1592,25.264160633913015,0.7891580133388186,0.9964788732394366
LoRARetriever,anli_r1_10templates,1.5446955773619,1.6726277619946068,1.0
LoRARetriever,anli_r1_10templates,1.920977264403757,1.7313076530606923,1.0
LoRARetriever,anli_r1_10templates,1.6607031994220465,1.5000743431820742,1.0
LoRARetriever,anli_r1_10templates,1.543757060804227,1.468862015833449,1.0
LoRARetriever,anli_r1_10templates,1.4827404396335024,1.7896270035909616,1.0
LoRARetriever,anli_r1_10templates,1.472536328684481,2.021351503993198,1.0
LoRARetriever,anli_r1_10templates,1.1699593735825968,1.417411411071465,1.0
LoRARetriever,anli_r1_10templates,1.0493666149131988,1.01438714844505,1.0
LoRARetriever,anli_r1_10templates,1.0743859345573221,1.0280977979340942,1.0
LoRARetriever,anli_r1_10templates,1.085144637486204,0.9749659862111,1.0
LoRARetriever,anli_r1_10templates,1.1221028735496044,0.7755232966793538,1.0
LoRARetriever,anli_r1_10templates,1.1436266018799734,0.6761432703798768,1.0
LoRARetriever,anli_r1_10templates,1.1318639203576468,0.5141073395718134,1.0
LoRARetriever,anli_r1_10templates,1.1500492971127458,0.5420930056648172,1.0
LoRARetriever,anli_r1_10templates,1.1945726118451416,0.5672994763816588,1.0
LoRARetriever,anli_r1_10templates,1.2511066111251474,0.806501562196337,1.0
LoRARetriever,anli_r1_10templates,1.302672285716356,0.536549030878227,1.0
LoRARetriever,anli_r1_10templates,1.3511843957316305,0.6706255465101166,1.0
LoRARetriever,anli_r1_10templates,1.4070712350133134,0.487427069630537,1.0
LoRARetriever,anli_r1_10templates,1.4448714248076762,0.44135555244002944,1.0
LoRARetriever,anli_r1_10templates,1.472948247719984,0.3808961127670012,1.0
LoRARetriever,anli_r1_10templates,1.538186001637888,0.4016451973044597,1.0
LoRARetriever,anli_r1_10templates,1.598038894725328,0.3002357287105291,1.0
LoRARetriever,anli_r1_10templates,1.6563808112956357,0.3986230204883695,1.0
LoRARetriever,anli_r1_10templates,1.7153177426702237,0.3429991060308285,1.0
LoRARetriever,anli_r1_10templates,1.795632496343744,0.40994557263672987,1.0
LoRARetriever,anli_r1_10templates,1.8283620041023247,0.386475999365956,1.0
LoRARetriever,anli_r1_10templates,1.9005267646692077,0.43462622712020266,1.0
LoRARetriever,anli_r1_10templates,1.9909201670608832,0.5159855941868896,1.0
LoRARetriever,anli_r1_10templates,2.090704250305147,0.4945610631358385,1.0
LoRARetriever,anli_r1_10templates,2.19217092321769,0.8465105700459226,1.0
LoRARetriever,anli_r1_10templates,2.2767615854938277,0.5570561640070358,1.0
LoRARetriever,anli_r1_10templates,2.3516938138817673,0.7233444879945402,1.0
LoRARetriever,anli_r1_10templates,2.5275932815979765,0.5316090450339065,1.0
LoRARetriever,anli_r1_10templates,2.6985142697259166,0.5891852567876213,1.0
LoRARetriever,anli_r1_10templates,2.850763163393489,0.5448574640739261,1.0
LoRARetriever,anli_r1_10templates,3.007408959960453,0.5616125666166603,1.0
LoRARetriever,anli_r1_10templates,3.1457326824140606,0.6895192917533078,1.0
LoRARetriever,anli_r1_10templates,3.2977555686399214,0.6794854862510266,1.0
LoRARetriever,anli_r1_10templates,3.4878715118594985,0.4747987987517984,1.0
LoRARetriever,anli_r1_10templates,3.7419535726978324,0.5120406302894834,1.0
LoRARetriever,anli_r1_10templates,3.9021152937521904,0.6721193564296649,1.0
LoRARetriever,anli_r1_10templates,4.202394573010877,0.9894224163831473,1.0
LoRARetriever,anli_r1_10templates,4.535275545977271,1.0045078324630596,1.0
LoRARetriever,anli_r1_10templates,4.709985941855677,1.028356878843876,1.0
LoRARetriever,anli_r1_10templates,5.117969718998606,0.6623080848905823,1.0
LoRARetriever,anli_r1_10templates,5.6157577536224705,1.072903494593695,1.0
LoRARetriever,anli_r1_10templates,6.010279636942604,0.9679774830418126,1.0
LoRARetriever,anli_r1_10templates,6.389835712944135,0.8602980629548588,1.0
LoRARetriever,anli_r1_10templates,6.657475693227355,1.1553081932018345,1.0
LoRARetriever,anli_r1_10templates,7.569315393217051,1.2472109968671061,1.0
LoRARetriever,anli_r1_10templates,8.286333923814784,1.0734029196109909,1.0
LoRARetriever,anli_r1_10templates,8.90451571900657,1.0981784152617973,1.0
LoRARetriever,anli_r1_10templates,9.875939206649582,0.981832759138922,1.0
LoRARetriever,anli_r1_10templates,11.060189747787398,0.9298353384124003,1.0
LoRARetriever,anli_r1_10templates,13.044667327311167,1.1074389695974858,1.0
LoRARetriever,anli_r1_10templates,15.553651357580465,1.0123509022969095,1.0
LoRARetriever,anli_r1_10templates,18.034213208829165,0.851648543576882,1.0
LoRARetriever,anli_r1_10templates,20.287804054440954,1.3038580420127375,1.0
LoRARetriever,anli_r1_10templates,28.371746167116253,0.681856026274588,1.0
LoRARetriever,anli_r1_10templates,40.86108039695006,1.0974983614642135,1.0
LoRARetriever,anli_r1_10templates,52.86193738244112,1.1502949646298584,1.0
LoRARetriever,anli_r1_10templates,62.50835309951374,0.7461488828637843,1.0
LoRARetriever,anli_r2_10templates,1.8162401766035459,1.7328636913602409,1.0
LoRARetriever,anli_r2_10templates,1.9561932495768923,1.6062592642222018,1.0
LoRARetriever,anli_r2_10templates,1.6555056008542117,1.2466123254851116,1.0
LoRARetriever,anli_r2_10templates,1.2134593248293297,1.1072783950311607,1.0
LoRARetriever,anli_r2_10templates,1.3215688080781802,1.5238650282834139,1.0
LoRARetriever,anli_r2_10templates,1.2910550425014382,1.357510524133039,1.0
LoRARetriever,anli_r2_10templates,1.0681444527102526,1.1050613706454495,1.0
LoRARetriever,anli_r2_10templates,1.0370239117692657,0.8751459298335189,1.0
LoRARetriever,anli_r2_10templates,1.063743260030563,1.090207883481514,1.0
LoRARetriever,anli_r2_10templates,1.061904362008311,1.068745045180755,1.0
LoRARetriever,anli_r2_10templates,1.0882523505100654,0.8491241769384186,1.0
LoRARetriever,anli_r2_10templates,1.1228209819808752,0.6729614918636988,1.0
LoRARetriever,anli_r2_10templates,1.1320214733880802,0.4517098408871113,1.0
LoRARetriever,anli_r2_10templates,1.199834794813765,0.6854568782049015,1.0
LoRARetriever,anli_r2_10templates,1.2520674037846502,0.5510353712767702,1.0
LoRARetriever,anli_r2_10templates,1.3009460349949118,0.5384369255073891,1.0
LoRARetriever,anli_r2_10templates,1.3601604487359327,0.5671020161468104,1.0
LoRARetriever,anli_r2_10templates,1.413765735617342,0.5184931004629129,1.0
LoRARetriever,anli_r2_10templates,1.4841135984482814,0.3881389796974217,1.0
LoRARetriever,anli_r2_10templates,1.5505133907219781,0.3915916890171736,1.0
LoRARetriever,anli_r2_10templates,1.6156723537171582,0.2914469274922732,1.0
LoRARetriever,anli_r2_10templates,1.6541102479424206,0.3237116624643383,1.0
LoRARetriever,anli_r2_10templates,1.7425910158204516,0.32894989776399314,1.0
LoRARetriever,anli_r2_10templates,1.8397025479777984,0.404538869530956,1.0
LoRARetriever,anli_r2_10templates,1.919646199070691,0.46828174472750406,1.0
LoRARetriever,anli_r2_10templates,1.9954010237526039,0.37115643678428245,1.0
LoRARetriever,anli_r2_10templates,2.094989199592557,0.4611773072999248,1.0
LoRARetriever,anli_r2_10templates,2.1984195000817777,0.2882319876782519,1.0
LoRARetriever,anli_r2_10templates,2.3099525068864852,0.5087312633723347,1.0
LoRARetriever,anli_r2_10templates,2.3998733962314187,0.38951155886059713,1.0
LoRARetriever,anli_r2_10templates,2.5408113594842634,0.4196015431050209,1.0
LoRARetriever,anli_r2_10templates,2.677537847872662,0.6066203800958655,1.0
LoRARetriever,anli_r2_10templates,2.8491578404974143,0.49074396228062384,1.0
LoRARetriever,anli_r2_10templates,3.0100997364465076,0.5679397929521871,1.0
LoRARetriever,anli_r2_10templates,3.2047454805629436,0.5556995596705891,1.0
LoRARetriever,anli_r2_10templates,3.3737930358041885,0.6981610480132723,1.0
LoRARetriever,anli_r2_10templates,3.625677814932786,0.6206977319407965,1.0
LoRARetriever,anli_r2_10templates,3.7798540195647847,0.4932808644193679,1.0
LoRARetriever,anli_r2_10templates,4.068317717771554,0.7807308891623236,1.0
LoRARetriever,anli_r2_10templates,4.400421065978751,0.8081958164845878,1.0
LoRARetriever,anli_r2_10templates,4.693306955540985,0.561644679742751,1.0
LoRARetriever,anli_r2_10templates,5.077470291291638,0.550383045673073,1.0
LoRARetriever,anli_r2_10templates,5.3877732362708235,0.751965413787252,1.0
LoRARetriever,anli_r2_10templates,5.770799118496474,0.5801817144289475,1.0
LoRARetriever,anli_r2_10templates,6.104847609639921,0.9692023332147934,1.0
LoRARetriever,anli_r2_10templates,6.590309870706599,1.0388618708212303,1.0
LoRARetriever,anli_r2_10templates,6.756472836174946,0.8155533768137709,1.0
LoRARetriever,anli_r2_10templates,7.028062700505633,0.9521816631550833,1.0
LoRARetriever,anli_r2_10templates,7.292350972581987,1.2131351826521581,1.0
LoRARetriever,anli_r2_10templates,7.841961991848514,1.3428517989948394,1.0
LoRARetriever,anli_r2_10templates,9.041009198545892,0.8836701637126393,1.0
LoRARetriever,anli_r2_10templates,9.703853231726212,1.2163378809606595,1.0
LoRARetriever,anli_r2_10templates,11.2044403550107,1.149483955627048,1.0
LoRARetriever,anli_r2_10templates,12.870831178038358,1.2905700003393128,1.0
LoRARetriever,anli_r2_10templates,14.089091501122633,1.1417203373287896,1.0
LoRARetriever,anli_r2_10templates,16.715827464329088,1.2492579312747285,1.0
LoRARetriever,anli_r2_10templates,18.32911814620637,1.470808866879036,1.0
LoRARetriever,anli_r2_10templates,20.987322480742492,1.4623049482604047,1.0
LoRARetriever,anli_r2_10templates,25.084738414089166,1.2194739223596667,1.0
LoRARetriever,anli_r2_10templates,32.03510721073135,1.4510926748716775,1.0
LoRARetriever,anli_r2_10templates,44.205561794763945,1.5984031760430157,1.0
LoRARetriever,anli_r2_10templates,51.56678433263013,1.5400189590655526,1.0
LoRARetriever,anli_r2_10templates,54.6197471941756,1.5434643788240492,1.0
LoRARetriever,anli_r3_10templates,1.8390648855125207,1.799236214168769,1.0
LoRARetriever,anli_r3_10templates,3.002473503906013,2.451865075643804,1.0
LoRARetriever,anli_r3_10templates,3.5479239105974334,2.021577856694507,1.0
LoRARetriever,anli_r3_10templates,3.971993374063857,2.4400213652359173,1.0
LoRARetriever,anli_r3_10templates,3.7658824652925795,2.4887281234392065,1.0
LoRARetriever,anli_r3_10templates,1.1989612979444846,1.0958734729344184,1.0
LoRARetriever,anli_r3_10templates,1.0759964616113515,0.8622243541057343,1.0
LoRARetriever,anli_r3_10templates,1.0669248410566876,1.1875347882649934,1.0
LoRARetriever,anli_r3_10templates,1.0933786678720663,1.2499857807145038,1.0
LoRARetriever,anli_r3_10templates,1.1283747702877471,0.8496620041682729,1.0
LoRARetriever,anli_r3_10templates,1.1457660559006726,1.0929707531332702,1.0
LoRARetriever,anli_r3_10templates,1.1686098272610213,0.9644650117981897,1.0
LoRARetriever,anli_r3_10templates,1.233381432382607,0.8032146537556611,1.0
LoRARetriever,anli_r3_10templates,1.3094261947160768,0.5381812719066249,1.0
LoRARetriever,anli_r3_10templates,1.3885581503633015,0.7279781962569503,1.0
LoRARetriever,anli_r3_10templates,1.4246033698713771,0.7202179008192037,1.0
LoRARetriever,anli_r3_10templates,1.5021176574106276,0.6560805393940665,1.0
LoRARetriever,anli_r3_10templates,1.5715317686543335,0.4769853784462166,1.0
LoRARetriever,anli_r3_10templates,1.668673778914034,0.4156415076529537,1.0
LoRARetriever,anli_r3_10templates,1.7396070806980088,0.31872093676438107,1.0
LoRARetriever,anli_r3_10templates,1.8461884976521608,0.3131830723349531,1.0
LoRARetriever,anli_r3_10templates,1.9377621860923282,0.3027039005961276,1.0
LoRARetriever,anli_r3_10templates,2.0118119785166377,0.3959835006877006,1.0
LoRARetriever,anli_r3_10templates,2.096062835589304,0.4202373479372427,1.0
LoRARetriever,anli_r3_10templates,2.143521800099806,0.3450746440933969,1.0
LoRARetriever,anli_r3_10templates,2.228517584264487,0.47007759261647397,1.0
LoRARetriever,anli_r3_10templates,2.3133158537231777,0.4330366723841625,1.0
LoRARetriever,anli_r3_10templates,2.4257148396135935,0.41628373883552644,1.0
LoRARetriever,anli_r3_10templates,2.4831490432411187,0.7007902815954097,1.0
LoRARetriever,anli_r3_10templates,2.664564991692444,0.5497875634972663,1.0
LoRARetriever,anli_r3_10templates,2.8402953830914317,0.8207440920585308,1.0
LoRARetriever,anli_r3_10templates,2.909980197402769,0.9525603132356553,1.0
LoRARetriever,anli_r3_10templates,3.085056757559646,0.950679524732292,1.0
LoRARetriever,anli_r3_10templates,3.2545599607180558,0.6683642904806627,1.0
LoRARetriever,anli_r3_10templates,3.406355043384217,0.4709506217382413,1.0
LoRARetriever,anli_r3_10templates,3.627234414393443,0.5490795223945597,1.0
LoRARetriever,anli_r3_10templates,3.9325791341515774,0.6272646440340142,1.0
LoRARetriever,anli_r3_10templates,4.242894089031422,0.7251966307366357,1.0
LoRARetriever,anli_r3_10templates,4.45893006905774,1.1520744050042038,1.0
LoRARetriever,anli_r3_10templates,4.805786807419966,0.7050786545706758,1.0
LoRARetriever,arc_challenge_10templates,1.1665370144453993,1.0578168026302963,1.0
LoRARetriever,arc_challenge_10templates,1.199934237319235,1.0811946108774417,1.0
LoRARetriever,arc_challenge_10templates,1.3731957597034743,1.1261477297847717,1.0
LoRARetriever,arc_challenge_10templates,1.7069152653688149,1.2573338458066208,1.0
LoRARetriever,arc_challenge_10templates,2.2311950702455468,1.670227331389421,1.0
LoRARetriever,arc_challenge_10templates,2.459894882777748,2.4642028903393918,1.0
LoRARetriever,arc_challenge_10templates,2.972866585047852,3.592917490245193,1.0
LoRARetriever,arc_challenge_10templates,2.866592840609308,5.239115794641628,1.0
LoRARetriever,arc_challenge_10templates,2.6271627864079625,5.237332806886903,1.0
LoRARetriever,arc_challenge_10templates,1.2754155740827984,2.8422488380342488,1.0
LoRARetriever,arc_challenge_10templates,1.2399584863497182,2.346566754972099,1.0
LoRARetriever,arc_challenge_10templates,1.227288998135274,2.6561357875371923,1.0
LoRARetriever,arc_challenge_10templates,1.189597660555725,1.3181550006195293,1.0
LoRARetriever,arc_challenge_10templates,1.214063827428626,1.7674968999907046,1.0
LoRARetriever,arc_challenge_10templates,1.2329233599787557,1.9501675925934623,1.0
LoRARetriever,arc_challenge_10templates,1.2424354837096274,1.9890459363224597,1.0
LoRARetriever,arc_challenge_10templates,1.1408425717515782,1.598375159157563,1.0
LoRARetriever,arc_challenge_10templates,1.197313599887595,1.253598048120226,1.0
LoRARetriever,arc_challenge_10templates,1.2827126866566614,0.9981696440036274,1.0
LoRARetriever,arc_challenge_10templates,1.3199497506336628,0.8627112571028576,1.0
LoRARetriever,arc_challenge_10templates,1.3879241475845172,1.0661546553189392,1.0
LoRARetriever,arc_challenge_10templates,1.481003228270315,0.8133627257219398,1.0
LoRARetriever,arc_challenge_10templates,1.5013872296730124,0.7909713935398459,1.0
LoRARetriever,arc_challenge_10templates,1.5625100303879889,0.4690348755101228,1.0
LoRARetriever,arc_challenge_10templates,1.6024122613393306,0.6485848540066554,1.0
LoRARetriever,arc_challenge_10templates,1.6756000911655913,0.4276869982946144,1.0
LoRARetriever,arc_challenge_10templates,1.7362901175512675,0.4594659275200266,1.0
LoRARetriever,arc_challenge_10templates,1.8337576804001776,0.5401121956786719,1.0
LoRARetriever,arc_challenge_10templates,1.9451273366800732,0.4542860075288463,1.0
LoRARetriever,arc_challenge_10templates,2.0443629167799493,0.41138908484247955,1.0
LoRARetriever,arc_challenge_10templates,2.2062856593447755,0.582789418861341,1.0
LoRARetriever,arc_challenge_10templates,2.3346095659725554,0.4606580413837203,1.0
LoRARetriever,arc_challenge_10templates,2.3484205240774134,0.47395666001682046,1.0
LoRARetriever,arc_challenge_10templates,2.4008809579825945,0.7121278014203666,1.0
LoRARetriever,arc_challenge_10templates,2.4249569196898673,0.5495036227271434,1.0
LoRARetriever,arc_challenge_10templates,2.5762787194233043,0.8880693650727868,1.0
LoRARetriever,arc_challenge_10templates,2.7317007693739304,0.6068798620611752,1.0
LoRARetriever,arc_challenge_10templates,2.764957306513028,0.5928177461000902,1.0
LoRARetriever,arc_challenge_10templates,2.904485489746682,0.5803892026970746,1.0
LoRARetriever,arc_challenge_10templates,3.0792841449763944,0.6643443067430208,1.0
LoRARetriever,bool_q_10templates,2.3509905465476058,1.3015010232656163,1.0
LoRARetriever,bool_q_10templates,2.196905355706169,1.4381048958638936,1.0
LoRARetriever,bool_q_10templates,2.4762778151786975,1.438884333534314,1.0
LoRARetriever,bool_q_10templates,1.5160970538563485,1.492764313799557,1.0
LoRARetriever,bool_q_10templates,1.622019320697669,3.838321543449953,1.0
LoRARetriever,bool_q_10templates,1.6486134498577407,3.336753939496948,1.0
LoRARetriever,bool_q_10templates,1.3919209319680035,2.0046600176799165,1.0
LoRARetriever,bool_q_10templates,1.259047045802557,1.1155931015396614,1.0
LoRARetriever,bool_q_10templates,1.2451042545828026,0.9822295790843735,1.0
LoRARetriever,bool_q_10templates,1.2286171305248867,1.32011282954851,1.0
LoRARetriever,bool_q_10templates,1.2660402622900022,0.7806858744130198,1.0
LoRARetriever,bool_q_10templates,1.312147177770382,0.8023973784322367,1.0
LoRARetriever,bool_q_10templates,1.3872127148663167,0.5695699494596559,1.0
LoRARetriever,bool_q_10templates,1.4421540180964358,0.37773625631822216,1.0
LoRARetriever,bool_q_10templates,1.4285898062288258,0.40868603138652504,1.0
LoRARetriever,bool_q_10templates,1.4706731200072454,0.2578181746488658,1.0
LoRARetriever,bool_q_10templates,1.47485343558039,0.1839522846807838,1.0
LoRARetriever,bool_q_10templates,1.544673749820265,0.11433783577051682,1.0
LoRARetriever,bool_q_10templates,1.6434074066030009,0.10552940542042781,1.0
LoRARetriever,bool_q_10templates,1.7284726913938826,0.14284164153868492,1.0
LoRARetriever,bool_q_10templates,1.8169621646424408,0.2004115016155082,1.0
LoRARetriever,bool_q_10templates,1.9048908891120306,0.1495287632695519,1.0
LoRARetriever,bool_q_10templates,1.9404113156604317,0.18727377599951095,1.0
LoRARetriever,bool_q_10templates,2.0430211959468085,0.19979645297797183,1.0
LoRARetriever,bool_q_10templates,2.094344815492665,0.1141853581510766,1.0
LoRARetriever,bool_q_10templates,2.122370745061366,0.1401062822597901,1.0
LoRARetriever,bool_q_10templates,2.141950905113674,0.1754803119844605,1.0
LoRARetriever,bool_q_10templates,2.2356612891960475,0.06373126576210965,1.0
LoRARetriever,bool_q_10templates,2.2978472217766757,0.17073312296230417,1.0
LoRARetriever,bool_q_10templates,2.369232499720953,0.194716375704128,1.0
LoRARetriever,bool_q_10templates,2.410245988777262,0.16403537789856995,1.0
LoRARetriever,bool_q_10templates,2.5872233913095894,0.15447538199981195,1.0
LoRARetriever,bool_q_10templates,2.7439005814908426,0.3497397284631396,1.0
LoRARetriever,bool_q_10templates,2.938882446190563,0.26267834282159874,1.0
LoRARetriever,bool_q_10templates,2.8404673302218146,0.25073874188092593,1.0
LoRARetriever,bool_q_10templates,2.9677396184505698,0.38974629463762994,1.0
LoRARetriever,bool_q_10templates,3.036523817437509,0.25773189585625117,1.0
LoRARetriever,bool_q_10templates,3.2758179791006135,0.4473061744880656,1.0
LoRARetriever,bool_q_10templates,3.4257342835246076,0.2691205888731546,1.0
LoRARetriever,bool_q_10templates,3.81022148046332,0.14391987863841083,1.0
LoRARetriever,common_gen_10templates,1.5696900427281464,1.4703653700262493,1.0
LoRARetriever,common_gen_10templates,2.3368406595644995,2.6434467076118655,1.0
LoRARetriever,common_gen_10templates,2.54337769555936,2.5869172957746835,1.0
LoRARetriever,common_gen_10templates,2.232556700424305,2.7514343371387717,1.0
LoRARetriever,common_gen_10templates,1.5396818725158843,2.3447449615630744,1.0
LoRARetriever,common_gen_10templates,1.3830717300784348,1.7963782943209459,1.0
LoRARetriever,common_gen_10templates,1.3235288387400466,2.302587266038238,1.0
LoRARetriever,common_gen_10templates,1.0537551323397913,1.589510791857663,1.0
LoRARetriever,common_gen_10templates,1.0368514885306315,1.4838864631983013,1.0
LoRARetriever,common_gen_10templates,1.0374677421882856,1.0632481679252253,1.0
LoRARetriever,common_gen_10templates,1.0465207260357128,1.2176624476639049,1.0
LoRARetriever,common_gen_10templates,1.0591856066007541,0.7544811785298642,1.0
LoRARetriever,common_gen_10templates,1.0742207759712048,0.48773830700162984,1.0
LoRARetriever,common_gen_10templates,1.1026928934690743,0.44443023716460234,1.0
LoRARetriever,common_gen_10templates,1.1372403389348884,0.3665305149226741,1.0
LoRARetriever,common_gen_10templates,1.1574198794948125,0.36474168721617384,1.0
LoRARetriever,common_gen_10templates,1.1798021376174543,0.27594680451980735,1.0
LoRARetriever,common_gen_10templates,1.2012485147065346,0.2933005522295645,1.0
LoRARetriever,common_gen_10templates,1.2610627738135423,0.2926607141333837,1.0
LoRARetriever,common_gen_10templates,1.3204585263488549,0.35055148780560424,1.0
LoRARetriever,common_gen_10templates,1.3656483858795891,0.3368049762599092,1.0
LoRARetriever,common_gen_10templates,1.414134098331336,0.30071491464418576,1.0
LoRARetriever,common_gen_10templates,1.4660729760084559,0.29812442254388666,1.0
LoRARetriever,common_gen_10templates,1.534541067470623,0.2574409528727964,1.0
LoRARetriever,common_gen_10templates,1.5992020077306073,0.33359533264833363,1.0
LoRARetriever,common_gen_10templates,1.6468985614678755,0.31705002029135354,1.0
LoRARetriever,common_gen_10templates,1.6969415311292835,0.2986737762124017,1.0
LoRARetriever,common_gen_10templates,1.7783328467937813,0.42043698967659776,1.0
LoRARetriever,common_gen_10templates,1.8348776945223353,0.37677327725017296,1.0
LoRARetriever,common_gen_10templates,1.8985065579283555,0.34189681335220057,1.0
LoRARetriever,common_gen_10templates,1.978940129604105,0.4756389688607475,1.0
LoRARetriever,common_gen_10templates,2.0495887219501006,0.4553754789744265,1.0
LoRARetriever,common_gen_10templates,2.1082746131182004,0.4293367611307516,1.0
LoRARetriever,common_gen_10templates,2.1865510134400457,0.4490454071800288,1.0
LoRARetriever,common_gen_10templates,2.286541859194248,0.5041978173760975,1.0
LoRARetriever,common_gen_10templates,2.3904444532250855,0.47157751692959055,1.0
LoRARetriever,common_gen_10templates,2.496845259615631,0.515969189750863,1.0
LoRARetriever,common_gen_10templates,2.6741831786605887,0.5659194731871623,1.0
LoRARetriever,common_gen_10templates,2.7992973898158127,0.5607816025086276,1.0
LoRARetriever,common_gen_10templates,2.9692626580155106,0.6470362703981476,1.0
LoRARetriever,copa_10templates,1.5794412167136986,1.3395218752099776,1.0
LoRARetriever,copa_10templates,2.304715745245288,1.7508566247906376,1.0
LoRARetriever,copa_10templates,3.2809469976464554,2.158318091897837,1.0
LoRARetriever,copa_10templates,4.429435248044676,4.5860646429938035,1.0
LoRARetriever,copa_10templates,5.022178387821636,4.642478195864644,1.0
LoRARetriever,copa_10templates,4.259028604784,5.414518436448875,1.0
LoRARetriever,copa_10templates,3.204800536967651,4.626047750458942,1.0
LoRARetriever,copa_10templates,1.2089672387459063,1.0724715721625946,1.0
LoRARetriever,copa_10templates,1.1634624268473808,1.6632652087079982,1.0
LoRARetriever,copa_10templates,1.2287558910894825,1.4197894079403572,1.0
LoRARetriever,copa_10templates,1.214073778818352,1.4030588033803668,1.0
LoRARetriever,copa_10templates,1.1698080873046266,1.677861080939144,1.0
LoRARetriever,copa_10templates,1.1965907366957769,1.2116592994661115,1.0
LoRARetriever,copa_10templates,1.2462829999343883,0.9320615081988983,1.0
LoRARetriever,copa_10templates,1.2991418261197196,0.9253268055346275,1.0
LoRARetriever,copa_10templates,1.328647388596743,0.6869604369628561,1.0
LoRARetriever,copa_10templates,1.3402516554803916,0.4875054660417347,1.0
LoRARetriever,copa_10templates,1.3385431689408775,0.3295734960393506,1.0
LoRARetriever,copa_10templates,1.385777384258202,0.2960825757770063,1.0
LoRARetriever,copa_10templates,1.435094715428977,0.30263123505257045,1.0
LoRARetriever,copa_10templates,1.4960225731315637,0.4293945019412013,1.0
LoRARetriever,copa_10templates,1.56819590588014,0.2970389916058417,1.0
LoRARetriever,copa_10templates,1.661363897042123,0.3835017233990337,1.0
LoRARetriever,copa_10templates,1.766921565255907,0.21732347966164045,1.0
LoRARetriever,copa_10templates,1.8646454084514714,0.26779231440167284,1.0
LoRARetriever,copa_10templates,1.9763478771448857,0.3354076518547574,1.0
LoRARetriever,copa_10templates,2.0739859131920926,0.37383950199027904,1.0
LoRARetriever,copa_10templates,2.2143579246681035,0.35635510273090876,1.0
LoRARetriever,copa_10templates,2.3329056071291405,0.4352458539643721,1.0
LoRARetriever,copa_10templates,2.4493576186734134,0.5479572025112003,1.0
LoRARetriever,copa_10templates,2.5736013989086133,0.5478159832046268,1.0
LoRARetriever,copa_10templates,2.7402964115066983,0.24580322818861353,1.0
LoRARetriever,copa_10templates,2.8690491956726727,0.495210356363286,1.0
LoRARetriever,copa_10templates,3.0487535799561867,0.6690089068829984,1.0
LoRARetriever,copa_10templates,3.2564186742488577,0.8244720957764277,1.0
LoRARetriever,copa_10templates,3.327230875137162,0.8734906272627007,1.0
LoRARetriever,copa_10templates,3.592212787384786,0.953080839021687,1.0
LoRARetriever,copa_10templates,3.81419475448652,1.162855690818804,1.0
LoRARetriever,copa_10templates,3.913446542782693,0.9198803232879595,1.0
LoRARetriever,copa_10templates,4.198797968698851,0.8293635911130951,1.0
LoRARetriever,cosmos_qa_10templates,2.271503085160674,1.5318052709123908,1.0
LoRARetriever,cosmos_qa_10templates,3.8296930681740795,2.0294105189673477,1.0
LoRARetriever,cosmos_qa_10templates,5.053880235186828,3.6917864048843048,1.0
LoRARetriever,cosmos_qa_10templates,4.468311687644264,4.91508027967886,1.0
LoRARetriever,cosmos_qa_10templates,3.741715269605298,6.060389094578365,1.0
LoRARetriever,cosmos_qa_10templates,3.212075227586705,5.986985721581912,1.0
LoRARetriever,cosmos_qa_10templates,1.3214319133195152,3.2634432939375233,1.0
LoRARetriever,cosmos_qa_10templates,1.367453398843426,3.9360596071141534,1.0
LoRARetriever,cosmos_qa_10templates,1.2321718460600957,2.593084947774262,1.0
LoRARetriever,cosmos_qa_10templates,1.1531580230819634,2.0856285600354147,1.0
LoRARetriever,cosmos_qa_10templates,1.163645547640967,1.3310627225996616,1.0
LoRARetriever,cosmos_qa_10templates,1.202669290007265,1.5042632090160697,1.0
LoRARetriever,cosmos_qa_10templates,1.2756184435867628,1.2000999110578148,1.0
LoRARetriever,cosmos_qa_10templates,1.3524609893132185,1.2505121758311883,1.0
LoRARetriever,cosmos_qa_10templates,1.4066051498676067,1.0152433317061271,1.0
LoRARetriever,cosmos_qa_10templates,1.4399589527604664,0.8478015941875069,1.0
LoRARetriever,cosmos_qa_10templates,1.4994511621276474,0.813733932723744,1.0
LoRARetriever,cosmos_qa_10templates,1.597154758461843,1.0407676327955098,1.0
LoRARetriever,cosmos_qa_10templates,1.6733614361787756,1.3860637903149509,1.0
LoRARetriever,cosmos_qa_10templates,1.7558664618147364,1.0675184146547976,1.0
LoRARetriever,cosmos_qa_10templates,1.891544556879942,0.9169607739716467,1.0
LoRARetriever,cosmos_qa_10templates,2.011680165445826,1.391575201220113,1.0
LoRARetriever,cosmos_qa_10templates,2.160298447919676,0.5623499370350992,1.0
LoRARetriever,cosmos_qa_10templates,2.207031344772232,0.9954733199679168,1.0
LoRARetriever,cosmos_qa_10templates,2.2812741653149806,1.1275409416437077,1.0
LoRARetriever,cosmos_qa_10templates,2.4724549454506537,1.5024115659788382,1.0
LoRARetriever,cosmos_qa_10templates,2.6363755796772703,1.3853777346139016,1.0
LoRARetriever,cosmos_qa_10templates,2.8101050788708797,1.8737724651021432,1.0
LoRARetriever,cosmos_qa_10templates,2.9693161699936987,1.6020684140812906,1.0
LoRARetriever,cosmos_qa_10templates,3.249234988986585,2.131967832121771,1.0
LoRARetriever,cosmos_qa_10templates,3.3864185712829484,1.2657028179967986,1.0
LoRARetriever,cosmos_qa_10templates,3.554084374575703,1.33187085673692,1.0
LoRARetriever,cosmos_qa_10templates,3.763374119547876,1.1749640945449846,1.0
LoRARetriever,cosmos_qa_10templates,4.07580851734683,1.4911744027930338,1.0
LoRARetriever,cosmos_qa_10templates,4.269755741106745,1.5886957238725008,1.0
LoRARetriever,cosmos_qa_10templates,4.597321433824978,1.9067639980235032,1.0
LoRARetriever,cosmos_qa_10templates,4.74358508516279,1.4515764171718237,1.0
LoRARetriever,cosmos_qa_10templates,5.020628337962891,1.482808357355786,1.0
LoRARetriever,cosmos_qa_10templates,5.359388041631039,2.1272351980804536,1.0
LoRARetriever,cosmos_qa_10templates,5.881349499086405,1.8495579732169485,1.0
LoRARetriever,cosmos_qa_10templates,6.118559526620025,1.9020959137629483,1.0
LoRARetriever,cosmos_qa_10templates,6.450819592624504,1.1765092824787715,1.0
LoRARetriever,cosmos_qa_10templates,6.7573599356165905,1.7303879701485425,1.0
LoRARetriever,cosmos_qa_10templates,7.157647934219639,1.5284744416389617,1.0
LoRARetriever,cosmos_qa_10templates,7.861653345774146,1.2474558063814611,1.0
LoRARetriever,cosmos_qa_10templates,8.061676673196644,1.6253597746900028,1.0
LoRARetriever,dart_10templates,1.383233093154205,1.5810123447458566,1.0
LoRARetriever,dart_10templates,1.7648072860230115,2.7714389079655737,1.0
LoRARetriever,dart_10templates,1.9533175479349254,3.5324103569717,1.0
LoRARetriever,dart_10templates,2.205734919553741,5.431086813248172,1.0
LoRARetriever,dart_10templates,1.8361174926786124,5.213237295504086,1.0
LoRARetriever,dart_10templates,1.4092298765634943,3.323206175187381,1.0
LoRARetriever,dart_10templates,1.2155597533626445,2.2995005292603743,1.0
LoRARetriever,dart_10templates,1.0509574685081216,1.198268035547929,1.0
LoRARetriever,dart_10templates,1.0592991860402796,1.5381865128664718,1.0
LoRARetriever,dart_10templates,1.0253340230413543,1.102373259327457,1.0
LoRARetriever,dart_10templates,1.0310915583209947,0.7548399664040463,1.0
LoRARetriever,dart_10templates,1.0430921770215398,0.6594744283017375,1.0
LoRARetriever,dart_10templates,1.0544139880796517,0.48047727952005453,1.0
LoRARetriever,dart_10templates,1.0722106906347197,0.442758404335459,1.0
LoRARetriever,dart_10templates,1.0972841717195356,0.5183895774428467,1.0
LoRARetriever,dart_10templates,1.1215805186213526,0.5103780764398156,1.0
LoRARetriever,dart_10templates,1.1535036263697862,0.4118709233741072,1.0
LoRARetriever,dart_10templates,1.1826371142376992,0.44059978818600837,1.0
LoRARetriever,dart_10templates,1.2229809714384419,0.41871950402997776,1.0
LoRARetriever,dart_10templates,1.256267071625771,0.41683124593454796,1.0
LoRARetriever,dart_10templates,1.2983250638695132,0.3603643754775494,1.0
LoRARetriever,dart_10templates,1.3273159267628347,0.34549696779219563,1.0
LoRARetriever,dart_10templates,1.360875095124675,0.38765603289770845,1.0
LoRARetriever,dart_10templates,1.4022299276431425,0.3923257452659545,1.0
LoRARetriever,dart_10templates,1.4470836696240947,0.3802966718704316,1.0
LoRARetriever,dart_10templates,1.5024904786964335,0.3070664561544679,1.0
LoRARetriever,dart_10templates,1.5534337100302413,0.3251271511236951,1.0
LoRARetriever,dart_10templates,1.5936941854942863,0.3623508981356611,1.0
LoRARetriever,dart_10templates,1.6543552775388026,0.3872702811535698,1.0
LoRARetriever,dart_10templates,1.7310364009059032,0.36057206867771563,1.0
LoRARetriever,dart_10templates,1.7972175249333342,0.39579796345027257,1.0
LoRARetriever,dart_10templates,1.8650776369717732,0.4571805711123052,1.0
LoRARetriever,dart_10templates,1.9477158506076355,0.4152254857823014,1.0
LoRARetriever,dart_10templates,2.0301941074161762,0.36260447250134764,1.0
LoRARetriever,dart_10templates,2.1163484615316857,0.4334063569243578,1.0
LoRARetriever,dart_10templates,2.2236953183565475,0.43403564221481306,1.0
LoRARetriever,dart_10templates,2.325904633841375,0.4240599601474414,1.0
LoRARetriever,dart_10templates,2.443713223096117,0.46175620901393916,1.0
LoRARetriever,dart_10templates,2.5859956467886804,0.45308780369679386,1.0
LoRARetriever,dart_10templates,2.721966796400514,0.5551480418529908,1.0
LoRARetriever,drop_10templates,1.5044682555889701,1.4215507222929062,1.0
LoRARetriever,drop_10templates,1.7575623528209292,1.771833962317354,1.0
LoRARetriever,drop_10templates,1.9920604301103741,2.740774720584266,1.0
LoRARetriever,drop_10templates,1.691060500802813,3.8895483169663607,1.0
LoRARetriever,drop_10templates,1.50608695853462,3.5561499453277685,1.0
LoRARetriever,drop_10templates,1.0862852640099814,0.9469595502421085,1.0
LoRARetriever,drop_10templates,1.025988701683043,1.0053894413917983,1.0
LoRARetriever,drop_10templates,1.0299034180666646,1.1963513092559024,1.0
LoRARetriever,drop_10templates,1.0700059360358507,1.5392459003422312,1.0
LoRARetriever,drop_10templates,1.0761741516346859,1.417565629173558,1.0
LoRARetriever,drop_10templates,1.085342089014332,1.357228134027364,1.0
LoRARetriever,drop_10templates,1.100290462362574,1.2292300635546007,1.0
LoRARetriever,drop_10templates,1.123043300195816,0.8354760177777132,1.0
LoRARetriever,drop_10templates,1.1471050032409946,0.6660433645806804,1.0
LoRARetriever,drop_10templates,1.172595033291238,0.8149514004061477,1.0
LoRARetriever,drop_10templates,1.2027008087838553,0.6602749390951735,1.0
LoRARetriever,drop_10templates,1.2286691655089441,0.6151796500036872,1.0
LoRARetriever,drop_10templates,1.2738359972641438,0.5506199799394428,1.0
LoRARetriever,drop_10templates,1.32796490326279,0.44479603912162957,1.0
LoRARetriever,drop_10templates,1.3707017061392988,0.45479160373840355,1.0
LoRARetriever,drop_10templates,1.4090979236778678,0.5961689358302877,1.0
LoRARetriever,drop_10templates,1.4661057660378982,0.5202341307841362,1.0
LoRARetriever,drop_10templates,1.520290454293272,0.5610122414571082,1.0
LoRARetriever,drop_10templates,1.5591594838062206,0.5028098925907791,1.0
LoRARetriever,drop_10templates,1.6187301215918424,0.5402246587886107,1.0
LoRARetriever,drop_10templates,1.6918447683155065,0.42623432651362725,1.0
LoRARetriever,drop_10templates,1.762229158995619,0.5995304339058605,1.0
LoRARetriever,drop_10templates,1.8244306088828817,0.7275593898269062,1.0
LoRARetriever,drop_10templates,1.8916991625111714,0.5258186993134562,1.0
LoRARetriever,drop_10templates,1.9525318865152614,0.6582760088496925,1.0
LoRARetriever,drop_10templates,2.0191642440149917,0.6755715474404861,1.0
LoRARetriever,drop_10templates,2.1163541320695174,0.6568425283963317,1.0
LoRARetriever,drop_10templates,2.234540002002764,0.5346644335125172,1.0
LoRARetriever,drop_10templates,2.3354816803163714,0.8385650467054359,1.0
LoRARetriever,drop_10templates,2.406491184848879,0.6341833054549123,1.0
LoRARetriever,drop_10templates,2.5171056698999092,0.6124026185678112,1.0
LoRARetriever,drop_10templates,2.652283057586608,0.5579587719888793,1.0
LoRARetriever,drop_10templates,2.7802765864565973,0.8403587672001894,1.0
LoRARetriever,drop_10templates,2.883865609839302,0.7682731753843034,1.0
LoRARetriever,drop_10templates,3.061441426743027,0.7494982571650682,1.0
LoRARetriever,drop_10templates,3.178324756419611,0.7285005154809701,1.0
LoRARetriever,drop_10templates,3.3918079923628524,0.93284748117574,1.0
LoRARetriever,drop_10templates,3.4800061119578585,1.1598645306740365,1.0
LoRARetriever,drop_10templates,3.5344962823881416,0.9367163776170097,1.0
LoRARetriever,drop_10templates,3.674643939887452,0.9188481562025614,1.0
LoRARetriever,drop_10templates,3.7305370896173025,0.7780548604957419,1.0
LoRARetriever,drop_10templates,3.9823504514604915,0.9457541177588787,1.0
LoRARetriever,drop_10templates,4.180585388256247,0.7689094372277779,1.0
LoRARetriever,drop_10templates,4.410059623748999,0.8495605181671135,1.0
LoRARetriever,drop_10templates,4.723385712020525,0.9009473588938162,1.0
LoRARetriever,drop_10templates,5.0966138185817575,0.9509369219769953,1.0
LoRARetriever,drop_10templates,5.427710359242545,0.9080594306343212,1.0
LoRARetriever,drop_10templates,5.5950311822112475,0.9883627425422438,1.0
LoRARetriever,drop_10templates,5.875720070051257,0.9777883612015547,1.0
LoRARetriever,drop_10templates,6.23175168604042,0.8261470917768379,1.0
LoRARetriever,drop_10templates,7.2448113192716495,1.0069820975041126,1.0
LoRARetriever,drop_10templates,8.167860952690054,0.9464247825770261,1.0
LoRARetriever,drop_10templates,9.302186292372253,0.9462248888173861,1.0
LoRARetriever,drop_10templates,11.09536661743664,0.9789873339084408,1.0
LoRARetriever,drop_10templates,13.677193956803077,0.8769260040021309,1.0
LoRARetriever,drop_10templates,15.338382197443448,1.0219841910234793,1.0
LoRARetriever,drop_10templates,18.965414229959514,0.8423291281929881,1.0
LoRARetriever,drop_10templates,20.531097118510846,0.8873245005397967,1.0
LoRARetriever,e2e_nlg_10templates,1.2299836280941037,1.692996915329729,1.0
LoRARetriever,e2e_nlg_10templates,1.4485064237638827,2.4092624269200695,1.0
LoRARetriever,e2e_nlg_10templates,1.5727384166840463,3.015884450215007,1.0
LoRARetriever,e2e_nlg_10templates,1.6509741101228013,3.963564400882295,1.0
LoRARetriever,e2e_nlg_10templates,1.5125246831870738,4.095889607306961,1.0
LoRARetriever,e2e_nlg_10templates,1.259277082282748,2.1980081816635306,1.0
LoRARetriever,e2e_nlg_10templates,1.0261604291338515,1.1078096048942467,1.0
LoRARetriever,e2e_nlg_10templates,1.0322292454669013,1.1293994009269732,1.0
LoRARetriever,e2e_nlg_10templates,1.0447098539036328,1.316742954970579,1.0
LoRARetriever,e2e_nlg_10templates,1.042591182184323,1.299101155408432,1.0
LoRARetriever,e2e_nlg_10templates,1.0514188576076418,1.0140409107263508,1.0
LoRARetriever,e2e_nlg_10templates,1.0644379618561004,0.8129655090836385,1.0
LoRARetriever,e2e_nlg_10templates,1.08102266250085,0.7026311280902495,1.0
LoRARetriever,e2e_nlg_10templates,1.0879359625521459,0.6144770189989692,1.0
LoRARetriever,e2e_nlg_10templates,1.0936194291842791,0.3429018920068785,1.0
LoRARetriever,e2e_nlg_10templates,1.1261301470031113,0.3244970914400395,1.0
LoRARetriever,e2e_nlg_10templates,1.1629993448610805,0.36673481147885306,1.0
LoRARetriever,e2e_nlg_10templates,1.1947206343884098,0.3421913061836376,1.0
LoRARetriever,e2e_nlg_10templates,1.2281441109283857,0.34240697435172246,1.0
LoRARetriever,e2e_nlg_10templates,1.2665608524746454,0.3427505101058129,1.0
LoRARetriever,e2e_nlg_10templates,1.3053967931230734,0.2769209494165652,1.0
LoRARetriever,e2e_nlg_10templates,1.3487873655407512,0.2607633391209786,1.0
LoRARetriever,e2e_nlg_10templates,1.3891584313972505,0.30757515216771336,1.0
LoRARetriever,e2e_nlg_10templates,1.4333161060962454,0.3152845023222159,1.0
LoRARetriever,e2e_nlg_10templates,1.4863092268491596,0.31925412981482476,1.0
LoRARetriever,e2e_nlg_10templates,1.5388787058580187,0.34829226531939333,1.0
LoRARetriever,e2e_nlg_10templates,1.5879291781687694,0.24646369745758223,1.0
LoRARetriever,e2e_nlg_10templates,1.6529149093897657,0.35403806939553917,1.0
LoRARetriever,e2e_nlg_10templates,1.7261434274022798,0.3352626091012595,1.0
LoRARetriever,e2e_nlg_10templates,1.7795088083458959,0.3459071742335867,1.0
LoRARetriever,e2e_nlg_10templates,1.846936267916412,0.31441704286480326,1.0
LoRARetriever,e2e_nlg_10templates,1.9209872171071238,0.3822643468374759,1.0
LoRARetriever,e2e_nlg_10templates,1.9581840315860422,0.3997631762640808,1.0
LoRARetriever,e2e_nlg_10templates,2.046968759422171,0.35279412307280655,1.0
LoRARetriever,e2e_nlg_10templates,2.0923528939717024,0.37384417257770014,1.0
LoRARetriever,e2e_nlg_10templates,2.177932689317819,0.37552868007790846,1.0
LoRARetriever,e2e_nlg_10templates,2.2332673152427294,0.35488011784706275,1.0
LoRARetriever,e2e_nlg_10templates,2.3526999662195487,0.4094511035564091,1.0
LoRARetriever,e2e_nlg_10templates,2.4241186055558317,0.48579428384511025,1.0
LoRARetriever,e2e_nlg_10templates,2.552647137732684,0.4125534403473414,1.0
LoRARetriever,glue_mrpc_10templates,2.0577505589862723,1.7981835610123016,1.0
LoRARetriever,glue_mrpc_10templates,2.2460172999988592,1.5796537468540648,1.0
LoRARetriever,glue_mrpc_10templates,2.253094334074421,1.4949351313360673,1.0
LoRARetriever,glue_mrpc_10templates,2.9401314593455914,1.8083412607390994,1.0
LoRARetriever,glue_mrpc_10templates,3.387312716082354,2.431782492192303,1.0
LoRARetriever,glue_mrpc_10templates,2.6099439182472564,1.862765959312587,1.0
LoRARetriever,glue_mrpc_10templates,1.4567285797106075,1.2845501115915137,1.0
LoRARetriever,glue_mrpc_10templates,1.1892269999423606,1.1948325793022874,1.0
LoRARetriever,glue_mrpc_10templates,1.1998068837451579,1.0441911328296694,1.0
LoRARetriever,glue_mrpc_10templates,1.2455407024433118,1.0570424974991193,1.0
LoRARetriever,glue_mrpc_10templates,1.1902290607559547,0.7930843759001256,1.0
LoRARetriever,glue_mrpc_10templates,1.3125877394822663,0.746677042972107,1.0
LoRARetriever,glue_mrpc_10templates,1.3817795363446157,0.532108732994625,1.0
LoRARetriever,glue_mrpc_10templates,1.306087910558331,0.4198954894635918,1.0
LoRARetriever,glue_mrpc_10templates,1.3699038273831485,0.5578671877272056,1.0
LoRARetriever,glue_mrpc_10templates,1.4149068062463752,0.3181189823809748,1.0
LoRARetriever,glue_mrpc_10templates,1.4610329549681504,0.2848250282973295,1.0
LoRARetriever,glue_mrpc_10templates,1.5072701293291246,0.14902945737483372,1.0
LoRARetriever,glue_mrpc_10templates,1.6771774428857869,0.1646374165025937,1.0
LoRARetriever,glue_mrpc_10templates,1.859526403616357,0.16143879502816896,1.0
LoRARetriever,glue_mrpc_10templates,1.9643130227350791,0.13482437854749005,1.0
LoRARetriever,glue_mrpc_10templates,2.0750296950710974,0.11426034336654296,1.0
LoRARetriever,glue_mrpc_10templates,2.2137746401779568,0.15303401718495668,1.0
LoRARetriever,glue_mrpc_10templates,2.376204185821221,0.19570389369283622,1.0
LoRARetriever,glue_mrpc_10templates,2.522505323854182,0.1257226842940779,1.0
LoRARetriever,glue_mrpc_10templates,2.6183578795806675,0.16575449859813857,1.0
LoRARetriever,glue_mrpc_10templates,2.711253078918943,0.11209289992040569,1.0
LoRARetriever,glue_mrpc_10templates,2.848314475533995,0.11401763320219493,1.0
LoRARetriever,glue_mrpc_10templates,3.0056041354537144,0.17469746236613234,1.0
LoRARetriever,glue_mrpc_10templates,3.3264448185686226,0.2170115692819648,1.0
LoRARetriever,glue_mrpc_10templates,3.427950591953115,0.14094116315820032,1.0
LoRARetriever,glue_mrpc_10templates,3.7264854626492916,0.2811073170676962,1.0
LoRARetriever,glue_mrpc_10templates,3.9303283732229626,0.2887127401724833,1.0
LoRARetriever,glue_mrpc_10templates,4.089483729761682,0.21401812523171374,1.0
LoRARetriever,glue_mrpc_10templates,4.517715977501148,0.23952000896429895,1.0
LoRARetriever,glue_mrpc_10templates,4.5115875136326995,0.31194208248068067,1.0
LoRARetriever,glue_mrpc_10templates,4.402600355871022,0.5460668321949232,1.0
LoRARetriever,glue_mrpc_10templates,4.587615481062441,0.23455341126848983,1.0
LoRARetriever,glue_mrpc_10templates,4.598512981091619,0.488777237181088,1.0
LoRARetriever,glue_mrpc_10templates,4.883883432204107,0.2536963170388369,1.0
LoRARetriever,glue_qqp_10templates,1.3457312096869072,1.0890257114393023,1.0
LoRARetriever,glue_qqp_10templates,1.4538151680598417,1.5052475079071659,1.0
LoRARetriever,glue_qqp_10templates,1.75839022435105,1.5588813573131879,1.0
LoRARetriever,glue_qqp_10templates,2.0886784784825974,1.8641895533229935,1.0
LoRARetriever,glue_qqp_10templates,2.6257832567655126,2.7821441451469897,1.0
LoRARetriever,glue_qqp_10templates,1.614906787593808,2.3550848462098064,1.0
LoRARetriever,glue_qqp_10templates,1.2686235529687384,1.6351933205538027,1.0
LoRARetriever,glue_qqp_10templates,1.084324336556623,1.3215893234721465,1.0
LoRARetriever,glue_qqp_10templates,1.1120626908713318,1.3339178669227985,1.0
LoRARetriever,glue_qqp_10templates,1.1168891004091845,1.0042667431984555,1.0
LoRARetriever,glue_qqp_10templates,1.1236099877417236,1.089124930211796,1.0
LoRARetriever,glue_qqp_10templates,1.1453999809134838,0.7310519008532695,1.0
LoRARetriever,glue_qqp_10templates,1.166977695874836,0.6505227486895574,1.0
LoRARetriever,glue_qqp_10templates,1.203558730961293,0.5878240217119556,1.0
LoRARetriever,glue_qqp_10templates,1.2581370999483565,0.42228190778245756,1.0
LoRARetriever,glue_qqp_10templates,1.3491510863689793,0.28080267159322475,1.0
LoRARetriever,glue_qqp_10templates,1.4052041433173894,0.3173849465692222,1.0
LoRARetriever,glue_qqp_10templates,1.4605097610280064,0.2555266876429364,1.0
LoRARetriever,glue_qqp_10templates,1.5362065051915905,0.24476990369998006,1.0
LoRARetriever,glue_qqp_10templates,1.6010410586480588,0.1462196812896025,1.0
LoRARetriever,glue_qqp_10templates,1.658549479334581,0.269434823427278,1.0
LoRARetriever,glue_qqp_10templates,1.7214416285832748,0.1550293595116209,1.0
LoRARetriever,glue_qqp_10templates,1.7938842925115788,0.16911980982499758,1.0
LoRARetriever,glue_qqp_10templates,1.8660579197668676,0.13740040807345633,1.0
LoRARetriever,glue_qqp_10templates,1.995202939146427,0.13302001255519494,1.0
LoRARetriever,glue_qqp_10templates,2.0865834729856436,0.12718256333389888,1.0
LoRARetriever,glue_qqp_10templates,2.0636965607391047,0.14651813518062132,1.0
LoRARetriever,glue_qqp_10templates,2.1270994927651854,0.18723552824780526,1.0
LoRARetriever,glue_qqp_10templates,2.2152834725768837,0.23018452674845377,1.0
LoRARetriever,glue_qqp_10templates,2.3083648338362224,0.20457523111363102,1.0
LoRARetriever,glue_qqp_10templates,2.402882465457594,0.2312700813980157,1.0
LoRARetriever,glue_qqp_10templates,2.369353095603843,0.2582070477818689,1.0
LoRARetriever,glue_qqp_10templates,2.5000753010699936,0.21148945802806937,1.0
LoRARetriever,glue_qqp_10templates,2.579616417639615,0.24643084817444813,1.0
LoRARetriever,glue_qqp_10templates,2.7444308235687798,0.29221791881601844,1.0
LoRARetriever,glue_qqp_10templates,2.8972354322352354,0.4933197219076551,1.0
LoRARetriever,glue_qqp_10templates,3.109794800738789,0.5359640389717439,1.0
LoRARetriever,glue_qqp_10templates,3.291080478056773,0.4875210137537972,1.0
LoRARetriever,glue_qqp_10templates,3.3085671404479635,0.7477923152211557,1.0
LoRARetriever,glue_qqp_10templates,3.5836504015174304,0.5246951475435236,1.0
LoRARetriever,hellaswag_10templates,2.505018514708512,1.7503946321385824,1.0
LoRARetriever,hellaswag_10templates,4.13077198156024,2.3588703145353036,1.0
LoRARetriever,hellaswag_10templates,5.860559758202897,4.831879421963001,1.0
LoRARetriever,hellaswag_10templates,6.779725336250502,4.628596180304961,1.0
LoRARetriever,hellaswag_10templates,4.351567862287887,7.320791645677599,1.0
LoRARetriever,hellaswag_10templates,2.1595999594714863,4.395351947328447,1.0
LoRARetriever,hellaswag_10templates,1.5032301691217025,2.14611248879218,1.0
LoRARetriever,hellaswag_10templates,1.0750071547600688,1.546573156352305,1.0
LoRARetriever,hellaswag_10templates,1.1167367946100968,2.8500571954725276,1.0
LoRARetriever,hellaswag_10templates,1.1558012683625223,2.3462932240673324,1.0
LoRARetriever,hellaswag_10templates,1.1306568387798863,1.7897258842713728,1.0
LoRARetriever,hellaswag_10templates,1.1575769271782559,1.5460462406688213,1.0
LoRARetriever,hellaswag_10templates,1.242809917402359,1.471728458882666,1.0
LoRARetriever,hellaswag_10templates,1.294650257321759,1.29477444426128,1.0
LoRARetriever,hellaswag_10templates,1.3399750645837376,1.1171769314654731,1.0
LoRARetriever,hellaswag_10templates,1.3972854107750805,0.9365572920093428,1.0
LoRARetriever,hellaswag_10templates,1.448773232823854,0.6041427265050836,1.0
LoRARetriever,hellaswag_10templates,1.5127712631741135,0.7344477756011955,1.0
LoRARetriever,hellaswag_10templates,1.6283050707729183,0.7179902118546622,1.0
LoRARetriever,hellaswag_10templates,1.6799405051037588,0.6884002602560112,1.0
LoRARetriever,hellaswag_10templates,1.7342549635691435,0.5756716422172793,1.0
LoRARetriever,hellaswag_10templates,1.7587619544267612,0.49083300792967105,1.0
LoRARetriever,hellaswag_10templates,1.8334722223115314,0.4741150452898255,1.0
LoRARetriever,hellaswag_10templates,1.8228113127694228,0.4355557238527648,1.0
LoRARetriever,hellaswag_10templates,1.8344051421266574,0.42206486030637885,1.0
LoRARetriever,hellaswag_10templates,1.9129848204861826,0.41004024942617345,1.0
LoRARetriever,hellaswag_10templates,1.991103326024138,0.553463406672229,1.0
LoRARetriever,hellaswag_10templates,2.050797156452436,0.5372215703821624,1.0
LoRARetriever,hellaswag_10templates,2.0670565797329052,0.44312711014995754,1.0
LoRARetriever,hellaswag_10templates,2.152959545725711,0.4271536358638873,1.0
LoRARetriever,hellaswag_10templates,2.198417625989677,0.441123705931388,1.0
LoRARetriever,hellaswag_10templates,2.293503513522716,0.45209376594373846,1.0
LoRARetriever,hellaswag_10templates,2.4043066514173432,0.7511408076675387,1.0
LoRARetriever,hellaswag_10templates,2.5584652978515026,0.6418375286693745,1.0
LoRARetriever,hellaswag_10templates,2.6865062686989027,0.7182033772275718,1.0
LoRARetriever,hellaswag_10templates,2.8368233950630715,0.600947210387887,1.0
LoRARetriever,hellaswag_10templates,2.9552448507649483,0.7990670283510212,1.0
LoRARetriever,hellaswag_10templates,3.062900735897552,1.1229367964441217,1.0
LoRARetriever,hellaswag_10templates,3.0434870942939973,0.4417962810353972,1.0
LoRARetriever,hellaswag_10templates,3.239910137127409,0.7964190908990966,1.0
LoRARetriever,imdb_reviews_10templates,1.1813449133302414,1.072370396654909,1.0
LoRARetriever,imdb_reviews_10templates,1.456650231129907,1.3476411548346559,1.0
LoRARetriever,imdb_reviews_10templates,1.7732121836007686,1.65780819786827,1.0
LoRARetriever,imdb_reviews_10templates,1.54829088270006,2.472175429520299,1.0
LoRARetriever,imdb_reviews_10templates,1.307330054109867,2.3030970006918348,1.0
LoRARetriever,imdb_reviews_10templates,1.2665920032765123,2.3630989358565064,1.0
LoRARetriever,imdb_reviews_10templates,1.103457066341284,1.850856348646811,1.0
LoRARetriever,imdb_reviews_10templates,1.0219862355705214,1.0814288584556209,1.0
LoRARetriever,imdb_reviews_10templates,1.033858509693157,1.2402832894183577,1.0
LoRARetriever,imdb_reviews_10templates,1.0633227147062632,1.061542728023309,1.0
LoRARetriever,imdb_reviews_10templates,1.0920594334168077,0.7681981949453519,1.0
LoRARetriever,imdb_reviews_10templates,1.1249605189099026,0.7079479898416212,1.0
LoRARetriever,imdb_reviews_10templates,1.1706593513124146,0.4253036388635227,1.0
LoRARetriever,imdb_reviews_10templates,1.2102602139164829,0.41492110704306256,1.0
LoRARetriever,imdb_reviews_10templates,1.243823506713822,0.46945534482080564,1.0
LoRARetriever,imdb_reviews_10templates,1.2703636535701937,0.3324144656414737,1.0
LoRARetriever,imdb_reviews_10templates,1.3230340063958457,0.24852626529720226,1.0
LoRARetriever,imdb_reviews_10templates,1.375541859115213,0.17059380108923777,1.0
LoRARetriever,imdb_reviews_10templates,1.4321107912235975,0.2682671183993965,1.0
LoRARetriever,imdb_reviews_10templates,1.4744675946007446,0.22607578091298358,1.0
LoRARetriever,imdb_reviews_10templates,1.5073153323027733,0.2635966161963545,1.0
LoRARetriever,imdb_reviews_10templates,1.561638515925296,0.1978267958104801,1.0
LoRARetriever,imdb_reviews_10templates,1.6113169535276612,0.2879441606630251,1.0
LoRARetriever,imdb_reviews_10templates,1.6788828565357559,0.28915360447763117,1.0
LoRARetriever,imdb_reviews_10templates,1.7375236941799155,0.26984946055308157,1.0
LoRARetriever,imdb_reviews_10templates,1.8081434535508485,0.23771068023959457,1.0
LoRARetriever,imdb_reviews_10templates,1.8680453727093198,0.22020698007181605,1.0
LoRARetriever,imdb_reviews_10templates,1.926052574667778,0.3151578153764299,1.0
LoRARetriever,imdb_reviews_10templates,1.9974788559915164,0.3850348063149171,1.0
LoRARetriever,imdb_reviews_10templates,2.081444541945056,0.2815591832581404,1.0
LoRARetriever,imdb_reviews_10templates,2.1423020114052553,0.32221376232383053,1.0
LoRARetriever,imdb_reviews_10templates,2.2082674867044196,0.3014997321372423,1.0
LoRARetriever,imdb_reviews_10templates,2.2620358851925486,0.35690238246806205,1.0
LoRARetriever,imdb_reviews_10templates,2.3536307624505644,0.3919338972575427,1.0
LoRARetriever,imdb_reviews_10templates,2.4804236458261255,0.42237883459473324,1.0
LoRARetriever,imdb_reviews_10templates,2.5885139842553246,0.4242956756990036,1.0
LoRARetriever,imdb_reviews_10templates,2.7187143172586996,0.3757282535546961,1.0
LoRARetriever,imdb_reviews_10templates,2.7493443962695725,0.3982706718500816,1.0
LoRARetriever,imdb_reviews_10templates,2.8593031515351552,0.4530063185320537,1.0
LoRARetriever,imdb_reviews_10templates,2.956421083584759,0.44978038515460295,1.0
LoRARetriever,imdb_reviews_10templates,3.061335448949293,0.45379037401719885,1.0
LoRARetriever,imdb_reviews_10templates,3.1997060691788666,0.6138757070853199,1.0
LoRARetriever,imdb_reviews_10templates,3.3558247474185974,0.7313793599266599,1.0
LoRARetriever,imdb_reviews_10templates,3.5393661205242877,0.4382564260473206,1.0
LoRARetriever,imdb_reviews_10templates,3.775590016837486,0.5205433930412229,1.0
LoRARetriever,mnli_mismatched_10templates,1.7986262221871598,1.3634690110758911,1.0
LoRARetriever,mnli_mismatched_10templates,2.060977254139665,1.4527721844736803,1.0
LoRARetriever,mnli_mismatched_10templates,2.4693176446006952,1.3078895905074437,1.0
LoRARetriever,mnli_mismatched_10templates,2.3049638915936472,2.384850498977468,1.0
LoRARetriever,mnli_mismatched_10templates,1.756512005932119,2.71585253023035,1.0
LoRARetriever,mnli_mismatched_10templates,1.3566505915236766,2.6788471767837962,1.0
LoRARetriever,mnli_mismatched_10templates,1.2196389496437272,1.2022255695412516,1.0
LoRARetriever,mnli_mismatched_10templates,1.11013299409778,1.5370023433701774,1.0
LoRARetriever,mnli_mismatched_10templates,1.1344544721052268,1.7171037522992818,1.0
LoRARetriever,mnli_mismatched_10templates,1.2000883788745693,1.3082260292524082,1.0
LoRARetriever,mnli_mismatched_10templates,1.2086506133466282,1.1323023858017454,1.0
LoRARetriever,mnli_mismatched_10templates,1.2446715241791235,1.44394646610184,1.0
LoRARetriever,mnli_mismatched_10templates,1.2843573078135364,1.0728523169455066,1.0
LoRARetriever,mnli_mismatched_10templates,1.3454998544956889,0.8055170443907158,1.0
LoRARetriever,mnli_mismatched_10templates,1.3924692503594498,0.9873397343392663,1.0
LoRARetriever,mnli_mismatched_10templates,1.5415647327289081,0.5394464804405711,1.0
LoRARetriever,mnli_mismatched_10templates,1.6121753101571104,0.7249658671116732,1.0
LoRARetriever,mnli_mismatched_10templates,1.7366130483599278,0.6034541658401014,1.0
LoRARetriever,mnli_mismatched_10templates,1.820112150069829,0.4792579037751829,1.0
LoRARetriever,mnli_mismatched_10templates,1.9635235637927764,0.7237593720554015,1.0
LoRARetriever,mnli_mismatched_10templates,2.159884971537998,0.4542840463402099,1.0
LoRARetriever,mnli_mismatched_10templates,2.243289584375931,0.5121318867543334,1.0
LoRARetriever,mnli_mismatched_10templates,2.3351466707791078,0.5337291169256048,1.0
LoRARetriever,mnli_mismatched_10templates,2.4139210070428976,0.5120291672687725,1.0
LoRARetriever,mnli_mismatched_10templates,2.3656316044017163,0.39902465574948137,1.0
LoRARetriever,mnli_mismatched_10templates,2.3778081313460557,0.8328619081276929,1.0
LoRARetriever,mnli_mismatched_10templates,2.434809486752967,0.5204937102934196,1.0
LoRARetriever,mnli_mismatched_10templates,2.414721754457461,0.4067863806847751,1.0
LoRARetriever,mnli_mismatched_10templates,2.597215646965862,0.6806888760421234,1.0
LoRARetriever,mnli_mismatched_10templates,2.6540537785635103,0.5026247945788614,1.0
LoRARetriever,mnli_mismatched_10templates,2.71726786649846,0.25960808038266675,1.0
LoRARetriever,mnli_mismatched_10templates,2.865876793704533,0.2947827976507235,1.0
LoRARetriever,mnli_mismatched_10templates,3.0688035192527288,0.3748182038979476,1.0
LoRARetriever,mnli_mismatched_10templates,2.9472755731352476,0.17223416315512347,1.0
LoRARetriever,mnli_mismatched_10templates,3.08345758527801,0.6130986917337757,1.0
LoRARetriever,mnli_mismatched_10templates,3.086654238561227,0.4548674894212662,1.0
LoRARetriever,mnli_mismatched_10templates,3.318493265760919,0.3556422063648288,1.0
LoRARetriever,mnli_mismatched_10templates,3.397953002877491,0.6932846163073982,1.0
LoRARetriever,mnli_mismatched_10templates,3.729710148708313,0.8683909980169048,1.0
LoRARetriever,mnli_mismatched_10templates,3.976796393901928,0.6675602648974311,1.0
LoRARetriever,multirc_10templates,2.059991306557004,1.2887383084614248,1.0
LoRARetriever,multirc_10templates,2.0920884879374846,1.2286951192733238,1.0
LoRARetriever,multirc_10templates,2.103702478729735,1.2227755489090606,1.0
LoRARetriever,multirc_10templates,2.0774493314445026,1.3132695367485516,1.0
LoRARetriever,multirc_10templates,1.6812383490157925,1.1314093426601246,1.0
LoRARetriever,multirc_10templates,1.7597743458981394,1.1047230495908633,1.0
LoRARetriever,multirc_10templates,1.0461812550465952,1.1742046993355981,1.0
LoRARetriever,multirc_10templates,1.0277374992098651,0.9247663538749298,1.0
LoRARetriever,multirc_10templates,1.0983458693818995,0.8710476975712093,1.0
LoRARetriever,multirc_10templates,1.1254824340385416,1.0669086495126736,1.0
LoRARetriever,multirc_10templates,1.141002097292868,0.9991412100800615,1.0
LoRARetriever,multirc_10templates,1.1838747980569884,0.6112051961287688,1.0
LoRARetriever,multirc_10templates,1.2077963233361073,0.7548405852195557,1.0
LoRARetriever,multirc_10templates,1.252366147566388,0.4345571961608469,1.0
LoRARetriever,multirc_10templates,1.3144539182436699,0.32363962171962896,1.0
LoRARetriever,multirc_10templates,1.34463116291396,0.234427456795941,1.0
LoRARetriever,multirc_10templates,1.4367325069162504,0.2946406669876872,1.0
LoRARetriever,multirc_10templates,1.4937813981992847,0.22256102882877965,1.0
LoRARetriever,multirc_10templates,1.5669345347589336,0.15853160940501612,1.0
LoRARetriever,multirc_10templates,1.6601776055287472,0.16125679208196628,1.0
LoRARetriever,multirc_10templates,1.7025151184331244,0.149438787202691,1.0
LoRARetriever,multirc_10templates,1.7667192407747951,0.20842131740638103,1.0
LoRARetriever,multirc_10templates,1.8788319462593135,0.14437398918741062,1.0
LoRARetriever,multirc_10templates,2.0390907912077,0.12005140804713253,1.0
LoRARetriever,multirc_10templates,2.1858727748179736,0.19482678443566198,1.0
LoRARetriever,multirc_10templates,2.264704884426672,0.13913081452463796,1.0
LoRARetriever,multirc_10templates,2.3535912774668857,0.20222692611813642,1.0
LoRARetriever,multirc_10templates,2.4502095149883787,0.1556275747447714,1.0
LoRARetriever,multirc_10templates,2.5593545475978514,0.1520707608933339,1.0
LoRARetriever,multirc_10templates,2.7192671278446774,0.24213970926482922,1.0
LoRARetriever,multirc_10templates,2.9440384935773225,0.2038767680918783,1.0
LoRARetriever,multirc_10templates,3.1602917371324373,0.21454606107755322,1.0
LoRARetriever,multirc_10templates,3.3786732629595115,0.14612966947997214,1.0
LoRARetriever,multirc_10templates,3.5472088138711317,0.2594514762476862,1.0
LoRARetriever,multirc_10templates,3.7187610849877912,0.2921985642084671,1.0
LoRARetriever,multirc_10templates,3.6344171337754188,0.4923979103898098,1.0
LoRARetriever,multirc_10templates,3.9050561889430373,0.33129015140996226,1.0
LoRARetriever,multirc_10templates,4.285885434460775,0.4282674577906043,1.0
LoRARetriever,multirc_10templates,4.60830475326254,0.5232030134623943,1.0
LoRARetriever,multirc_10templates,4.929729445872005,0.37836896476578247,1.0
LoRARetriever,multirc_10templates,5.252288836411543,0.777577555502499,1.0
LoRARetriever,multirc_10templates,5.409283170297412,0.4915692646589497,1.0
LoRARetriever,multirc_10templates,5.509220145019078,0.7187492652808265,1.0
LoRARetriever,multirc_10templates,5.57608038638827,0.712395838642683,1.0
LoRARetriever,multirc_10templates,6.122939035020382,1.1327903827930292,1.0
LoRARetriever,multirc_10templates,6.652927877688221,1.0298115836121249,1.0
LoRARetriever,multirc_10templates,6.758425644762373,0.8911651784172054,1.0
LoRARetriever,multirc_10templates,7.282990207947906,1.715242815618253,1.0
LoRARetriever,multirc_10templates,7.924404523361055,1.258222948640809,1.0
LoRARetriever,multirc_10templates,8.678129535150168,0.8734631625769664,1.0
LoRARetriever,multirc_10templates,9.521601469705068,0.8296194357555184,1.0
LoRARetriever,multirc_10templates,10.182820344714854,0.9929740758124969,1.0
LoRARetriever,multirc_10templates,11.411267845444446,1.0534970001374475,1.0
LoRARetriever,multirc_10templates,12.121329165645447,1.926050014397398,1.0
LoRARetriever,multirc_10templates,12.317199130994181,1.2592305469648264,1.0
LoRARetriever,multirc_10templates,13.069807451472926,1.439916787449749,1.0
LoRARetriever,multirc_10templates,14.678126798842621,1.3305483875160435,1.0
LoRARetriever,multirc_10templates,16.89837148001834,1.741397013036798,1.0
LoRARetriever,multirc_10templates,17.55695002397671,1.5940950541392163,1.0
LoRARetriever,multirc_10templates,23.00719541370262,1.2773351052907758,1.0
LoRARetriever,multirc_10templates,28.034456569363623,1.0587147555723841,1.0
LoRARetriever,multirc_10templates,31.224972228437437,0.8418381231616903,1.0
LoRARetriever,multirc_10templates,26.49662830769035,0.964493408662936,1.0
LoRARetriever,natural_questions_10templates,1.2174658225393016,1.2208192241968394,1.0
LoRARetriever,natural_questions_10templates,1.2037948284616835,1.37662049902878,1.0
LoRARetriever,natural_questions_10templates,1.3110493379050574,1.6203229158913113,1.0
LoRARetriever,natural_questions_10templates,1.1796973561454782,1.735791851619079,1.0
LoRARetriever,natural_questions_10templates,1.1427785944959856,2.3081419997601764,1.0
LoRARetriever,natural_questions_10templates,1.1238455296961036,2.0270110956364995,1.0
LoRARetriever,natural_questions_10templates,1.060018533556987,1.1901889715810192,1.0
LoRARetriever,natural_questions_10templates,1.0223351462807178,0.9467901230740686,1.0
LoRARetriever,natural_questions_10templates,1.0397761374667431,0.6914507086472732,1.0
LoRARetriever,natural_questions_10templates,1.060760812593786,0.5230394037914927,1.0
LoRARetriever,natural_questions_10templates,1.0999422046163976,0.4467300072616766,1.0
LoRARetriever,natural_questions_10templates,1.1257040605988384,0.4014823716434321,1.0
LoRARetriever,natural_questions_10templates,1.1555401941997725,0.2697789524649675,1.0
LoRARetriever,natural_questions_10templates,1.1821625923119667,0.27984559112770413,1.0
LoRARetriever,natural_questions_10templates,1.2175203031404134,0.2763998936114184,1.0
LoRARetriever,natural_questions_10templates,1.2312079994174485,0.30130052675129637,1.0
LoRARetriever,natural_questions_10templates,1.2661837428465001,0.26581683559692476,1.0
LoRARetriever,natural_questions_10templates,1.3016393649330915,0.26006804456457083,1.0
LoRARetriever,natural_questions_10templates,1.3485070169056093,0.2690004180443028,1.0
LoRARetriever,natural_questions_10templates,1.379409488906224,0.320328973506542,1.0
LoRARetriever,natural_questions_10templates,1.4270189879003865,0.3851153347157483,1.0
LoRARetriever,natural_questions_10templates,1.4792495095926226,0.2853904754190854,1.0
LoRARetriever,natural_questions_10templates,1.5410889841582727,0.298526354907761,1.0
LoRARetriever,natural_questions_10templates,1.5969132809303377,0.34801492971611836,1.0
LoRARetriever,natural_questions_10templates,1.6505212241783442,0.3246481714437577,1.0
LoRARetriever,natural_questions_10templates,1.7204207961017928,0.3514472966263142,1.0
LoRARetriever,natural_questions_10templates,1.7784476929128143,0.44791750816702475,1.0
LoRARetriever,natural_questions_10templates,1.8479981985785559,0.47408781218452795,1.0
LoRARetriever,natural_questions_10templates,1.8807644200130689,0.35600310234168525,1.0
LoRARetriever,natural_questions_10templates,1.9597902705540484,0.3166611189970976,1.0
LoRARetriever,natural_questions_10templates,2.0303625989019882,0.39928871912515346,1.0
LoRARetriever,natural_questions_10templates,2.1388730077741447,0.3928966870093872,1.0
LoRARetriever,natural_questions_10templates,2.2367198716477583,0.41369849513008067,1.0
LoRARetriever,natural_questions_10templates,2.2697800187256485,0.39734563376208765,1.0
LoRARetriever,natural_questions_10templates,2.3222265495491694,0.4078469556517822,1.0
LoRARetriever,natural_questions_10templates,2.4231870546923733,0.46920560073731377,1.0
LoRARetriever,natural_questions_10templates,2.5444596612962087,0.4394579468413621,1.0
LoRARetriever,natural_questions_10templates,2.636653978936119,0.44897473843147545,1.0
LoRARetriever,natural_questions_10templates,2.7198560904481783,0.4529399374647617,1.0
LoRARetriever,natural_questions_10templates,2.8879210811952003,0.4498866926024285,1.0
LoRARetriever,openbookqa_10templates,1.6199129169039848,1.4834763424386104,1.0
LoRARetriever,openbookqa_10templates,2.228223655723764,2.780164411110761,1.0
LoRARetriever,openbookqa_10templates,2.8723838610785903,5.8586483913206076,1.0
LoRARetriever,openbookqa_10templates,2.643052405209439,9.343358492753005,1.0
LoRARetriever,openbookqa_10templates,2.380271938150219,11.356977534476666,1.0
LoRARetriever,openbookqa_10templates,2.049509907041711,12.608984149045789,1.0
LoRARetriever,openbookqa_10templates,1.117009020340789,2.080748557940236,1.0
LoRARetriever,openbookqa_10templates,1.0540124206911023,1.8826463552277377,1.0
LoRARetriever,openbookqa_10templates,1.0995821010806996,1.7977949807446758,1.0
LoRARetriever,openbookqa_10templates,1.1281160221908226,2.160376334073593,1.0
LoRARetriever,openbookqa_10templates,1.1235578390707885,1.7451777275527538,1.0
LoRARetriever,openbookqa_10templates,1.1593132697925626,1.5110871533285948,1.0
LoRARetriever,openbookqa_10templates,1.194012398999641,1.9355223770893295,1.0
LoRARetriever,openbookqa_10templates,1.2047625844913752,0.793918155287304,1.0
LoRARetriever,openbookqa_10templates,1.2479522826787397,1.2020500083220647,1.0
LoRARetriever,openbookqa_10templates,1.286303206181849,0.9001155877928532,1.0
LoRARetriever,openbookqa_10templates,1.3169328903019655,0.4993484453915804,1.0
LoRARetriever,openbookqa_10templates,1.3582827629361895,0.6861136004339057,1.0
LoRARetriever,openbookqa_10templates,1.3835039778897296,0.4263293092880818,1.0
LoRARetriever,openbookqa_10templates,1.4325321363781938,0.7902412865974758,1.0
LoRARetriever,openbookqa_10templates,1.4800012245318126,0.7423013333699916,1.0
LoRARetriever,openbookqa_10templates,1.5547948649301717,0.7194739883022745,1.0
LoRARetriever,openbookqa_10templates,1.6434070248850106,0.8422431104676529,1.0
LoRARetriever,openbookqa_10templates,1.6981642901869458,0.763152895004512,1.0
LoRARetriever,openbookqa_10templates,1.7637223268413278,0.6553766793710997,1.0
LoRARetriever,openbookqa_10templates,1.7769183579287582,0.8512009309190826,1.0
LoRARetriever,openbookqa_10templates,1.8490309193639753,0.9237639854132835,1.0
LoRARetriever,openbookqa_10templates,1.8984068079935739,0.7023017308311081,1.0
LoRARetriever,openbookqa_10templates,1.957287014978595,0.7896567419011865,1.0
LoRARetriever,openbookqa_10templates,2.0494347255458583,0.9654355013796048,1.0
LoRARetriever,openbookqa_10templates,2.1432714775479216,0.9562462075557553,1.0
LoRARetriever,openbookqa_10templates,2.27553675422954,0.5395990746148626,1.0
LoRARetriever,openbookqa_10templates,2.3869247449131135,0.7534537398137706,1.0
LoRARetriever,openbookqa_10templates,2.447476838617568,0.8497136265357232,1.0
LoRARetriever,openbookqa_10templates,2.5105650578397,0.8916968248002911,1.0
LoRARetriever,openbookqa_10templates,2.6666447440836247,1.0041918027254833,1.0
LoRARetriever,openbookqa_10templates,2.773860332374037,0.8960737504835572,1.0
LoRARetriever,openbookqa_10templates,2.928563396094869,0.8610738355829177,1.0
LoRARetriever,openbookqa_10templates,3.0626496873664526,0.7442728128289178,1.0
LoRARetriever,openbookqa_10templates,3.0835444564853405,0.9258030807110839,1.0
LoRARetriever,para_crawl_enes_10templates,1.4472214756029775,1.2012712917362882,1.0
LoRARetriever,para_crawl_enes_10templates,1.7478860832794396,1.7242863561620239,1.0
LoRARetriever,para_crawl_enes_10templates,1.7734262742512277,2.2311014902115267,1.0
LoRARetriever,para_crawl_enes_10templates,1.2830177485349454,1.9803987057706516,1.0
LoRARetriever,para_crawl_enes_10templates,1.1154593868324645,2.0627405049058667,1.0
LoRARetriever,para_crawl_enes_10templates,1.0760081372336807,2.235799410227448,1.0
LoRARetriever,para_crawl_enes_10templates,1.0538256378063675,2.16524473333149,1.0
LoRARetriever,para_crawl_enes_10templates,1.011651502349119,1.5218571849673368,1.0
LoRARetriever,para_crawl_enes_10templates,1.0342060461115437,1.3870617023289153,1.0
LoRARetriever,para_crawl_enes_10templates,1.050301352090989,1.3835464669373758,1.0
LoRARetriever,para_crawl_enes_10templates,1.0657876620952145,1.0354323468175035,1.0
LoRARetriever,para_crawl_enes_10templates,1.0854276773732512,0.6809756077959187,1.0
LoRARetriever,para_crawl_enes_10templates,1.1008073280578143,0.5074446878527936,1.0
LoRARetriever,para_crawl_enes_10templates,1.1266236547394777,0.5686577860226938,1.0
LoRARetriever,para_crawl_enes_10templates,1.1510776166295749,0.46977540713878807,1.0
LoRARetriever,para_crawl_enes_10templates,1.1836200413765297,0.5154470228534782,1.0
LoRARetriever,para_crawl_enes_10templates,1.2141784605272925,0.547149060702425,1.0
LoRARetriever,para_crawl_enes_10templates,1.2565896430820311,0.43994543057706553,1.0
LoRARetriever,para_crawl_enes_10templates,1.2944334617373814,0.45148652511267645,1.0
LoRARetriever,para_crawl_enes_10templates,1.3246858924004463,0.5317417340488074,1.0
LoRARetriever,para_crawl_enes_10templates,1.3654725667793908,0.5522399793976224,1.0
LoRARetriever,para_crawl_enes_10templates,1.4062296413806206,0.4814155217656419,1.0
LoRARetriever,para_crawl_enes_10templates,1.4432181822404522,0.488550852442575,1.0
LoRARetriever,para_crawl_enes_10templates,1.4987778301183465,0.5199103023462512,1.0
LoRARetriever,para_crawl_enes_10templates,1.5530502442615612,0.49101255233049684,1.0
LoRARetriever,para_crawl_enes_10templates,1.6238199869745857,0.6146814994766665,1.0
LoRARetriever,para_crawl_enes_10templates,1.6891514472368836,0.7535088375219657,1.0
LoRARetriever,para_crawl_enes_10templates,1.7622087184014348,0.573435658438073,1.0
LoRARetriever,para_crawl_enes_10templates,1.8406677252786892,0.6334711728384834,1.0
LoRARetriever,para_crawl_enes_10templates,1.9141747733468628,0.6788811335814574,1.0
LoRARetriever,para_crawl_enes_10templates,1.993397337303065,0.7533165376788712,1.0
LoRARetriever,para_crawl_enes_10templates,2.0785628817187334,0.6690540934031999,1.0
LoRARetriever,para_crawl_enes_10templates,2.1838524066428917,0.7881950928102905,1.0
LoRARetriever,para_crawl_enes_10templates,2.2847881738504356,0.6910230896379923,1.0
LoRARetriever,para_crawl_enes_10templates,2.347276046366303,0.7980979489255915,1.0
LoRARetriever,para_crawl_enes_10templates,2.4730787511736834,0.7559290231806172,1.0
LoRARetriever,para_crawl_enes_10templates,2.6017709952027577,0.7045068773112807,1.0
LoRARetriever,para_crawl_enes_10templates,2.6610419786904416,0.8885990778427594,1.0
LoRARetriever,para_crawl_enes_10templates,2.815715250163223,0.7701284220837139,1.0
LoRARetriever,para_crawl_enes_10templates,2.977547884337281,0.8127625248285566,1.0
LoRARetriever,paws_wiki_10templates,1.376448644721771,1.3562482046600974,1.0
LoRARetriever,paws_wiki_10templates,1.464025016697096,1.0457378947282734,1.0
LoRARetriever,paws_wiki_10templates,1.7494975063490563,1.25168052005416,1.0
LoRARetriever,paws_wiki_10templates,1.8126084349614655,1.310626074080274,1.0
LoRARetriever,paws_wiki_10templates,1.7060509672221449,1.5408067701830666,1.0
LoRARetriever,paws_wiki_10templates,1.4466048158438076,2.129325742379825,1.0
LoRARetriever,paws_wiki_10templates,1.1518544028197009,1.7811082333652548,1.0
LoRARetriever,paws_wiki_10templates,1.0914784000758908,1.3349861843948096,1.0
LoRARetriever,paws_wiki_10templates,1.0914350806328943,1.2667060849754048,1.0
LoRARetriever,paws_wiki_10templates,1.092354350873791,1.0932508356690376,1.0
LoRARetriever,paws_wiki_10templates,1.1464629294790711,0.8292703064333463,1.0
LoRARetriever,paws_wiki_10templates,1.1903657759795572,0.6851413806599286,1.0
LoRARetriever,paws_wiki_10templates,1.242201134104193,0.4328031737513981,1.0
LoRARetriever,paws_wiki_10templates,1.3242470832836333,0.5510328260257144,1.0
LoRARetriever,paws_wiki_10templates,1.367239818683816,0.6273627960852601,1.0
LoRARetriever,paws_wiki_10templates,1.3930033276735332,0.5725674424074967,1.0
LoRARetriever,paws_wiki_10templates,1.469751620759102,0.3757643085808222,1.0
LoRARetriever,paws_wiki_10templates,1.5285176352450935,0.5497546845983461,1.0
LoRARetriever,paws_wiki_10templates,1.5986534953222333,0.44669743124237615,1.0
LoRARetriever,paws_wiki_10templates,1.6373975588647571,0.46287718180345966,1.0
LoRARetriever,paws_wiki_10templates,1.7392827568119413,0.4387514704637697,1.0
LoRARetriever,paws_wiki_10templates,1.7836086851608322,0.6591176732164835,1.0
LoRARetriever,paws_wiki_10templates,1.834853788246136,0.5248746860014537,1.0
LoRARetriever,paws_wiki_10templates,1.9238585794629426,0.28473318348323473,1.0
LoRARetriever,paws_wiki_10templates,1.9931681473288485,0.2479261621005127,1.0
LoRARetriever,paws_wiki_10templates,2.1496825053370503,0.2336325457590131,1.0
LoRARetriever,paws_wiki_10templates,2.170997264047933,0.22255236907902237,1.0
LoRARetriever,paws_wiki_10templates,2.323917919038418,0.2662511210283531,1.0
LoRARetriever,paws_wiki_10templates,2.2753246997399477,0.1454441057891153,1.0
LoRARetriever,paws_wiki_10templates,2.388060983265685,0.13854014884834037,1.0
LoRARetriever,paws_wiki_10templates,2.464098596375584,0.25207381653474187,1.0
LoRARetriever,paws_wiki_10templates,2.551113245699887,0.24680407691432693,1.0
LoRARetriever,paws_wiki_10templates,2.7646089464807586,0.2550748401176675,1.0
LoRARetriever,paws_wiki_10templates,2.5202040545966033,0.4134203532753086,1.0
LoRARetriever,paws_wiki_10templates,2.6333459514909316,0.48304656466122464,1.0
LoRARetriever,paws_wiki_10templates,2.6562994876525226,0.5109951486541632,1.0
LoRARetriever,paws_wiki_10templates,2.787081832796328,0.4311493158788279,1.0
LoRARetriever,paws_wiki_10templates,2.969298723163235,0.2486409793566997,1.0
LoRARetriever,paws_wiki_10templates,3.2023756248141453,0.23326534904796895,1.0
LoRARetriever,paws_wiki_10templates,3.3971554562459616,0.36568162449358715,1.0
LoRARetriever,piqa_10templates,1.4693599995517617,1.49996874134624,1.0
LoRARetriever,piqa_10templates,2.0498717843640684,3.4949661774805856,1.0
LoRARetriever,piqa_10templates,1.94881934414673,5.177630571827051,1.0
LoRARetriever,piqa_10templates,1.786284907920274,8.092725435134179,1.0
LoRARetriever,piqa_10templates,1.4545470975778663,6.269786199954175,1.0
LoRARetriever,piqa_10templates,1.2022932792594647,2.6886572513209743,1.0
LoRARetriever,piqa_10templates,1.087209925358411,1.7327283936224673,1.0
LoRARetriever,piqa_10templates,1.0344319390893426,1.15751364514438,1.0
LoRARetriever,piqa_10templates,1.0477270987531906,1.1757750939248408,1.0
LoRARetriever,piqa_10templates,1.0729735278004489,0.8534038132909606,1.0
LoRARetriever,piqa_10templates,1.1196371480663994,0.574401184396366,1.0
LoRARetriever,piqa_10templates,1.15121999360229,0.5480643420379755,1.0
LoRARetriever,piqa_10templates,1.1898300535898678,0.5777504789370421,1.0
LoRARetriever,piqa_10templates,1.2282499506143638,0.522012959341017,1.0
LoRARetriever,piqa_10templates,1.2540007533956299,0.5392784381342054,1.0
LoRARetriever,piqa_10templates,1.2776927348341953,0.36873245471401994,1.0
LoRARetriever,piqa_10templates,1.3221869082335131,0.4046662645991354,1.0
LoRARetriever,piqa_10templates,1.3642993081166568,0.264901230322032,1.0
LoRARetriever,piqa_10templates,1.3987908710770225,0.2595076806125218,1.0
LoRARetriever,piqa_10templates,1.4525045419338312,0.23599003404899935,1.0
LoRARetriever,piqa_10templates,1.4946789772656464,0.27988348342404223,1.0
LoRARetriever,piqa_10templates,1.529163610960192,0.3489784890034685,1.0
LoRARetriever,piqa_10templates,1.5664755204973027,0.27097263892005075,1.0
LoRARetriever,piqa_10templates,1.6261725782383276,0.2974479834514171,1.0
LoRARetriever,piqa_10templates,1.6575841493945382,0.2868089257523379,1.0
LoRARetriever,piqa_10templates,1.714205238290521,0.37495775277954074,1.0
LoRARetriever,piqa_10templates,1.7779210163603858,0.33846093935202615,1.0
LoRARetriever,piqa_10templates,1.863797288861705,0.29804893978009334,1.0
LoRARetriever,piqa_10templates,1.9339381136717222,0.4830231968853494,1.0
LoRARetriever,piqa_10templates,2.0179830843582334,0.49854907308477897,1.0
LoRARetriever,piqa_10templates,2.0901161472464436,0.40560018888957905,1.0
LoRARetriever,piqa_10templates,2.1718877450013725,0.551020573278503,1.0
LoRARetriever,piqa_10templates,2.2640350199780674,0.5346829996116738,1.0
LoRARetriever,piqa_10templates,2.390878200376017,0.38554079078611403,1.0
LoRARetriever,piqa_10templates,2.4553613495388156,0.5374677844336264,1.0
LoRARetriever,piqa_10templates,2.523261724809317,0.6951273247272125,1.0
LoRARetriever,piqa_10templates,2.6610921041737106,0.7045322940965956,1.0
LoRARetriever,piqa_10templates,2.842138478785032,0.5678382608339907,1.0
LoRARetriever,piqa_10templates,2.971305886849302,0.5449260651705635,1.0
LoRARetriever,piqa_10templates,3.1314250882518206,0.6226839081463491,1.0
LoRARetriever,record_10templates,2.068683876162173,1.6811072628444577,1.0
LoRARetriever,record_10templates,3.147948955338978,2.673399528774884,1.0
LoRARetriever,record_10templates,3.277305098513848,3.4126509056369305,1.0
LoRARetriever,record_10templates,3.045202780007805,4.298766937072493,1.0
LoRARetriever,record_10templates,3.1039998327754503,5.998849158836957,1.0
LoRARetriever,record_10templates,1.53718902113202,5.141932636145619,1.0
LoRARetriever,record_10templates,1.153276274114972,2.9647786962395335,1.0
LoRARetriever,record_10templates,1.048983545854595,0.9729605415755327,1.0
LoRARetriever,record_10templates,1.0579406186421398,0.874111603806033,1.0
LoRARetriever,record_10templates,1.0736137294299912,0.6986405586716762,1.0
LoRARetriever,record_10templates,1.1083781212694948,0.5339490935708705,1.0
LoRARetriever,record_10templates,1.1370870287816204,0.49704206004835616,1.0
LoRARetriever,record_10templates,1.190475954411416,0.49545832842947696,1.0
LoRARetriever,record_10templates,1.2137089304985624,0.4110905342266601,1.0
LoRARetriever,record_10templates,1.2533122648932231,0.6747297120804713,1.0
LoRARetriever,record_10templates,1.2601792504756348,0.6293280926500552,1.0
LoRARetriever,record_10templates,1.3017963998026048,0.6701364528481344,1.0
LoRARetriever,record_10templates,1.3464546953305034,0.4826918090936715,1.0
LoRARetriever,record_10templates,1.4022808165108644,0.5734907127785382,1.0
LoRARetriever,record_10templates,1.4727088465859686,0.45661805137172723,1.0
LoRARetriever,record_10templates,1.5127334762603977,0.6300577286259975,1.0
LoRARetriever,record_10templates,1.5946070374538412,0.5846773962377148,1.0
LoRARetriever,record_10templates,1.641261367464762,0.5864914953236599,1.0
LoRARetriever,record_10templates,1.7334746499582043,0.6129010027002779,1.0
LoRARetriever,record_10templates,1.8236663241843671,1.0462886411064787,1.0
LoRARetriever,record_10templates,1.884007681406568,0.7509063093968755,1.0
LoRARetriever,record_10templates,1.900456132541786,0.6183208695484036,1.0
LoRARetriever,record_10templates,2.032372918733458,0.5525118608815955,1.0
LoRARetriever,record_10templates,2.11904912568369,0.5042561211413756,1.0
LoRARetriever,record_10templates,2.21609883659152,0.5702037883363937,1.0
LoRARetriever,record_10templates,2.3124791961652207,0.8358680521577089,1.0
LoRARetriever,record_10templates,2.41563133035612,0.7216434223933839,1.0
LoRARetriever,record_10templates,2.5413672986311333,0.7618624223833641,1.0
LoRARetriever,record_10templates,2.6594979454894245,0.9027113406445254,1.0
LoRARetriever,record_10templates,2.783695000935999,0.6187882478977202,1.0
LoRARetriever,record_10templates,2.8525963716118024,0.49403758650515983,1.0
LoRARetriever,record_10templates,2.9525118426011696,0.5693835671662922,1.0
LoRARetriever,record_10templates,3.138580029181045,0.768272108663978,1.0
LoRARetriever,record_10templates,3.2103621754422536,0.9006622989574875,1.0
LoRARetriever,record_10templates,3.411595112676025,0.6083771198290358,1.0
LoRARetriever,sentiment140_10templates,2.623535556894993,1.2372719476600949,1.0
LoRARetriever,sentiment140_10templates,3.7524985991908864,1.5350672464293134,1.0
LoRARetriever,sentiment140_10templates,4.279560728670187,2.1490336933823384,1.0
LoRARetriever,sentiment140_10templates,3.0114614943532545,2.5203905602796177,1.0
LoRARetriever,sentiment140_10templates,1.33212001088708,1.2426076413653062,1.0
LoRARetriever,sentiment140_10templates,1.0675932739080662,0.8697242241725147,1.0
LoRARetriever,sentiment140_10templates,1.0674321087679752,1.168582507313406,1.0
LoRARetriever,sentiment140_10templates,1.0296107288578935,0.9095724931731495,1.0
LoRARetriever,sentiment140_10templates,1.0398373552763502,0.7503819638400193,1.0
LoRARetriever,sentiment140_10templates,1.0629924648835394,0.6719263687502174,1.0
LoRARetriever,sentiment140_10templates,1.0926673054307092,1.0652899774153441,1.0
LoRARetriever,sentiment140_10templates,1.1224669538265608,0.7681157959219701,1.0
LoRARetriever,sentiment140_10templates,1.1250234792997533,0.736937586630577,1.0
LoRARetriever,sentiment140_10templates,1.183467705903522,0.6275319413434779,1.0
LoRARetriever,sentiment140_10templates,1.2278042684847499,0.6527913831703753,1.0
LoRARetriever,sentiment140_10templates,1.2745043116498715,0.36280024119040344,1.0
LoRARetriever,sentiment140_10templates,1.3488893021856068,0.4175142145067291,1.0
LoRARetriever,sentiment140_10templates,1.4148705578360123,0.3329190934831339,1.0
LoRARetriever,sentiment140_10templates,1.4740804415568853,0.2798641059699333,1.0
LoRARetriever,sentiment140_10templates,1.533803255507664,0.26419378915555763,1.0
LoRARetriever,sentiment140_10templates,1.5996283450906654,0.23421399741996507,1.0
LoRARetriever,sentiment140_10templates,1.6378200819483706,0.2986091004021502,1.0
LoRARetriever,sentiment140_10templates,1.69436141127962,0.3926927778297554,1.0
LoRARetriever,sentiment140_10templates,1.7801104272919397,0.3364142292619719,1.0
LoRARetriever,sentiment140_10templates,1.8481372299796708,0.4177328758980217,1.0
LoRARetriever,sentiment140_10templates,1.929539073914722,0.42732187755018913,1.0
LoRARetriever,sentiment140_10templates,1.9744453910667106,0.41566758566150824,1.0
LoRARetriever,sentiment140_10templates,2.071108848596433,0.33049221486696784,1.0
LoRARetriever,sentiment140_10templates,2.115087636578895,0.4196236352307635,1.0
LoRARetriever,sentiment140_10templates,2.2376329504737735,0.4207922143548839,1.0
LoRARetriever,sentiment140_10templates,2.3415251386359905,0.37661454535089217,1.0
LoRARetriever,sentiment140_10templates,2.4112758159484247,0.33227901900189616,1.0
LoRARetriever,sentiment140_10templates,2.5078461932037635,0.3915855274781697,1.0
LoRARetriever,sentiment140_10templates,2.6369574165323195,0.24515381590595267,1.0
LoRARetriever,sentiment140_10templates,2.6164173233442063,0.3178393111103456,1.0
LoRARetriever,sentiment140_10templates,2.8322579538359824,0.4495339121853757,1.0
LoRARetriever,sentiment140_10templates,2.8507438593231966,0.2865466912993912,1.0
LoRARetriever,sentiment140_10templates,2.9986168066391823,0.4495907513540221,1.0
LoRARetriever,sentiment140_10templates,3.1209822840842065,0.3640001643738315,1.0
LoRARetriever,sentiment140_10templates,3.276429364444122,0.5375321815057305,1.0
LoRARetriever,snli_10templates,1.2850229776203912,1.3683563145086024,1.0
LoRARetriever,snli_10templates,1.7685867793692036,2.349394943397947,1.0
LoRARetriever,snli_10templates,1.6620992683310445,2.140680835202155,1.0
LoRARetriever,snli_10templates,1.637760384645723,2.6946921874160483,1.0
LoRARetriever,snli_10templates,1.5164158478118914,2.424256973745155,1.0
LoRARetriever,snli_10templates,1.2790023522915939,1.7311241258305121,1.0
LoRARetriever,snli_10templates,1.2198290897445054,1.2380883986600617,1.0
LoRARetriever,snli_10templates,1.0494183046133447,1.0814219673530965,1.0
LoRARetriever,snli_10templates,1.091996411063158,1.2461501375989879,1.0
LoRARetriever,snli_10templates,1.1410047341195995,1.5914250268587653,1.0
LoRARetriever,snli_10templates,1.1745900590798442,1.5921810915042123,1.0
LoRARetriever,snli_10templates,1.213067885562335,1.3432984498310674,1.0
LoRARetriever,snli_10templates,1.2655201724916154,0.9970602024425298,1.0
LoRARetriever,snli_10templates,1.3169422256270162,0.9494313288357097,1.0
LoRARetriever,snli_10templates,1.3725760820959487,0.8883506695253515,1.0
LoRARetriever,snli_10templates,1.4076871373627051,0.5950504169795776,1.0
LoRARetriever,snli_10templates,1.4373429566754472,0.769807224258347,1.0
LoRARetriever,snli_10templates,1.5167410883389698,0.8319092792722126,1.0
LoRARetriever,snli_10templates,1.5714896700575132,0.6434213584182583,1.0
LoRARetriever,snli_10templates,1.667252801877824,0.6535904324101565,1.0
LoRARetriever,snli_10templates,1.7530067415104849,0.5584098751819568,1.0
LoRARetriever,snli_10templates,1.8496601427066826,0.6486715985564835,1.0
LoRARetriever,snli_10templates,1.9209664963899753,0.4360703119346682,1.0
LoRARetriever,snli_10templates,1.9742188311968638,0.6595495634410281,1.0
LoRARetriever,snli_10templates,2.1055101761177024,0.33794097295179765,1.0
LoRARetriever,snli_10templates,2.186391477030761,0.4126743834244154,1.0
LoRARetriever,snli_10templates,2.304337568154986,0.2933195158432296,1.0
LoRARetriever,snli_10templates,2.4794065080083185,0.43936905773003626,1.0
LoRARetriever,snli_10templates,2.6741600006312187,0.6422499452954745,1.0
LoRARetriever,snli_10templates,2.7289109638625804,0.38295618978327856,1.0
LoRARetriever,snli_10templates,2.786371800503646,0.7061475072696158,1.0
LoRARetriever,snli_10templates,3.0888753428403484,0.6515199669801501,1.0
LoRARetriever,snli_10templates,3.2102874004376356,1.045250920705918,1.0
LoRARetriever,snli_10templates,3.3857728002005283,0.4137477736469787,1.0
LoRARetriever,snli_10templates,3.606180297451958,0.7250772214013407,1.0
LoRARetriever,snli_10templates,4.0109239967936565,0.7843236472584629,1.0
LoRARetriever,snli_10templates,4.319682908422135,0.5558021438085659,1.0
LoRARetriever,snli_10templates,4.688683450864751,0.8475241331258866,1.0
LoRARetriever,snli_10templates,4.8611780171232555,0.39524048778576115,1.0
LoRARetriever,snli_10templates,5.278173174818814,0.7109557506839747,1.0
LoRARetriever,squad_v1_10templates,1.5361995474340893,1.7101985735439607,1.0
LoRARetriever,squad_v1_10templates,1.6744867263977716,1.5991144688681538,1.0
LoRARetriever,squad_v1_10templates,1.8454599158636649,2.3955288932774184,1.0
LoRARetriever,squad_v1_10templates,1.694592175706857,2.497172265665598,1.0
LoRARetriever,squad_v1_10templates,1.4382043391735504,2.832263547829767,1.0
LoRARetriever,squad_v1_10templates,1.1559399272688098,1.8071182625663962,1.0
LoRARetriever,squad_v1_10templates,1.170854528028532,1.8311321827237415,1.0
LoRARetriever,squad_v1_10templates,1.0336570236469822,1.0467308874124621,1.0
LoRARetriever,squad_v1_10templates,1.0450169091155241,0.927814125411988,1.0
LoRARetriever,squad_v1_10templates,1.0718073877135699,0.9080760884479104,1.0
LoRARetriever,squad_v1_10templates,1.1065502585869111,0.7821690308126743,1.0
LoRARetriever,squad_v1_10templates,1.1343108377255406,0.7717655419758018,1.0
LoRARetriever,squad_v1_10templates,1.151650975986617,0.7288586962503,1.0
LoRARetriever,squad_v1_10templates,1.1631653484201179,0.5700873179911048,1.0
LoRARetriever,squad_v1_10templates,1.1912387401143942,0.36288108083682175,1.0
LoRARetriever,squad_v1_10templates,1.2287642492209934,0.40822600700461004,1.0
LoRARetriever,squad_v1_10templates,1.2769162203487336,0.4373928331973657,1.0
LoRARetriever,squad_v1_10templates,1.3216472900335026,0.5323295225576139,1.0
LoRARetriever,squad_v1_10templates,1.3521874608139526,0.4796371823373063,1.0
LoRARetriever,squad_v1_10templates,1.3898681065607676,0.43896643509353456,1.0
LoRARetriever,squad_v1_10templates,1.4406686757946414,0.3550929500168344,1.0
LoRARetriever,squad_v1_10templates,1.5028796512635443,0.5466921378088877,1.0
LoRARetriever,squad_v1_10templates,1.5366055249035815,0.6061138169522584,1.0
LoRARetriever,squad_v1_10templates,1.59249409510339,0.3333611243870769,1.0
LoRARetriever,squad_v1_10templates,1.6567267471218836,0.29269852536400004,1.0
LoRARetriever,squad_v1_10templates,1.724352830953964,0.39713065251202917,1.0
LoRARetriever,squad_v1_10templates,1.8062810293614335,0.4176237738064119,1.0
LoRARetriever,squad_v1_10templates,1.915396643920982,0.38580117118200186,1.0
LoRARetriever,squad_v1_10templates,2.052899147328148,0.4020894907009469,1.0
LoRARetriever,squad_v1_10templates,2.1059715470269205,0.46205720833191793,1.0
LoRARetriever,squad_v1_10templates,2.2272980260395507,0.7783931635661778,1.0
LoRARetriever,squad_v1_10templates,2.3180455975455025,0.6473271923354477,1.0
LoRARetriever,squad_v1_10templates,2.4882597082883415,0.4643597019840136,1.0
LoRARetriever,squad_v1_10templates,2.5943482883860516,0.6827499271037011,1.0
LoRARetriever,squad_v1_10templates,2.734991499587764,0.6137381854031329,1.0
LoRARetriever,squad_v1_10templates,2.878248363156854,0.733210829827441,1.0
LoRARetriever,squad_v1_10templates,3.0564099467517196,0.7161951269182267,1.0
LoRARetriever,squad_v1_10templates,3.2458132787710365,1.0868649907356902,1.0
LoRARetriever,squad_v1_10templates,3.491768788891322,0.7480996534868718,1.0
LoRARetriever,squad_v1_10templates,3.6649616395863838,0.9225630467794417,1.0
LoRARetriever,squad_v2_10templates,1.5012474692650055,1.4218410949258882,1.0
LoRARetriever,squad_v2_10templates,2.2854972129822446,2.043447508162526,1.0
LoRARetriever,squad_v2_10templates,2.2594669460891814,2.203057175523872,1.0
LoRARetriever,squad_v2_10templates,2.3992575160735794,2.8588601198355836,1.0
LoRARetriever,squad_v2_10templates,2.2527412678029863,2.7418572578964144,1.0
LoRARetriever,squad_v2_10templates,1.3702483124529565,2.219727796678635,1.0
LoRARetriever,squad_v2_10templates,1.2466359864330103,1.9392643245929122,1.0
LoRARetriever,squad_v2_10templates,1.1300040287992914,1.3491347595886358,1.0
LoRARetriever,squad_v2_10templates,1.059303962084729,1.1346062124759986,1.0
LoRARetriever,squad_v2_10templates,1.082494699121395,1.3357627239065346,1.0
LoRARetriever,squad_v2_10templates,1.0739814137267596,0.9887675631018404,1.0
LoRARetriever,squad_v2_10templates,1.0981604396610836,0.7662683011049682,1.0
LoRARetriever,squad_v2_10templates,1.1556592631010374,0.7117110294051041,1.0
LoRARetriever,squad_v2_10templates,1.1991954426062001,0.5454814914214935,1.0
LoRARetriever,squad_v2_10templates,1.221829994483565,0.3252635939552547,1.0
LoRARetriever,squad_v2_10templates,1.2799519077743506,0.23245608399222964,1.0
LoRARetriever,squad_v2_10templates,1.3314568149438426,0.17907555062541544,1.0
LoRARetriever,squad_v2_10templates,1.3615379029722958,0.17590573174242,1.0
LoRARetriever,squad_v2_10templates,1.382087274068257,0.14603545035498244,1.0
LoRARetriever,squad_v2_10templates,1.4741196643203422,0.1351074971699895,1.0
LoRARetriever,squad_v2_10templates,1.5455326911324414,0.14010668776907614,1.0
LoRARetriever,squad_v2_10templates,1.6278459231213256,0.14462243458635013,1.0
LoRARetriever,squad_v2_10templates,1.6895832589371853,0.15509281133487604,1.0
LoRARetriever,squad_v2_10templates,1.7874314609090651,0.1022688198283225,1.0
LoRARetriever,squad_v2_10templates,1.8536548740435392,0.19512585674917352,1.0
LoRARetriever,squad_v2_10templates,1.9763452376658348,0.16539978223194532,1.0
LoRARetriever,squad_v2_10templates,2.0611580943731447,0.207972887170632,1.0
LoRARetriever,squad_v2_10templates,2.1095869228848363,0.1521492292197544,1.0
LoRARetriever,squad_v2_10templates,2.19746247011446,0.19555583099870072,1.0
LoRARetriever,squad_v2_10templates,2.325506908796184,0.21343575989123986,1.0
LoRARetriever,squad_v2_10templates,2.4824384957035215,0.2761372461117287,1.0
LoRARetriever,squad_v2_10templates,2.5179558533406636,0.2613611392893417,1.0
LoRARetriever,squad_v2_10templates,2.5991975372851983,0.24603410220466138,1.0
LoRARetriever,squad_v2_10templates,2.76532406978978,0.29482147295454114,1.0
LoRARetriever,squad_v2_10templates,2.983140115468812,0.33662063549948174,1.0
LoRARetriever,squad_v2_10templates,3.1397110148400467,0.29362688244125656,1.0
LoRARetriever,squad_v2_10templates,3.2271720993654225,0.34468150817019944,1.0
LoRARetriever,squad_v2_10templates,3.4367530495154193,0.3004061681937302,1.0
LoRARetriever,squad_v2_10templates,3.620180509503287,0.3519438813790889,1.0
LoRARetriever,squad_v2_10templates,3.817443914717934,0.3730158134488952,1.0
LoRARetriever,sst2_10templates,2.591537447993592,1.0151682101260828,1.0
LoRARetriever,sst2_10templates,2.98546969745299,1.0114628945604796,1.0
LoRARetriever,sst2_10templates,3.1293399401567656,1.354729982891495,1.0
LoRARetriever,sst2_10templates,3.61920460689618,2.2633483584592606,1.0
LoRARetriever,sst2_10templates,2.8546582525242905,4.619243099273582,1.0
LoRARetriever,sst2_10templates,3.0031354924671145,5.5241845763562045,1.0
LoRARetriever,sst2_10templates,1.1083876942575666,0.8534261186799829,1.0
LoRARetriever,sst2_10templates,1.0994182714505085,1.1026454880564205,1.0
LoRARetriever,sst2_10templates,1.196034446696566,1.335316372329187,1.0
LoRARetriever,sst2_10templates,1.2542653650485611,1.1471860878040523,1.0
LoRARetriever,sst2_10templates,1.2499008038999346,0.9361875182261418,1.0
LoRARetriever,sst2_10templates,1.285726134098512,0.3877760317029932,1.0
LoRARetriever,sst2_10templates,1.3230869479617697,0.2976601981259079,1.0
LoRARetriever,sst2_10templates,1.3540505650856887,0.30586677221935865,1.0
LoRARetriever,sst2_10templates,1.433968393784846,0.21220750572250863,1.0
LoRARetriever,sst2_10templates,1.505781694331748,0.1715526364595818,1.0
LoRARetriever,sst2_10templates,1.6204354638195215,0.21037587163007873,1.0
LoRARetriever,sst2_10templates,1.6683404012100433,0.3041024575018112,1.0
LoRARetriever,sst2_10templates,1.789690309064564,0.30105483687626966,1.0
LoRARetriever,sst2_10templates,1.8786273343130344,0.08347834626524997,1.0
LoRARetriever,sst2_10templates,1.9986000299166313,0.26263737022169603,1.0
LoRARetriever,sst2_10templates,2.120624574033378,0.15413155064400816,1.0
LoRARetriever,sst2_10templates,2.251314655946866,0.10847250357654509,1.0
LoRARetriever,sst2_10templates,2.268912689706313,0.16815503111332078,1.0
LoRARetriever,sst2_10templates,2.4632764984171254,0.1232007738361191,1.0
LoRARetriever,sst2_10templates,2.548866050705058,0.24296709648219303,1.0
LoRARetriever,sst2_10templates,2.66823786796071,0.28540530930031327,1.0
LoRARetriever,sst2_10templates,2.7505265958178517,0.25161356495998416,1.0
LoRARetriever,sst2_10templates,2.8343026796482134,0.15252234454528527,1.0
LoRARetriever,sst2_10templates,2.9817954163331035,0.2935657969808838,1.0
LoRARetriever,sst2_10templates,3.1262450445420193,0.6006180360976718,1.0
LoRARetriever,sst2_10templates,3.2407061269305864,0.27866144117587777,1.0
LoRARetriever,sst2_10templates,3.4984887842653176,0.44432931712888324,1.0
LoRARetriever,sst2_10templates,3.601614840587641,0.3272697876871635,1.0
LoRARetriever,sst2_10templates,3.6898077969419183,0.27632412195606165,1.0
LoRARetriever,sst2_10templates,3.835898770475222,0.3105443038679529,1.0
LoRARetriever,sst2_10templates,4.044175248003596,0.28478418708658565,1.0
LoRARetriever,sst2_10templates,4.24903592026543,0.5237759776628018,1.0
LoRARetriever,sst2_10templates,4.432812167160286,0.5180587146465014,1.0
LoRARetriever,sst2_10templates,4.458858733771055,0.5702495410232685,1.0
LoRARetriever,story_cloze_10templates,1.0747611340657834,1.410940453176187,1.0
LoRARetriever,story_cloze_10templates,1.0666287255490638,1.4722993419452262,1.0
LoRARetriever,story_cloze_10templates,1.0744442256011004,1.5783473400247494,1.0
LoRARetriever,story_cloze_10templates,1.047402477934084,1.28579809944966,1.0
LoRARetriever,story_cloze_10templates,1.0644870811718417,1.1916712617826863,1.0
LoRARetriever,story_cloze_10templates,1.0742534699668473,0.9630193484303053,1.0
LoRARetriever,story_cloze_10templates,1.0688078153005953,0.5402353572093883,1.0
LoRARetriever,story_cloze_10templates,1.083034726080237,0.4455180091196302,1.0
LoRARetriever,story_cloze_10templates,1.088216915138515,0.24087682015433748,1.0
LoRARetriever,story_cloze_10templates,1.1175173815360935,0.1981856013163217,1.0
LoRARetriever,story_cloze_10templates,1.136712924399274,0.17184920437763013,1.0
LoRARetriever,story_cloze_10templates,1.1765978425056232,0.13937407861003812,1.0
LoRARetriever,story_cloze_10templates,1.2093772363784965,0.1318437075167658,1.0
LoRARetriever,story_cloze_10templates,1.244785170868732,0.10634316620769511,1.0
LoRARetriever,story_cloze_10templates,1.2852785549047518,0.12035322859265096,1.0
LoRARetriever,story_cloze_10templates,1.3297772035429953,0.11911088936630294,1.0
LoRARetriever,story_cloze_10templates,1.3700342212015972,0.12354284197529947,1.0
LoRARetriever,story_cloze_10templates,1.4110313774993626,0.11409057527145525,1.0
LoRARetriever,story_cloze_10templates,1.4604672289310434,0.1327366095266737,1.0
LoRARetriever,story_cloze_10templates,1.5134271947282383,0.12763359322708667,1.0
LoRARetriever,story_cloze_10templates,1.5472905154465793,0.1401543230473035,1.0
LoRARetriever,story_cloze_10templates,1.58553718920548,0.13795481796654918,1.0
LoRARetriever,story_cloze_10templates,1.644880980738188,0.18638747713954815,1.0
LoRARetriever,story_cloze_10templates,1.7032845292277068,0.16155708159397072,1.0
LoRARetriever,story_cloze_10templates,1.7643462268579833,0.17335280838942585,1.0
LoRARetriever,story_cloze_10templates,1.8241832251846066,0.19468092217833882,1.0
LoRARetriever,story_cloze_10templates,1.8805640740843583,0.19296228812028277,1.0
LoRARetriever,story_cloze_10templates,1.9502261543814752,0.19671272634918133,1.0
LoRARetriever,story_cloze_10templates,2.0117561773626544,0.2711146725093384,1.0
LoRARetriever,story_cloze_10templates,2.0806739947098754,0.17199381638978653,1.0
LoRARetriever,story_cloze_10templates,2.1122889588460065,0.15887884975408806,1.0
LoRARetriever,story_cloze_10templates,2.1802373600693685,0.18674632637283767,1.0
LoRARetriever,story_cloze_10templates,2.294473425015714,0.19632250152081362,1.0
LoRARetriever,story_cloze_10templates,2.4017363668305713,0.24751529526581376,1.0
LoRARetriever,story_cloze_10templates,2.4454216401997932,0.19925337590333211,1.0
LoRARetriever,story_cloze_10templates,2.5313204998368137,0.2419504069400235,1.0
LoRARetriever,story_cloze_10templates,2.630872205334347,0.26230237681639224,1.0
LoRARetriever,story_cloze_10templates,2.727022979397018,0.2453603186866787,1.0
LoRARetriever,story_cloze_10templates,2.792720065622296,0.3540760364401221,1.0
LoRARetriever,story_cloze_10templates,3.006015075877812,0.29865268858001115,1.0
LoRARetriever,story_cloze_10templates,2.9586927214918073,0.36660259699971,1.0
LoRARetriever,story_cloze_10templates,3.130331116263319,0.4457586423080169,1.0
LoRARetriever,story_cloze_10templates,3.3460538924728453,0.3778083788803462,1.0
LoRARetriever,story_cloze_10templates,3.485524138128467,0.45282476971283914,1.0
LoRARetriever,story_cloze_10templates,3.48572952179527,0.3874318245853071,1.0
LoRARetriever,story_cloze_10templates,3.5291039090174134,0.5234994997729037,1.0
LoRARetriever,story_cloze_10templates,3.7805444064467286,0.5006322056593326,1.0
LoRARetriever,story_cloze_10templates,3.9068184346687684,0.5713670796152257,1.0
LoRARetriever,story_cloze_10templates,4.14710550447434,0.6026918911447876,1.0
LoRARetriever,story_cloze_10templates,4.435249945364,0.7114958213168777,1.0
LoRARetriever,story_cloze_10templates,4.612539221076167,0.6225921782686815,1.0
LoRARetriever,story_cloze_10templates,4.796710873931433,0.7904400851089908,1.0
LoRARetriever,story_cloze_10templates,5.019569735758552,0.7572468818712158,1.0
LoRARetriever,story_cloze_10templates,5.737606316071129,0.6782727852677368,1.0
LoRARetriever,story_cloze_10templates,5.737591810967323,0.7338646402758425,1.0
LoRARetriever,story_cloze_10templates,5.700015769573359,0.7312259970800136,1.0
LoRARetriever,story_cloze_10templates,5.769346234404153,0.7611807865742052,1.0
LoRARetriever,story_cloze_10templates,6.81500368068461,0.8468947905043087,1.0
LoRARetriever,story_cloze_10templates,7.580311936100965,1.1356223235536753,1.0
LoRARetriever,story_cloze_10templates,7.761165786254138,0.8679197565290958,1.0
LoRARetriever,story_cloze_10templates,7.133975475679197,1.124594043021563,1.0
LoRARetriever,story_cloze_10templates,7.602802514814794,1.0527921976893946,1.0
LoRARetriever,story_cloze_10templates,6.375608799186404,0.9270887184962425,1.0
LoRARetriever,stsb_10templates,1.1871373000427397,1.286150582579285,1.0
LoRARetriever,stsb_10templates,1.4567859030565582,1.441054844792901,1.0
LoRARetriever,stsb_10templates,1.4258934897695403,1.9772193009978123,1.0
LoRARetriever,stsb_10templates,1.3361741714252076,2.2586924071440855,1.0
LoRARetriever,stsb_10templates,1.1837009247686674,2.4228088489195128,1.0
LoRARetriever,stsb_10templates,1.0877524659428746,1.0565512879535506,1.0
LoRARetriever,stsb_10templates,1.0748311827266217,0.7241356073353179,1.0
LoRARetriever,stsb_10templates,1.0641791257560476,0.7052341861097723,1.0
LoRARetriever,stsb_10templates,1.0660808439514813,0.5758344047602975,1.0
LoRARetriever,stsb_10templates,1.0849931492671196,0.5214617443505739,1.0
LoRARetriever,stsb_10templates,1.13717361503675,0.3511287234394866,1.0
LoRARetriever,stsb_10templates,1.156962376307911,0.36969350269764056,1.0
LoRARetriever,stsb_10templates,1.1863741504322227,0.2521434571018324,1.0
LoRARetriever,stsb_10templates,1.2398677827589901,0.22440486087712463,1.0
LoRARetriever,stsb_10templates,1.2371543346474394,0.2601476281323016,1.0
LoRARetriever,stsb_10templates,1.2834512234375264,0.21632848913559957,1.0
LoRARetriever,stsb_10templates,1.3295806158759762,0.19826038604449367,1.0
LoRARetriever,stsb_10templates,1.3757844036674647,0.16428701034357382,1.0
LoRARetriever,stsb_10templates,1.4027606857068917,0.17224177441858773,1.0
LoRARetriever,stsb_10templates,1.4533107239611422,0.16794545542527708,1.0
LoRARetriever,stsb_10templates,1.5116198715746052,0.15645362528845416,1.0
LoRARetriever,stsb_10templates,1.5825365810776768,0.19426572319183943,1.0
LoRARetriever,stsb_10templates,1.6288892381465117,0.186085957662085,1.0
LoRARetriever,stsb_10templates,1.6874881586668466,0.24824859595589063,1.0
LoRARetriever,stsb_10templates,1.7502599812875885,0.18658107325377568,1.0
LoRARetriever,stsb_10templates,1.8011509933398173,0.19090246868240954,1.0
LoRARetriever,stsb_10templates,1.8665414119323198,0.4108944480581883,1.0
LoRARetriever,stsb_10templates,1.9568413056150986,0.21902754114704048,1.0
LoRARetriever,stsb_10templates,2.0319355217935215,0.2124985404054978,1.0
LoRARetriever,stsb_10templates,2.118871079203585,0.27630724756919606,1.0
LoRARetriever,stsb_10templates,2.2413318187834106,0.3687670958571831,1.0
LoRARetriever,stsb_10templates,2.3547339795334308,0.3717514232275307,1.0
LoRARetriever,stsb_10templates,2.4553536758238144,0.6449639010736421,1.0
LoRARetriever,stsb_10templates,2.5815248134095445,0.5775722841895865,1.0
LoRARetriever,stsb_10templates,2.59060243936372,0.690870812658743,1.0
LoRARetriever,stsb_10templates,2.684432800954446,0.343350847712548,1.0
LoRARetriever,stsb_10templates,2.772334875202366,0.558059371708788,1.0
LoRARetriever,stsb_10templates,2.890646754616347,0.6357801917565077,1.0
LoRARetriever,stsb_10templates,3.081363498193204,0.4544534416200477,1.0
LoRARetriever,stsb_10templates,3.2689294924820214,0.5817556568873651,1.0
LoRARetriever,trivia_qa_10templates,1.5405757345555797,1.0901732586921344,1.0
LoRARetriever,trivia_qa_10templates,2.0485140798102606,1.2150224183695664,1.0
LoRARetriever,trivia_qa_10templates,2.2851006533402547,1.4991654253139117,1.0
LoRARetriever,trivia_qa_10templates,2.437375753770777,2.0801541897198113,1.0
LoRARetriever,trivia_qa_10templates,1.6688071840306458,1.994780806906169,1.0
LoRARetriever,trivia_qa_10templates,1.6670324699944765,3.165182441026087,1.0
LoRARetriever,trivia_qa_10templates,1.4645393882148696,3.1474345064921154,1.0
LoRARetriever,trivia_qa_10templates,1.0642999147638421,1.0833053097905905,1.0
LoRARetriever,trivia_qa_10templates,1.034472268327805,0.8232152548730068,1.0
LoRARetriever,trivia_qa_10templates,1.0714005022408992,0.7675649445651165,1.0
LoRARetriever,trivia_qa_10templates,1.1212760479124606,0.6794784529647674,1.0
LoRARetriever,trivia_qa_10templates,1.1738700394918693,0.6676067388633738,1.0
LoRARetriever,trivia_qa_10templates,1.1830959940432944,0.5886865965143736,1.0
LoRARetriever,trivia_qa_10templates,1.2078959519274794,0.35503163610199795,1.0
LoRARetriever,trivia_qa_10templates,1.2268633856810396,0.23550943448747927,1.0
LoRARetriever,trivia_qa_10templates,1.2921031151438966,0.2748799127481997,1.0
LoRARetriever,trivia_qa_10templates,1.3414256883352855,0.40452235097169864,1.0
LoRARetriever,trivia_qa_10templates,1.3782932172691533,0.2836603758864349,1.0
LoRARetriever,trivia_qa_10templates,1.3985463861064478,0.34632294190722124,1.0
LoRARetriever,trivia_qa_10templates,1.470138899769826,0.20433644292928715,1.0
LoRARetriever,trivia_qa_10templates,1.5352774990951585,0.20250577488323707,1.0
LoRARetriever,trivia_qa_10templates,1.6079859916057613,0.22977758163863804,1.0
LoRARetriever,trivia_qa_10templates,1.6558679068667355,0.22515473763360946,1.0
LoRARetriever,trivia_qa_10templates,1.7292783671627825,0.3427219525944834,1.0
LoRARetriever,trivia_qa_10templates,1.801779948703385,0.30241096897516884,1.0
LoRARetriever,trivia_qa_10templates,1.8958650844636349,0.26744322046732866,1.0
LoRARetriever,trivia_qa_10templates,1.9744695895323978,0.27416351757762714,1.0
LoRARetriever,trivia_qa_10templates,2.0244282267356972,0.3280061815352931,1.0
LoRARetriever,trivia_qa_10templates,2.1276314708489874,0.4262713858575453,1.0
LoRARetriever,trivia_qa_10templates,2.250469059765781,0.438984114987659,1.0
LoRARetriever,trivia_qa_10templates,2.3988148328698564,0.3385762924291937,1.0
LoRARetriever,trivia_qa_10templates,2.5533372911592815,0.4486763904513318,1.0
LoRARetriever,trivia_qa_10templates,2.6725942158531493,0.52910211982479,1.0
LoRARetriever,trivia_qa_10templates,2.7524103008084366,0.4798904728954466,1.0
LoRARetriever,trivia_qa_10templates,2.9323078772213846,0.5250569453034887,1.0
LoRARetriever,trivia_qa_10templates,2.984264932977532,0.4745214038409306,1.0
LoRARetriever,trivia_qa_10templates,3.127850064054737,0.64529715687906,1.0
LoRARetriever,trivia_qa_10templates,3.278075686195727,0.5866596977061723,1.0
LoRARetriever,trivia_qa_10templates,3.505242671563427,0.8731267486584504,1.0
LoRARetriever,trivia_qa_10templates,3.57224452053372,1.022311757662976,1.0
LoRARetriever,web_nlg_en_10templates,1.2832914901170336,1.3575611853789689,1.0
LoRARetriever,web_nlg_en_10templates,1.65960090485243,1.913052043202491,1.0
LoRARetriever,web_nlg_en_10templates,1.8183391355415306,2.439963229857414,1.0
LoRARetriever,web_nlg_en_10templates,1.9739253503741847,3.2830590164404128,1.0
LoRARetriever,web_nlg_en_10templates,2.1178643060664712,5.930890259642817,1.0
LoRARetriever,web_nlg_en_10templates,1.4351409507334556,3.439201835686401,1.0
LoRARetriever,web_nlg_en_10templates,1.0851580392019087,1.5223949717079321,1.0
LoRARetriever,web_nlg_en_10templates,1.020974897856772,1.1433236013102055,1.0
LoRARetriever,web_nlg_en_10templates,1.0352173894845096,1.0859601408657724,1.0
LoRARetriever,web_nlg_en_10templates,1.0397866645826268,1.1868076710695534,1.0
LoRARetriever,web_nlg_en_10templates,1.054608734662216,0.9832571054156413,1.0
LoRARetriever,web_nlg_en_10templates,1.0620491058255277,0.9551503107727451,1.0
LoRARetriever,web_nlg_en_10templates,1.074115448194853,0.7274572679579245,1.0
LoRARetriever,web_nlg_en_10templates,1.092467909319129,0.541552267523976,1.0
LoRARetriever,web_nlg_en_10templates,1.1204821472359892,0.49924991915113126,1.0
LoRARetriever,web_nlg_en_10templates,1.141531111393197,0.4501519946298582,1.0
LoRARetriever,web_nlg_en_10templates,1.173337429151786,0.37740488161691915,1.0
LoRARetriever,web_nlg_en_10templates,1.2014920597941052,0.2873758926828461,1.0
LoRARetriever,web_nlg_en_10templates,1.2365932503271022,0.30876769948293087,1.0
LoRARetriever,web_nlg_en_10templates,1.2728259797343549,0.30373557695805464,1.0
LoRARetriever,web_nlg_en_10templates,1.3030936623842306,0.30907170385695787,1.0
LoRARetriever,web_nlg_en_10templates,1.3449959404270064,0.27789589333648623,1.0
LoRARetriever,web_nlg_en_10templates,1.39482100432206,0.30794904456725786,1.0
LoRARetriever,web_nlg_en_10templates,1.4475458731642883,0.3323577094818136,1.0
LoRARetriever,web_nlg_en_10templates,1.4964886607398147,0.31297424481739033,1.0
LoRARetriever,web_nlg_en_10templates,1.547590578485766,0.27919969905422676,1.0
LoRARetriever,web_nlg_en_10templates,1.59412597328103,0.3469022044590071,1.0
LoRARetriever,web_nlg_en_10templates,1.6592167303942966,0.35288955155525603,1.0
LoRARetriever,web_nlg_en_10templates,1.721380932954758,0.38093422968128027,1.0
LoRARetriever,web_nlg_en_10templates,1.782375360641166,0.36717660476785585,1.0
LoRARetriever,web_nlg_en_10templates,1.8195841473232255,0.3845437626698364,1.0
LoRARetriever,web_nlg_en_10templates,1.889609366241353,0.4724026595367132,1.0
LoRARetriever,web_nlg_en_10templates,1.9692533998720012,0.45493784108539825,1.0
LoRARetriever,web_nlg_en_10templates,2.0513024183887736,0.4248968991328588,1.0
LoRARetriever,web_nlg_en_10templates,2.1678055207681926,0.3803353755886676,1.0
LoRARetriever,web_nlg_en_10templates,2.2705786629040947,0.42213202512120224,1.0
LoRARetriever,web_nlg_en_10templates,2.384667917282471,0.4755200976753681,1.0
LoRARetriever,web_nlg_en_10templates,2.490196164575646,0.47035414743558757,1.0
LoRARetriever,web_nlg_en_10templates,2.615169925489465,0.5753875778509336,1.0
LoRARetriever,web_nlg_en_10templates,2.743860948746073,0.5752296052137555,1.0
LoRARetriever,wmt14_enfr_10templates,1.5003888950467594,1.1379714756062231,1.0
LoRARetriever,wmt14_enfr_10templates,1.5593586229899,1.1463881662821214,1.0
LoRARetriever,wmt14_enfr_10templates,1.2486210081747176,1.3231922983151838,1.0
LoRARetriever,wmt14_enfr_10templates,1.235413818563101,1.4848900712080315,1.0
LoRARetriever,wmt14_enfr_10templates,1.2400041939171078,2.3139396553118523,1.0
LoRARetriever,wmt14_enfr_10templates,1.164348357408331,2.092996159350376,1.0
LoRARetriever,wmt14_enfr_10templates,1.0180042753453116,1.0226408649053071,1.0
LoRARetriever,wmt14_enfr_10templates,1.0333002133533777,1.6792114415324344,1.0
LoRARetriever,wmt14_enfr_10templates,1.0326932275551657,1.417025588814502,1.0
LoRARetriever,wmt14_enfr_10templates,1.044982759942721,0.9544679097789887,1.0
LoRARetriever,wmt14_enfr_10templates,1.0681076986068174,0.8039049206954281,1.0
LoRARetriever,wmt14_enfr_10templates,1.0862536756065668,0.729896171601563,1.0
LoRARetriever,wmt14_enfr_10templates,1.1003508618310809,0.5963288222660196,1.0
LoRARetriever,wmt14_enfr_10templates,1.1250636993302527,0.4492363520469525,1.0
LoRARetriever,wmt14_enfr_10templates,1.1499205095870628,0.37201703937369457,1.0
LoRARetriever,wmt14_enfr_10templates,1.185558302908982,0.33431964744975545,1.0
LoRARetriever,wmt14_enfr_10templates,1.2131090393344577,0.3347335756977402,1.0
LoRARetriever,wmt14_enfr_10templates,1.2433710196680698,0.3249054133098372,1.0
LoRARetriever,wmt14_enfr_10templates,1.2829473540777325,0.2627651880132627,1.0
LoRARetriever,wmt14_enfr_10templates,1.3295957180581894,0.2597896309319865,1.0
LoRARetriever,wmt14_enfr_10templates,1.3715823375210863,0.25558850876233763,1.0
LoRARetriever,wmt14_enfr_10templates,1.414735327629261,0.27390504987886655,1.0
LoRARetriever,wmt14_enfr_10templates,1.4508045649055648,0.35389945226187763,1.0
LoRARetriever,wmt14_enfr_10templates,1.496785331430393,0.32692859049825784,1.0
LoRARetriever,wmt14_enfr_10templates,1.5470026707789142,0.2741184899008833,1.0
LoRARetriever,wmt14_enfr_10templates,1.5977801108572194,0.2865351092984857,1.0
LoRARetriever,wmt14_enfr_10templates,1.6614452790440397,0.2865775466847466,1.0
LoRARetriever,wmt14_enfr_10templates,1.7070113085406908,0.33244610298680677,1.0
LoRARetriever,wmt14_enfr_10templates,1.778641039121148,0.32671355564791066,1.0
LoRARetriever,wmt14_enfr_10templates,1.866981757394272,0.315667971607701,1.0
LoRARetriever,wmt14_enfr_10templates,1.963126731791028,0.376153006332669,1.0
LoRARetriever,wmt14_enfr_10templates,2.0344542565188886,0.3930977740705905,1.0
LoRARetriever,wmt14_enfr_10templates,2.128759399880958,0.4060815771686369,1.0
LoRARetriever,wmt14_enfr_10templates,2.2079683156441323,0.42394799408047085,1.0
LoRARetriever,wmt14_enfr_10templates,2.3165873241110115,0.31619893473401217,1.0
LoRARetriever,wmt14_enfr_10templates,2.427725401629814,0.39625661503873166,1.0
LoRARetriever,wmt14_enfr_10templates,2.5408183701786267,0.4223795811042203,1.0
LoRARetriever,wmt14_enfr_10templates,2.661957353838389,0.4584581731642946,1.0
LoRARetriever,wmt14_enfr_10templates,2.78366919027603,0.5087061813975652,1.0
LoRARetriever,wmt14_enfr_10templates,2.91248467025695,0.546865862015825,1.0
LoRARetriever,wmt16_translate_csen_10templates,1.3472995357203887,1.2583124999025719,1.0
LoRARetriever,wmt16_translate_csen_10templates,1.400750379495299,1.2815997669286097,1.0
LoRARetriever,wmt16_translate_csen_10templates,1.2928090344259822,1.2426219372955165,1.0
LoRARetriever,wmt16_translate_csen_10templates,1.2269812299539133,1.643640548501299,1.0
LoRARetriever,wmt16_translate_csen_10templates,1.1829061612553504,1.9461273582765053,1.0
LoRARetriever,wmt16_translate_csen_10templates,1.0710584617696288,1.717970932592002,1.0
LoRARetriever,wmt16_translate_csen_10templates,1.054104502308658,1.813164930085961,1.0
LoRARetriever,wmt16_translate_csen_10templates,1.0330612015057246,1.3832833516812626,1.0
LoRARetriever,wmt16_translate_csen_10templates,1.053770161400124,1.190147119030551,1.0
LoRARetriever,wmt16_translate_csen_10templates,1.0481758135416852,0.9279480751051725,1.0
LoRARetriever,wmt16_translate_csen_10templates,1.0744064485554452,1.003102495088862,1.0
LoRARetriever,wmt16_translate_csen_10templates,1.0932289501381796,0.7114474944060284,1.0
LoRARetriever,wmt16_translate_csen_10templates,1.1197567983111154,0.7332935647369825,1.0
LoRARetriever,wmt16_translate_csen_10templates,1.131455262683729,0.5370774203735789,1.0
LoRARetriever,wmt16_translate_csen_10templates,1.155674333815972,0.5441620529053732,1.0
LoRARetriever,wmt16_translate_csen_10templates,1.1907020006837907,0.47118678418991977,1.0
LoRARetriever,wmt16_translate_csen_10templates,1.2218626599312326,0.3511720956016326,1.0
LoRARetriever,wmt16_translate_csen_10templates,1.2654340548901581,0.3420096184835901,1.0
LoRARetriever,wmt16_translate_csen_10templates,1.3052409860325092,0.34721618657168674,1.0
LoRARetriever,wmt16_translate_csen_10templates,1.3486313365914933,0.34128778702592627,1.0
LoRARetriever,wmt16_translate_csen_10templates,1.4004718630466368,0.39777034929798605,1.0
LoRARetriever,wmt16_translate_csen_10templates,1.4429481900907357,0.43035857235039476,1.0
LoRARetriever,wmt16_translate_csen_10templates,1.5117527688205699,0.39583287500305875,1.0
LoRARetriever,wmt16_translate_csen_10templates,1.562938819837135,0.35389373875482905,1.0
LoRARetriever,wmt16_translate_csen_10templates,1.6365311738586292,0.3396958866198351,1.0
LoRARetriever,wmt16_translate_csen_10templates,1.7014396985253335,0.3684878556353197,1.0
LoRARetriever,wmt16_translate_csen_10templates,1.7594717540084095,0.4221366199166596,1.0
LoRARetriever,wmt16_translate_csen_10templates,1.821053625434218,0.4378371752426198,1.0
LoRARetriever,wmt16_translate_csen_10templates,1.8824163718455174,0.47503219364458915,1.0
LoRARetriever,wmt16_translate_csen_10templates,1.9531574352976462,0.48270591044232214,1.0
LoRARetriever,wmt16_translate_csen_10templates,2.0211970919997073,0.5237869900275791,1.0
LoRARetriever,wmt16_translate_csen_10templates,2.0949358609691258,0.49994383809816667,1.0
LoRARetriever,wmt16_translate_csen_10templates,2.19541165754696,0.5342773933667467,1.0
LoRARetriever,wmt16_translate_csen_10templates,2.2668495623611093,0.5116545937610528,1.0
LoRARetriever,wmt16_translate_csen_10templates,2.384626653966534,0.6046849130077495,1.0
LoRARetriever,wmt16_translate_csen_10templates,2.497989539259339,0.6382505779337361,1.0
LoRARetriever,wmt16_translate_csen_10templates,2.6342198567507884,0.7302635953717705,1.0
LoRARetriever,wmt16_translate_csen_10templates,2.7585884761506216,0.6946812263942548,1.0
LoRARetriever,wmt16_translate_csen_10templates,2.8423217285622475,0.5552781949493147,1.0
LoRARetriever,wmt16_translate_csen_10templates,2.915989332996561,0.7010075735612401,1.0
LoRARetriever,wmt16_translate_deen_10templates,1.3342921780549262,1.1271396460468583,1.0
LoRARetriever,wmt16_translate_deen_10templates,1.2089599058638645,0.9817491484110097,1.0
LoRARetriever,wmt16_translate_deen_10templates,1.1674840409641543,0.9948922967937115,1.0
LoRARetriever,wmt16_translate_deen_10templates,1.0928914478071197,1.3057467085997951,1.0
LoRARetriever,wmt16_translate_deen_10templates,1.1046920285415427,1.9231676291305562,1.0
LoRARetriever,wmt16_translate_deen_10templates,1.0547201153781536,1.3862907047863768,1.0
LoRARetriever,wmt16_translate_deen_10templates,1.0479593186844105,1.26851488341676,1.0
LoRARetriever,wmt16_translate_deen_10templates,1.0214794396396139,1.419768695980369,1.0
LoRARetriever,wmt16_translate_deen_10templates,1.0366999128441243,1.7224568200683692,1.0
LoRARetriever,wmt16_translate_deen_10templates,1.0444504025510593,1.085983174224866,1.0
LoRARetriever,wmt16_translate_deen_10templates,1.0677780384560387,0.984061055451493,1.0
LoRARetriever,wmt16_translate_deen_10templates,1.085349168990825,0.7448985630475051,1.0
LoRARetriever,wmt16_translate_deen_10templates,1.1048915053247463,0.5525151452258303,1.0
LoRARetriever,wmt16_translate_deen_10templates,1.1258317587527868,0.4529239167964663,1.0
LoRARetriever,wmt16_translate_deen_10templates,1.1564396297909196,0.4408709528623389,1.0
LoRARetriever,wmt16_translate_deen_10templates,1.1784307489077694,0.301820664916612,1.0
LoRARetriever,wmt16_translate_deen_10templates,1.2208940999102453,0.2744135081544658,1.0
LoRARetriever,wmt16_translate_deen_10templates,1.2590707273149295,0.2785911752112856,1.0
LoRARetriever,wmt16_translate_deen_10templates,1.2863486241092192,0.34099213238046083,1.0
LoRARetriever,wmt16_translate_deen_10templates,1.3215920780632928,0.3175332478401799,1.0
LoRARetriever,wmt16_translate_deen_10templates,1.357867620596165,0.3056478244436942,1.0
LoRARetriever,wmt16_translate_deen_10templates,1.3956040778138312,0.25017111960996313,1.0
LoRARetriever,wmt16_translate_deen_10templates,1.4287177847430421,0.234699600930372,1.0
LoRARetriever,wmt16_translate_deen_10templates,1.4761461475745228,0.2854116069815806,1.0
LoRARetriever,wmt16_translate_deen_10templates,1.53180628243393,0.25682925208759116,1.0
LoRARetriever,wmt16_translate_deen_10templates,1.598794241651019,0.31852990160439637,1.0
LoRARetriever,wmt16_translate_deen_10templates,1.6677782291419936,0.28590684938891553,1.0
LoRARetriever,wmt16_translate_deen_10templates,1.7271843542307725,0.3181131592380692,1.0
LoRARetriever,wmt16_translate_deen_10templates,1.8025790735062543,0.31206864626085773,1.0
LoRARetriever,wmt16_translate_deen_10templates,1.866454671343744,0.34112675357132716,1.0
LoRARetriever,wmt16_translate_deen_10templates,1.93847055473606,0.37642262557397044,1.0
LoRARetriever,wmt16_translate_deen_10templates,2.017951987573408,0.3591270924543153,1.0
LoRARetriever,wmt16_translate_deen_10templates,2.1161717757210616,0.40681101169437095,1.0
LoRARetriever,wmt16_translate_deen_10templates,2.168731879354813,0.3948916446837285,1.0
LoRARetriever,wmt16_translate_deen_10templates,2.232441293635707,0.39215466607623517,1.0
LoRARetriever,wmt16_translate_deen_10templates,2.34425544013446,0.3706407312194469,1.0
LoRARetriever,wmt16_translate_deen_10templates,2.4621251229951966,0.4003851523636515,1.0
LoRARetriever,wmt16_translate_deen_10templates,2.57721916042543,0.4670508159247773,1.0
LoRARetriever,wmt16_translate_deen_10templates,2.6528927260961956,0.4776277869448184,1.0
LoRARetriever,wmt16_translate_deen_10templates,2.776130484816263,0.5603960061828536,1.0
LoRARetriever,wmt16_translate_fien_10templates,1.4731705355456757,1.2421313029701961,1.0
LoRARetriever,wmt16_translate_fien_10templates,1.4203249697788058,1.19917961615574,1.0
LoRARetriever,wmt16_translate_fien_10templates,1.4346282124155136,1.3298148174872757,1.0
LoRARetriever,wmt16_translate_fien_10templates,1.3896726644052761,1.5794741306967461,1.0
LoRARetriever,wmt16_translate_fien_10templates,1.403970602481583,2.1726055467679966,1.0
LoRARetriever,wmt16_translate_fien_10templates,1.3213594292685364,2.130518401447064,1.0
LoRARetriever,wmt16_translate_fien_10templates,1.128961830845072,1.3436090907873735,1.0
LoRARetriever,wmt16_translate_fien_10templates,1.0198226792892215,0.9917080522442329,1.0
LoRARetriever,wmt16_translate_fien_10templates,1.0381350454026104,1.2235024861345285,1.0
LoRARetriever,wmt16_translate_fien_10templates,1.0649885323391213,1.098859257855769,1.0
LoRARetriever,wmt16_translate_fien_10templates,1.0659493604832462,1.0749887050953264,1.0
LoRARetriever,wmt16_translate_fien_10templates,1.0882095222288162,0.7945958263927482,1.0
LoRARetriever,wmt16_translate_fien_10templates,1.0900067045332198,0.5867713798318068,1.0
LoRARetriever,wmt16_translate_fien_10templates,1.1172151511785258,0.4912203974410126,1.0
LoRARetriever,wmt16_translate_fien_10templates,1.1252611071549365,0.37160267911115175,1.0
LoRARetriever,wmt16_translate_fien_10templates,1.162439891222889,0.32110095015980594,1.0
LoRARetriever,wmt16_translate_fien_10templates,1.1889742893360544,0.2963262453117399,1.0
LoRARetriever,wmt16_translate_fien_10templates,1.2180931914295705,0.2697403262743675,1.0
LoRARetriever,wmt16_translate_fien_10templates,1.2524737005857556,0.2542296413494403,1.0
LoRARetriever,wmt16_translate_fien_10templates,1.2916754233852106,0.2658204637915285,1.0
LoRARetriever,wmt16_translate_fien_10templates,1.3468124329710949,0.2633500022933345,1.0
LoRARetriever,wmt16_translate_fien_10templates,1.3836281588810655,0.24852867347200905,1.0
LoRARetriever,wmt16_translate_fien_10templates,1.4386986367117442,0.2292408873329259,1.0
LoRARetriever,wmt16_translate_fien_10templates,1.4780856173374455,0.27311886593187157,1.0
LoRARetriever,wmt16_translate_fien_10templates,1.5373144135000356,0.28048843589766875,1.0
LoRARetriever,wmt16_translate_fien_10templates,1.5942180688691165,0.2855964344021235,1.0
LoRARetriever,wmt16_translate_fien_10templates,1.6478734790490577,0.24387426152986783,1.0
LoRARetriever,wmt16_translate_fien_10templates,1.7195558871127457,0.24402987824360672,1.0
LoRARetriever,wmt16_translate_fien_10templates,1.8111260773148705,0.27225110562343857,1.0
LoRARetriever,wmt16_translate_fien_10templates,1.8939279990442772,0.2075846872289291,1.0
LoRARetriever,wmt16_translate_fien_10templates,1.9710616650593873,0.23414443017671743,1.0
LoRARetriever,wmt16_translate_fien_10templates,2.0491884985892606,0.2615494595959806,1.0
LoRARetriever,wmt16_translate_fien_10templates,2.1541885859672467,0.26948773235815643,1.0
LoRARetriever,wmt16_translate_fien_10templates,2.2666881121182008,0.33220218508748117,1.0
LoRARetriever,wmt16_translate_fien_10templates,2.3756239370926266,0.2756430306460099,1.0
LoRARetriever,wmt16_translate_fien_10templates,2.427831372211808,0.3097940719064359,1.0
LoRARetriever,wmt16_translate_fien_10templates,2.5678806976267308,0.3372714885455362,1.0
LoRARetriever,wmt16_translate_fien_10templates,2.7073786577872045,0.3293073912709753,1.0
LoRARetriever,wmt16_translate_fien_10templates,2.8511604886850996,0.4799384334207088,1.0
LoRARetriever,wmt16_translate_fien_10templates,2.941415453139952,0.5006393935006117,1.0
LoRARetriever,wmt16_translate_roen_10templates,2.126896346794457,1.2955061991728465,1.0
LoRARetriever,wmt16_translate_roen_10templates,1.8753638596727806,1.6382657105312397,1.0
LoRARetriever,wmt16_translate_roen_10templates,1.8568500030101636,2.2714669539779915,1.0
LoRARetriever,wmt16_translate_roen_10templates,1.5922747803854178,3.683868702900306,1.0
LoRARetriever,wmt16_translate_roen_10templates,1.4228680912831617,3.4995018168223013,1.0
LoRARetriever,wmt16_translate_roen_10templates,1.297171425360018,2.6866017475604225,1.0
LoRARetriever,wmt16_translate_roen_10templates,1.046083789596421,1.3258194795764582,1.0
LoRARetriever,wmt16_translate_roen_10templates,1.0253205079852084,1.461465632581072,1.0
LoRARetriever,wmt16_translate_roen_10templates,1.052831852336389,1.9701690886392704,1.0
LoRARetriever,wmt16_translate_roen_10templates,1.0703197037732262,2.0921122677839015,1.0
LoRARetriever,wmt16_translate_roen_10templates,1.0546108735381778,0.8842342073087981,1.0
LoRARetriever,wmt16_translate_roen_10templates,1.0670676559803702,0.6752346796423758,1.0
LoRARetriever,wmt16_translate_roen_10templates,1.0821589277672987,0.5382060508593459,1.0
LoRARetriever,wmt16_translate_roen_10templates,1.111311637697525,0.4634011732720758,1.0
LoRARetriever,wmt16_translate_roen_10templates,1.1405345042688804,0.4946952554291049,1.0
LoRARetriever,wmt16_translate_roen_10templates,1.1706174657772837,0.37881831080965245,1.0
LoRARetriever,wmt16_translate_roen_10templates,1.2036714397583896,0.40419437302562994,1.0
LoRARetriever,wmt16_translate_roen_10templates,1.2400896449225405,0.492677635927426,1.0
LoRARetriever,wmt16_translate_roen_10templates,1.2749982650255138,0.46802701142743386,1.0
LoRARetriever,wmt16_translate_roen_10templates,1.3257023493526834,0.4485021245715244,1.0
LoRARetriever,wmt16_translate_roen_10templates,1.3779618133396674,0.47788458645188436,1.0
LoRARetriever,wmt16_translate_roen_10templates,1.4225305553145644,0.4815097697009876,1.0
LoRARetriever,wmt16_translate_roen_10templates,1.4676244865942798,0.5164790010567257,1.0
LoRARetriever,wmt16_translate_roen_10templates,1.5140807980171496,0.35120323668528247,1.0
LoRARetriever,wmt16_translate_roen_10templates,1.5805822249821022,0.36460109423126935,1.0
LoRARetriever,wmt16_translate_roen_10templates,1.6523764636170635,0.41088664191967494,1.0
LoRARetriever,wmt16_translate_roen_10templates,1.714861992891697,0.4243098606416918,1.0
LoRARetriever,wmt16_translate_roen_10templates,1.7952503821532537,0.4696633437975389,1.0
LoRARetriever,wmt16_translate_roen_10templates,1.8947438584149494,0.4417652799048054,1.0
LoRARetriever,wmt16_translate_roen_10templates,1.9819066885837902,0.43009516292292127,1.0
LoRARetriever,wmt16_translate_roen_10templates,2.0621752463607943,0.506523175408422,1.0
LoRARetriever,wmt16_translate_roen_10templates,2.1409544175111344,0.6121014242465045,1.0
LoRARetriever,wmt16_translate_roen_10templates,2.2679943915946907,0.5708144358712104,1.0
LoRARetriever,wmt16_translate_roen_10templates,2.271119244889299,0.734670945683345,1.0
LoRARetriever,wmt16_translate_roen_10templates,2.392130803783443,0.5562197833989904,1.0
LoRARetriever,wmt16_translate_roen_10templates,2.4808282036794296,0.5937285221486065,1.0
LoRARetriever,wmt16_translate_roen_10templates,2.6159732410965946,0.6298982105270412,1.0
LoRARetriever,wmt16_translate_roen_10templates,2.686210598237294,0.7530652573128636,1.0
LoRARetriever,wmt16_translate_roen_10templates,2.875579850791542,0.698477726748303,1.0
LoRARetriever,wmt16_translate_roen_10templates,3.080934952023386,0.7993851899723993,1.0
LoRARetriever,wmt16_translate_ruen_10templates,1.6518789290293094,1.347159990113999,1.0
LoRARetriever,wmt16_translate_ruen_10templates,1.9672957599991705,1.3729536964721694,1.0
LoRARetriever,wmt16_translate_ruen_10templates,1.986218123894276,1.4217706336369424,1.0
LoRARetriever,wmt16_translate_ruen_10templates,1.8878191487923222,2.782434946466148,1.0
LoRARetriever,wmt16_translate_ruen_10templates,1.3353626168553985,2.4333521635419424,1.0
LoRARetriever,wmt16_translate_ruen_10templates,1.112597072662748,1.4251281121473216,1.0
LoRARetriever,wmt16_translate_ruen_10templates,1.071307816830507,1.515835931226694,1.0
LoRARetriever,wmt16_translate_ruen_10templates,1.0227387683194964,1.446352853419841,1.0
LoRARetriever,wmt16_translate_ruen_10templates,1.0303790110599553,1.0335839049520597,1.0
LoRARetriever,wmt16_translate_ruen_10templates,1.0526436661200882,0.7176802011895902,1.0
LoRARetriever,wmt16_translate_ruen_10templates,1.0713268275760217,0.6012249099161947,1.0
LoRARetriever,wmt16_translate_ruen_10templates,1.0885110022574673,0.5536538864004303,1.0
LoRARetriever,wmt16_translate_ruen_10templates,1.1151193093962255,0.48940903630920707,1.0
LoRARetriever,wmt16_translate_ruen_10templates,1.1434720054965233,0.4723411876340351,1.0
LoRARetriever,wmt16_translate_ruen_10templates,1.1780619352719317,0.4239685309566493,1.0
LoRARetriever,wmt16_translate_ruen_10templates,1.210361148833786,0.4036656009768623,1.0
LoRARetriever,wmt16_translate_ruen_10templates,1.248524834453901,0.33492400667914207,1.0
LoRARetriever,wmt16_translate_ruen_10templates,1.286128514228504,0.39975926227046843,1.0
LoRARetriever,wmt16_translate_ruen_10templates,1.322336875575014,0.3278254807859123,1.0
LoRARetriever,wmt16_translate_ruen_10templates,1.3599363253415635,0.3186865979770073,1.0
LoRARetriever,wmt16_translate_ruen_10templates,1.4035810126712789,0.28802125538122547,1.0
LoRARetriever,wmt16_translate_ruen_10templates,1.4545172692829682,0.30489594378596546,1.0
LoRARetriever,wmt16_translate_ruen_10templates,1.503612634227186,0.34806564839830045,1.0
LoRARetriever,wmt16_translate_ruen_10templates,1.5593749696129242,0.3739815138528415,1.0
LoRARetriever,wmt16_translate_ruen_10templates,1.6164980696297604,0.3915035135173652,1.0
LoRARetriever,wmt16_translate_ruen_10templates,1.679046539655685,0.3876286050382177,1.0
LoRARetriever,wmt16_translate_ruen_10templates,1.7362113234707863,0.3925722871440221,1.0
LoRARetriever,wmt16_translate_ruen_10templates,1.8050155418773839,0.415079397763737,1.0
LoRARetriever,wmt16_translate_ruen_10templates,1.8724768965913026,0.3379296078077216,1.0
LoRARetriever,wmt16_translate_ruen_10templates,1.9529038219215247,0.445279692110952,1.0
LoRARetriever,wmt16_translate_ruen_10templates,2.0341228101200928,0.43964934143570994,1.0
LoRARetriever,wmt16_translate_ruen_10templates,2.1270108352306787,0.527552219352686,1.0
LoRARetriever,wmt16_translate_ruen_10templates,2.232655258259428,0.4512212515882588,1.0
LoRARetriever,wmt16_translate_ruen_10templates,2.294038828456759,0.4859297183493382,1.0
LoRARetriever,wmt16_translate_ruen_10templates,2.4132566599830283,0.5779599710672609,1.0
LoRARetriever,wmt16_translate_ruen_10templates,2.4940423006152996,0.5905335175695913,1.0
LoRARetriever,wmt16_translate_ruen_10templates,2.5894276696956635,0.47170862686386195,1.0
LoRARetriever,wmt16_translate_ruen_10templates,2.651670805421971,0.6193122720871322,1.0
LoRARetriever,wmt16_translate_ruen_10templates,2.8106781108739836,0.6367790789351311,1.0
LoRARetriever,wmt16_translate_ruen_10templates,2.86768241937875,0.5965536117910917,1.0
LoRARetriever,wmt16_translate_tren_10templates,1.7494398212566264,1.1645406239058496,1.0
LoRARetriever,wmt16_translate_tren_10templates,2.243387193738056,1.8817552837946263,1.0
LoRARetriever,wmt16_translate_tren_10templates,2.3676834506405493,2.634379954102341,1.0
LoRARetriever,wmt16_translate_tren_10templates,1.649689521825655,3.5169085887909035,1.0
LoRARetriever,wmt16_translate_tren_10templates,1.3975989548384566,3.0217376796608075,1.0
LoRARetriever,wmt16_translate_tren_10templates,1.2978643325847752,2.723312324971143,1.0
LoRARetriever,wmt16_translate_tren_10templates,1.1360342585795233,1.6778264123821227,1.0
LoRARetriever,wmt16_translate_tren_10templates,1.0697750763802694,1.0657827868622203,1.0
LoRARetriever,wmt16_translate_tren_10templates,1.0805405713279879,1.0612618303912484,1.0
LoRARetriever,wmt16_translate_tren_10templates,1.0508970704935323,1.0472145532013315,1.0
LoRARetriever,wmt16_translate_tren_10templates,1.0453175912598918,0.8858628491381059,1.0
LoRARetriever,wmt16_translate_tren_10templates,1.054096006284344,0.745495572052514,1.0
LoRARetriever,wmt16_translate_tren_10templates,1.072255319520231,0.4811843581542089,1.0
LoRARetriever,wmt16_translate_tren_10templates,1.0920081929774845,0.5140904983826574,1.0
LoRARetriever,wmt16_translate_tren_10templates,1.1227463048668003,0.46468880788589473,1.0
LoRARetriever,wmt16_translate_tren_10templates,1.147527385935584,0.41886919370082354,1.0
LoRARetriever,wmt16_translate_tren_10templates,1.1755765289097748,0.23980684713295053,1.0
LoRARetriever,wmt16_translate_tren_10templates,1.1897204037947802,0.2105502224761249,1.0
LoRARetriever,wmt16_translate_tren_10templates,1.2306071729685384,0.25812911339952277,1.0
LoRARetriever,wmt16_translate_tren_10templates,1.270841358384977,0.2449092496100051,1.0
LoRARetriever,wmt16_translate_tren_10templates,1.3160177232153405,0.2565503927619865,1.0
LoRARetriever,wmt16_translate_tren_10templates,1.3588453894335537,0.1948212785552883,1.0
LoRARetriever,wmt16_translate_tren_10templates,1.414702159045388,0.2484658739519354,1.0
LoRARetriever,wmt16_translate_tren_10templates,1.4938859940018578,0.261081344612019,1.0
LoRARetriever,wmt16_translate_tren_10templates,1.5500205043906885,0.2871071471844431,1.0
LoRARetriever,wmt16_translate_tren_10templates,1.6166354573285657,0.3367868081112297,1.0
LoRARetriever,wmt16_translate_tren_10templates,1.6865593955180438,0.3686385239419137,1.0
LoRARetriever,wmt16_translate_tren_10templates,1.7616183616011925,0.36605409115778403,1.0
LoRARetriever,wmt16_translate_tren_10templates,1.8324763912486883,0.33200146782114026,1.0
LoRARetriever,wmt16_translate_tren_10templates,1.910456810826909,0.31482581221777123,1.0
LoRARetriever,wmt16_translate_tren_10templates,1.9735880325176198,0.36059367153666655,1.0
LoRARetriever,wmt16_translate_tren_10templates,2.065796051511931,0.6026547650845726,1.0
LoRARetriever,wmt16_translate_tren_10templates,2.1726837613173458,0.29661582043957957,1.0
LoRARetriever,wmt16_translate_tren_10templates,2.275693780911651,0.3084643927801031,1.0
LoRARetriever,wmt16_translate_tren_10templates,2.3946097811511993,0.4054471181330514,1.0
LoRARetriever,wmt16_translate_tren_10templates,2.5143319647455344,0.4255537793770226,1.0
LoRARetriever,wmt16_translate_tren_10templates,2.589468542808464,0.34775656119290943,1.0
LoRARetriever,wmt16_translate_tren_10templates,2.765198244410538,0.3814820270605756,1.0
LoRARetriever,wmt16_translate_tren_10templates,2.811314159570328,0.5360430799007676,1.0
LoRARetriever,wmt16_translate_tren_10templates,2.985967157850474,0.4597937135533764,1.0
LoRARetriever,wnli_10templates,1.5972374337708344,1.0945319018010782,1.0
LoRARetriever,wnli_10templates,2.230457898079629,1.5037146835408008,1.0
LoRARetriever,wnli_10templates,2.733942658022175,1.5518737828086595,1.0
LoRARetriever,wnli_10templates,2.1238510967573974,1.4044634290432287,1.0
LoRARetriever,wnli_10templates,1.9681236861641735,1.7753123269992375,1.0
LoRARetriever,wnli_10templates,1.7889231358121476,2.3808835658662826,1.0
LoRARetriever,wnli_10templates,1.6349104662475862,3.1437899675587553,1.0
LoRARetriever,wnli_10templates,1.7451421020542999,2.5845470455839266,1.0
LoRARetriever,wnli_10templates,1.7786336734723611,3.018139960068602,1.0
LoRARetriever,wnli_10templates,1.4160588519332782,1.528219837726898,1.0
LoRARetriever,wnli_10templates,1.3984145239310841,1.7757316593662753,1.0
LoRARetriever,wnli_10templates,1.3731462466514055,2.10788598027281,1.0
LoRARetriever,wnli_10templates,1.4254208420275845,2.01051877126394,1.0
LoRARetriever,wnli_10templates,1.4210479680901622,1.3548513032298493,1.0
LoRARetriever,wnli_10templates,1.5087615048759848,0.9051903917754588,1.0
LoRARetriever,wnli_10templates,1.5458476327789479,0.752121166081551,1.0
LoRARetriever,wnli_10templates,1.6560803287913586,0.5919739523720198,1.0
LoRARetriever,wnli_10templates,1.6787606678801388,1.2900080990210363,1.0
LoRARetriever,wnli_10templates,1.7438278406821548,1.2826321250586996,1.0
LoRARetriever,wnli_10templates,1.745351940901326,0.7321941005287024,1.0
LoRARetriever,wnli_10templates,1.881261876086737,1.3339728095861112,1.0
LoRARetriever,wnli_10templates,2.0578640198039095,1.739979575884605,1.0
LoRARetriever,wnli_10templates,2.191100556410273,1.492392801968919,1.0
LoRARetriever,wnli_10templates,2.2962474405683095,0.7018749842480551,1.0
LoRARetriever,wnli_10templates,2.456199794831947,0.6438882148952003,1.0
LoRARetriever,wnli_10templates,2.452864228211976,0.6105132911011089,1.0
LoRARetriever,wnli_10templates,2.6555605254599146,0.4888445282222657,1.0
LoRARetriever,wnli_10templates,2.485324671745845,0.46580467416516824,1.0
LoRARetriever,wnli_10templates,2.3309332048518554,0.3940422752065236,1.0
LoRARetriever,wnli_10templates,2.382958153670631,1.2487233005224698,1.0
LoRARetriever,wnli_10templates,2.4091275590453924,0.9061502545175085,1.0
LoRARetriever,wnli_10templates,2.4640080985307455,0.3750561087270626,1.0
LoRARetriever,wnli_10templates,2.627912774334278,0.468076460722284,1.0
LoRARetriever,wnli_10templates,2.7080921438770167,0.42730133344900734,1.0
LoRARetriever,wnli_10templates,2.8533891606256483,0.7905954796687507,1.0
LoRARetriever,wnli_10templates,2.7973908679895834,1.1125721669798754,1.0
LoRARetriever,wnli_10templates,3.0660076339709836,1.0299053759767405,1.0
LoRARetriever,wnli_10templates,3.260896745720624,0.4330510542819056,1.0
LoRARetriever,wnli_10templates,3.394303964851219,0.6856669168530742,1.0
LoRARetriever,wnli_10templates,3.570764447777904,0.4408864292719473,1.0
LoRARetriever,yelp_polarity_reviews_10templates,1.1855906357860932,1.0030617452668247,1.0
LoRARetriever,yelp_polarity_reviews_10templates,1.1536532062260594,1.1550836049392874,1.0
LoRARetriever,yelp_polarity_reviews_10templates,1.2522621750148208,1.3696472857431525,1.0
LoRARetriever,yelp_polarity_reviews_10templates,1.2479590820418165,1.742221861154753,1.0
LoRARetriever,yelp_polarity_reviews_10templates,1.1799029977114717,1.7710449766435095,1.0
LoRARetriever,yelp_polarity_reviews_10templates,1.223294338911669,2.6920385142487877,1.0
LoRARetriever,yelp_polarity_reviews_10templates,1.1063357644083642,1.7191701233749226,1.0
LoRARetriever,yelp_polarity_reviews_10templates,1.0436580526934884,0.8055300277202461,1.0
LoRARetriever,yelp_polarity_reviews_10templates,1.032902537750719,0.8077745646081774,1.0
LoRARetriever,yelp_polarity_reviews_10templates,1.0419793616704158,0.554137230579061,1.0
LoRARetriever,yelp_polarity_reviews_10templates,1.071885706479749,0.4106392807093971,1.0
LoRARetriever,yelp_polarity_reviews_10templates,1.0936351828022177,0.3666741376449283,1.0
LoRARetriever,yelp_polarity_reviews_10templates,1.125156269207218,0.35805057763116654,1.0
LoRARetriever,yelp_polarity_reviews_10templates,1.1492045146131318,0.3300461621422707,1.0
LoRARetriever,yelp_polarity_reviews_10templates,1.1785439685829695,0.33118980783927604,1.0
LoRARetriever,yelp_polarity_reviews_10templates,1.2188210982825012,0.2908441614265549,1.0
LoRARetriever,yelp_polarity_reviews_10templates,1.2706520949450058,0.30665089386952166,1.0
LoRARetriever,yelp_polarity_reviews_10templates,1.311176661383861,0.3300485677382314,1.0
LoRARetriever,yelp_polarity_reviews_10templates,1.351847943915054,0.3360457404584531,1.0
LoRARetriever,yelp_polarity_reviews_10templates,1.409561233000347,0.3074244944902895,1.0
LoRARetriever,yelp_polarity_reviews_10templates,1.4475015822419013,0.2872020283253521,1.0
LoRARetriever,yelp_polarity_reviews_10templates,1.4887222548783752,0.34670223309500525,1.0
LoRARetriever,yelp_polarity_reviews_10templates,1.538442898374533,0.31240306927116673,1.0
LoRARetriever,yelp_polarity_reviews_10templates,1.605171091824459,0.3663754915682323,1.0
LoRARetriever,yelp_polarity_reviews_10templates,1.652498085949468,0.3934807283726887,1.0
LoRARetriever,yelp_polarity_reviews_10templates,1.714532537402382,0.3279207487174056,1.0
LoRARetriever,yelp_polarity_reviews_10templates,1.7811893686964182,0.294254967412548,1.0
LoRARetriever,yelp_polarity_reviews_10templates,1.8627184479837124,0.4177457416035228,1.0
LoRARetriever,yelp_polarity_reviews_10templates,1.9415408584050253,0.4384517591094719,1.0
LoRARetriever,yelp_polarity_reviews_10templates,2.026275974511817,0.4203913686934429,1.0
LoRARetriever,yelp_polarity_reviews_10templates,2.097751696354208,0.4439950046062454,1.0
LoRARetriever,yelp_polarity_reviews_10templates,2.1901440429237278,0.3509800279107691,1.0
LoRARetriever,yelp_polarity_reviews_10templates,2.3029140261088576,0.40005286988814004,1.0
LoRARetriever,yelp_polarity_reviews_10templates,2.405506050621153,0.4661558102662573,1.0
LoRARetriever,yelp_polarity_reviews_10templates,2.498845658077217,0.46825722998649005,1.0
LoRARetriever,yelp_polarity_reviews_10templates,2.586738232962104,0.47235380124164966,1.0
LoRARetriever,yelp_polarity_reviews_10templates,2.705694308661394,0.46333493735331993,1.0
LoRARetriever,yelp_polarity_reviews_10templates,2.7763823582361726,0.4978810997139376,1.0
LoRARetriever,yelp_polarity_reviews_10templates,2.9168715480959224,0.545552036744668,1.0
LoRARetriever,yelp_polarity_reviews_10templates,3.0995774964305087,0.4265493817550551,1.0
LoRARetriever,yelp_polarity_reviews_10templates,3.2445191810289957,0.5019214403422187,1.0
LoRARetriever,yelp_polarity_reviews_10templates,3.3763832246873116,0.49922653476039525,1.0
LoRARetriever,yelp_polarity_reviews_10templates,3.5827605920295524,0.5114387680359156,1.0
LoRARetriever,yelp_polarity_reviews_10templates,3.746730849632897,0.5356493956770249,1.0
