fleet,adapter,functional_bias,spectral_bias,cross_family_error
LoRA Land,conllpp,-0.9537687561867084,-2.3898343642333852,-1.4360656080466767
LoRA Land,conllpp,-0.9464921426538663,-2.4484516254689908,-1.5019594828151248
LoRA Land,conllpp,-1.03815075538109,-2.0622811163703716,-1.0241303609892816
LoRA Land,conllpp,-0.17175144900095074,-2.076724179662369,-1.9049727306614181
LoRA Land,conllpp,-0.23217760344358895,-1.4857018333691376,-1.2535242299255487
LoRA Land,conllpp,0.14712909812382333,-1.3718502125533467,-1.5189793106771698
LoRA Land,conllpp,0.5389678330819857,-1.116860753965937,-1.6558285870479226
LoRA Land,conllpp,0.7083272236659435,-0.15485677323184632,-0.8631839968977898
LoRA Land,conllpp,0.8352082453579095,-0.15485677323184632,-0.9900650185897558
LoRA Land,conllpp,1.2008236600355375,-0.03963896407443876,-1.240462624109976
LoRA Land,conllpp,1.06109495157016,0.021466871539018686,-1.0396280800311415
LoRA Land,conllpp,1.1704621168086156,0.2688093762023447,-0.9016527406062711
LoRA Land,conllpp,1.129708417430527,0.35609036336631195,-0.773618054064215
LoRA Land,conllpp,1.297634063525941,0.6868152533285075,-0.6108188101974334
LoRA Land,conllpp,1.4340331410917262,0.5842691754257177,-0.8497639656660083
LoRA Land,conllpp,1.5490107788055127,0.5842691754257177,-0.9647416033797951
LoRA Land,conllpp,1.2969459289039293,1.3153662621942201,0.018420333290290636
LoRA Land,conllpp,1.6904290838541967,1.4362967994448674,-0.2541322844093291
LoRA Land,conllpp,1.4066691872325765,1.2906948820203186,-0.11597430521225784
LoRA Land,conllpp,1.3513430679984886,1.3888708028005265,0.037527734802037964
LoRA Land,conllpp,1.19784640886951,1.3888708028005265,0.19102439393101636
LoRA Land,conllpp,1.3502305981803897,1.4371250769604522,0.08689447878006266
LoRA Land,conllpp,1.3440201679003236,1.4816722649464507,0.13765209704612677
LoRA Land,conllpp,1.3527948495045239,1.664143946345633,0.311349096841109
LoRA Land,conllpp,1.4366775421365165,1.664143946345633,0.2274664042091165
LoRA Land,conllpp,1.7821717301352444,1.809162383810477,0.026990653675232852
LoRA Land,conllpp,1.3581100890326325,1.809162383810477,0.4510522947778445
LoRA Land,conllpp,1.5768508612114427,1.8875590832512577,0.3107082220398151
LoRA Land,conllpp,1.6052931846083163,1.946307810093929,0.341014625485613
LoRA Land,conllpp,1.6507719909338487,2.063811003330808,0.41303901239695945
LoRA Land,conllpp,2.0090269106701175,2.186221483504989,0.1771945728348717
LoRA Land,conllpp,2.0261347896963176,2.0654675749807616,0.03933278528444399
LoRA Land,conllpp,1.783512914406491,2.438775424830287,0.6552625104237958
LoRA Land,conllpp,2.075871059535499,2.5562214754493424,0.48035041591384353
LoRA Land,conllpp,1.8955183057197191,2.715962366668826,0.820444060949107
LoRA Land,conllpp,1.8291200935702168,2.9600595257879307,1.130939432217714
LoRA Land,conllpp,1.8558400055300508,2.6750331461061454,0.8191931405760946
LoRA Land,conllpp,1.5846760438392156,3.263126460118059,1.6784504162788434
LoRA Land,conllpp,1.7003342591203894,3.4167989602501283,1.7164647011297387
LoRA Land,conllpp,1.6471453182022313,3.4145670731946884,1.7674217549924571
LoRA Land,conllpp,1.5301033008164724,3.4701637370398895,1.940060436223417
LoRA Land,conllpp,1.3433828260107274,3.2832290206694936,1.9398461946587662
LoRA Land,conllpp,1.4333048758609856,3.764670158991975,2.3313652831309892
LoRA Land,conllpp,1.1385081243918385,3.542054200294411,2.4035460759025726
LoRA Land,conllpp,0.9744899461153819,3.1028146285917093,2.1283246824763276
LoRA Land,conllpp,0.4476751885752586,3.016618627351665,2.5689434387764067
LoRA Land,conllpp,0.03511486084141434,2.3661642434057137,2.3310493825642995
LoRA Land,conllpp,-0.6036349747882672,1.9470140974955257,2.550649072283793
LoRA Land,dbpedia,-1.5700476330842277,0.88804535127728,2.4580929843615076
LoRA Land,dbpedia,0.6454752586721707,0.5629657149080983,-0.08250954376407245
LoRA Land,dbpedia,0.830011278237452,0.837587051426578,0.007575773189125918
LoRA Land,dbpedia,1.207454550418488,0.9293528799958858,-0.2781016704226022
LoRA Land,dbpedia,1.8122931833392522,0.5056548396732051,-1.306638343666047
LoRA Land,dbpedia,-1.5366439335642983,0.8079925860238791,2.3446365195881773
LoRA Land,dbpedia,2.042214951619492,0.8127479557668306,-1.2294669958526614
LoRA Land,dbpedia,2.0118569063973526,-0.3557858988244782,-2.367642805221831
LoRA Land,dbpedia,2.1770648107470487,-0.43447851393380094,-2.61154332468085
LoRA Land,dbpedia,2.160054819048716,-0.44083628538046155,-2.6008911044291776
LoRA Land,dbpedia,2.277037883427785,-0.6392518765595905,-2.916289759987376
LoRA Land,dbpedia,2.120554197689762,-0.7029409731540067,-2.823495170843769
LoRA Land,dbpedia,2.095405623503265,-0.6424140030623774,-2.7378196265656425
LoRA Land,dbpedia,2.157607918308316,-0.7073626178199238,-2.86497053612824
LoRA Land,dbpedia,2.2399242827580266,-0.7086029493418285,-2.948527232099855
LoRA Land,dbpedia,2.098034899861822,-0.7092326979827265,-2.8072675978445485
LoRA Land,dbpedia,2.17360537412748,-0.7200018452550577,-2.8936072193825377
LoRA Land,dbpedia,2.216692875630908,-2.4517254691866834,-4.668418344817591
LoRA Land,dbpedia,2.2659508899117844,-1.1496763108760857,-3.41562720078787
LoRA Land,dbpedia,2.520213998751899,-1.0891186477293304,-3.609332646481229
LoRA Land,dbpedia,2.3526203332434013,-1.2450595078336417,-3.5976798410770434
LoRA Land,dbpedia,2.2068404497480185,-1.3546966002370004,-3.561537049985019
LoRA Land,dbpedia,2.2722892900074365,-1.2494326346737532,-3.5217219246811897
LoRA Land,dbpedia,1.9979332116530515,0.09117794579094653,-1.906755265862105
LoRA Land,dbpedia,2.4022053887886963,1.7064318351985162,-0.6957735535901803
LoRA Land,dbpedia,2.2897284448675403,1.5089296050931087,-0.7807988397744315
LoRA Land,dbpedia,1.965498984922626,1.4072646871138632,-0.5582342978087629
LoRA Land,dbpedia,2.182330776044036,1.1101772495462747,-1.0721535264977613
LoRA Land,dbpedia,2.1046178715060457,1.1101772495462747,-0.9944406219597707
LoRA Land,dbpedia,2.150216354699654,1.0489105585094511,-1.101305796190203
LoRA Land,dbpedia,1.9121664769530013,1.2936082071871728,-0.6185582697658284
LoRA Land,dbpedia,2.074372206917605,1.8313987293565674,-0.24297347756103738
LoRA Land,dbpedia,1.9861724808340784,2.4094890462566836,0.42331656542260526
LoRA Land,dbpedia,2.0103058062802366,2.0968594439526607,0.08655363767242412
LoRA Land,dbpedia,2.0312351842742675,2.299763833860771,0.26852864958650347
LoRA Land,dbpedia,1.8299232840298953,2.2770521175534135,0.4471288335235179
LoRA Land,dbpedia,1.9528556260161527,2.183517198706893,0.23066157269074036
LoRA Land,dbpedia,1.926632625472494,2.2597903678581814,0.3331577423856876
LoRA Land,dbpedia,1.7738282968394257,2.3232992477700143,0.5494709509305887
LoRA Land,dbpedia,1.6634997766599136,2.456490146349844,0.7929903696899302
LoRA Land,dbpedia,1.7544203815981265,2.5861827966809576,0.831762415082831
LoRA Land,dbpedia,1.3391378181268065,2.3075609603895475,0.9684231422627411
LoRA Land,dbpedia,1.3225764659324744,1.9862313379910197,0.6636548720585452
LoRA Land,dbpedia,0.9107884575451479,2.326346844119505,1.4155583865743568
LoRA Land,dbpedia,0.7465558619817882,2.0810810646319626,1.3345252026501744
LoRA Land,dbpedia,-0.5776961700248283,1.3160456557102156,1.893741825735044
LoRA Land,e2e_nlg,-0.5170756425611003,-0.8725441206259129,-0.35546847806481274
LoRA Land,e2e_nlg,-0.37578926668816537,-0.9544451475787331,-0.5786558808905677
LoRA Land,e2e_nlg,-0.29051100317586626,-1.0047147125628721,-0.7142037093870058
LoRA Land,e2e_nlg,0.7425861916832535,0.33764953129449554,-0.40493666038875786
LoRA Land,e2e_nlg,0.787536977975091,0.374268391770262,-0.4132685862048287
LoRA Land,e2e_nlg,0.7927685508501291,0.47004640701435607,-0.3227221438357731
LoRA Land,e2e_nlg,0.8365953921107373,0.5671090533776171,-0.26948633873312006
LoRA Land,e2e_nlg,0.9753847697646063,0.6121474067228229,-0.3632373630417835
LoRA Land,e2e_nlg,0.8484241254244146,0.8961028560172197,0.04767873059280528
LoRA Land,e2e_nlg,0.902040524199329,0.9435138709561629,0.041473346756833826
LoRA Land,e2e_nlg,0.786810238643954,1.2145847551454554,0.4277745165015013
LoRA Land,e2e_nlg,0.8503444849684291,1.2145847551454554,0.3642402701770264
LoRA Land,e2e_nlg,0.88750138478623,1.3529387104114317,0.4654373256252017
LoRA Land,e2e_nlg,0.9334665127335794,1.3969499883962446,0.4634834756626652
LoRA Land,e2e_nlg,0.8679369355359177,1.4217561077624452,0.5538191722265274
LoRA Land,e2e_nlg,1.107697697473468,1.7756728819048821,0.6679751844314141
LoRA Land,e2e_nlg,0.9495657301417891,1.7684950658079253,0.8189293356661363
LoRA Land,e2e_nlg,1.3323650208297548,1.7412137381922057,0.40884871736245076
LoRA Land,e2e_nlg,1.2300225164756373,1.6810049121139938,0.45098239563835674
LoRA Land,e2e_nlg,1.30482325109713,1.6810049121139938,0.3761816610168639
LoRA Land,e2e_nlg,1.4685060616801733,1.7521408884497671,0.2836348267695937
LoRA Land,e2e_nlg,1.4201054064462744,1.7457473340145446,0.3256419275682701
LoRA Land,e2e_nlg,1.6138923485725833,1.990355656741154,0.3764633081685705
LoRA Land,e2e_nlg,1.3459593124335116,1.990355656741154,0.6443963443076423
LoRA Land,e2e_nlg,1.617693434039983,2.078287246235273,0.4605938121952901
LoRA Land,e2e_nlg,1.3867941374423056,2.232406298078168,0.8456121606358624
LoRA Land,e2e_nlg,1.6312166871499667,2.2703524610231822,0.6391357738732156
LoRA Land,e2e_nlg,1.637352312097688,2.3393117993132977,0.7019594872156096
LoRA Land,e2e_nlg,1.582255310770202,2.2463177676329584,0.6640624568627566
LoRA Land,e2e_nlg,1.673879223509426,2.695677789134127,1.0217985656247008
LoRA Land,e2e_nlg,1.6702673675136732,2.597147001351667,0.9268796338379935
LoRA Land,e2e_nlg,1.7663870110772855,2.672781314012902,0.9063943029356168
LoRA Land,e2e_nlg,1.7233483413084152,2.636160677313097,0.9128123360046819
LoRA Land,e2e_nlg,1.5139054659315245,2.7788314612217824,1.264925995290258
LoRA Land,e2e_nlg,1.6113018654700682,3.1096966262676453,1.4983947607975772
LoRA Land,e2e_nlg,1.6478878509060648,3.0388673727577515,1.3909795218516865
LoRA Land,e2e_nlg,1.8552186599703928,3.305579815621454,1.4503611556510614
LoRA Land,e2e_nlg,1.704581335296012,3.272862410480207,1.568281075184195
LoRA Land,e2e_nlg,1.3987958425337543,2.9498211773361933,1.551025334802439
LoRA Land,e2e_nlg,1.3656024856838074,3.1506467090052372,1.7850442233214299
LoRA Land,e2e_nlg,1.2385640780173612,2.799563342183053,1.560999264165692
LoRA Land,e2e_nlg,1.012900534048756,2.8110367900242483,1.7981362559754925
LoRA Land,e2e_nlg,0.8905928600950835,2.982472638968874,2.0918797788737904
LoRA Land,e2e_nlg,0.6436405222604168,2.3457173238365834,1.7020768015761667
LoRA Land,e2e_nlg,-0.09939601784964784,1.5838983705155505,1.6832943883651983
LoRA Land,glue_cola,-3.7100667390154594,-4.056602532482314,-0.34653579346685465
LoRA Land,glue_cola,-2.5287363648957655,-4.064406506009796,-1.5356701411140299
LoRA Land,glue_cola,-2.3498767508076326,-3.706525839280687,-1.3566490884730542
LoRA Land,glue_cola,-1.5979348724693572,-1.9689167228507334,-0.3709818503813763
LoRA Land,glue_cola,-1.8769292433375002,-1.8693279151501059,0.007601328187394222
LoRA Land,glue_cola,-1.6520078549742807,-2.019945267836191,-0.3679374128619102
LoRA Land,glue_cola,-1.1267037096845438,-1.0031928562970547,0.12351085338748911
LoRA Land,glue_cola,-1.1455378984504878,-0.6722768075204584,0.4732610909300294
LoRA Land,glue_cola,-1.0683187439419042,-0.6003006509827035,0.4680180929592006
LoRA Land,glue_cola,-1.1457966421509473,-0.38598218667768497,0.7598144554732623
LoRA Land,glue_cola,-1.144636551035588,-0.5036548497573555,0.6409817012782326
LoRA Land,glue_cola,-0.9524211253390201,-0.2093803571337093,0.7430407682053108
LoRA Land,glue_cola,-0.321891199490281,-0.07928154975618122,0.24260964973409985
LoRA Land,glue_cola,-0.34015398166083954,-0.09253960489246288,0.24761437676837647
LoRA Land,glue_cola,-0.4556807975107625,-0.09253960489246288,0.3631411926182996
LoRA Land,glue_cola,-0.48532773941118057,0.12337622757340996,0.6087039669845904
LoRA Land,glue_cola,-0.2976595875472121,0.12352486486650839,0.4211844524137206
LoRA Land,glue_cola,-0.3238054647787389,0.007350831764965607,0.33115629654370443
LoRA Land,glue_cola,0.03821651934143178,0.006201828153756178,-0.03201469118767559
LoRA Land,glue_cola,0.34392963448399494,0.4585594693198953,0.11462983483590052
LoRA Land,glue_cola,0.34300510543252744,0.6206489673400145,0.27764386190748713
LoRA Land,glue_cola,0.21580468753972862,0.4489290138627601,0.23312432632303148
LoRA Land,glue_cola,0.2043305342445557,0.8962471522216136,0.6919166179770578
LoRA Land,glue_cola,0.3403098847384033,0.8962471522216136,0.5559372674832105
LoRA Land,glue_cola,0.028942578519644314,1.270372106855662,1.2414295283360177
LoRA Land,glue_cola,-0.2764774709345561,0.7988720498422957,1.075349520776852
LoRA Land,glue_cola,0.22044092971160958,1.0762470395781685,0.855806109866559
LoRA Land,glue_cola,0.42031005572123614,2.2470407087895494,1.8267306530683132
LoRA Land,glue_cola,0.40829168415798706,2.449939261163456,2.041647577005469
LoRA Land,glue_cola,0.12385482184451219,1.488154151315078,1.3642993294705656
LoRA Land,glue_cola,0.10787999397786846,2.2215990847915528,2.1137190908136843
LoRA Land,glue_cola,0.9568930835359921,2.2215990847915528,1.2647060012555607
LoRA Land,glue_cola,1.4594324462215618,2.6780765381716978,1.2186440919501362
LoRA Land,glue_cola,1.4320637459381163,2.084515128446111,0.6524513825079947
LoRA Land,glue_cola,1.111022693540487,3.7533044933369997,2.6422817997965127
LoRA Land,glue_cola,0.9956874054052557,3.7259446846462674,2.7302572792410116
LoRA Land,glue_cola,1.9026427089290572,3.395784817517099,1.4931421085880414
LoRA Land,glue_cola,0.8632367953956923,3.467952218178992,2.6047154227833
LoRA Land,glue_cola,1.4909035480792177,3.8068495805076945,2.3159460324284766
LoRA Land,glue_cola,0.8990062776603933,3.2309578424875705,2.331951564827177
LoRA Land,glue_cola,1.6922278609874115,3.69598178542947,2.0037539244420586
LoRA Land,glue_cola,1.1056702068762172,3.0621344334332363,1.9564642265570191
LoRA Land,glue_cola,1.0430172462976994,3.726922940422999,2.6839056941252997
LoRA Land,glue_cola,0.8546518624896609,3.506868495290034,2.6522166328003736
LoRA Land,glue_cola,1.0882867523704363,2.717822135042771,1.6295353826723347
LoRA Land,glue_cola,2.5057489181007355,2.717822135042771,0.2120732169420355
LoRA Land,glue_cola,1.4292018578827697,3.3519690842865484,1.922767226403779
LoRA Land,glue_cola,0.7021445312187552,3.1270150911917054,2.4248705599729505
LoRA Land,glue_cola,0.19708649451554525,2.9786683290140448,2.7815818344984997
LoRA Land,glue_cola,-0.7995267880270934,1.798958231310999,2.5984850193380926
LoRA Land,glue_cola,-2.0832585990762755,2.1888205733674577,4.272079172443734
LoRA Land,glue_mrpc,-1.777882599388848,-3.9764572383138863,-2.198574638925038
LoRA Land,glue_mrpc,-1.888046998829908,-4.156107420929089,-2.2680604220991816
LoRA Land,glue_mrpc,-1.2911468112166695,-4.457872947703741,-3.166726136487071
LoRA Land,glue_mrpc,-1.0478534385211549,-1.6847104929496675,-0.6368570544285127
LoRA Land,glue_mrpc,-1.0519014761040726,-1.7186218881316673,-0.6667204120275948
LoRA Land,glue_mrpc,-1.1203534053374367,-1.553103397683015,-0.4327499923455782
LoRA Land,glue_mrpc,-1.0074875774972347,-1.1180485161158225,-0.11056093861858773
LoRA Land,glue_mrpc,-1.0782484258082605,-0.9988235620308176,0.0794248637774429
LoRA Land,glue_mrpc,-0.22518418785947783,-1.1729030682623385,-0.9477188804028606
LoRA Land,glue_mrpc,-0.5408434369311321,-1.0369587804266664,-0.4961153434955343
LoRA Land,glue_mrpc,-0.28052279111897255,-0.27280030757691737,0.007722483542055172
LoRA Land,glue_mrpc,0.1785395937632649,-0.5252789373711302,-0.7038185311343951
LoRA Land,glue_mrpc,0.8584447573323319,-0.5252789373711302,-1.3837236947034621
LoRA Land,glue_mrpc,0.5204978119035569,-0.5184494985682305,-1.0389473104717875
LoRA Land,glue_mrpc,0.9043996003541416,-0.7519365863557776,-1.6563361867099193
LoRA Land,glue_mrpc,0.8817081630189817,-0.7519365863557776,-1.6336447493747595
LoRA Land,glue_mrpc,1.0848274138883778,0.2021215960176521,-0.8827058178707257
LoRA Land,glue_mrpc,1.4902266274851457,0.2021215960176521,-1.2881050314674938
LoRA Land,glue_mrpc,2.251532661967758,0.1603358106476737,-2.0911968513200843
LoRA Land,glue_mrpc,1.8074250156720497,0.04460347147657741,-1.7628215441954724
LoRA Land,glue_mrpc,2.036034057466453,0.35411138330532466,-1.681922674161128
LoRA Land,glue_mrpc,1.596141017170156,1.130881136251066,-0.4652598809190901
LoRA Land,glue_mrpc,1.0245183063661165,1.054611321364138,0.03009301499802133
LoRA Land,glue_mrpc,1.8066745942753653,1.2299960581561291,-0.5766785361192363
LoRA Land,glue_mrpc,1.5548888979347857,1.5355909896306847,-0.019297908304100875
LoRA Land,glue_mrpc,0.887810987431371,1.8197474290721898,0.931936441640819
LoRA Land,glue_mrpc,2.029988362632167,1.988412020763648,-0.041576341868518954
LoRA Land,glue_mrpc,0.9685929082427638,1.2935300757994013,0.3249371675566374
LoRA Land,glue_mrpc,1.545763747726171,1.375135088396635,-0.1706286593295358
LoRA Land,glue_mrpc,1.249770176016634,1.7742765392614441,0.5245063632448099
LoRA Land,glue_mrpc,1.7081693868374803,2.1183708365083374,0.4102014496708571
LoRA Land,glue_mrpc,1.3176442581444738,2.6032617383221504,1.2856174801776763
LoRA Land,glue_mrpc,1.0385763649309332,2.1866844700806416,1.1481081051497082
LoRA Land,glue_mrpc,2.025022249924199,2.3228279691171627,0.2978057191929637
LoRA Land,glue_mrpc,0.742908359592175,2.6728061036070883,1.929897744014913
LoRA Land,glue_mrpc,0.43136531672725825,3.5553031810609106,3.1239378643336524
LoRA Land,glue_mrpc,0.4788366305214116,3.543494295793464,3.0646576652720525
LoRA Land,glue_mrpc,0.44604762084229416,2.91211809763862,2.4660704767963257
LoRA Land,glue_mrpc,0.03696523916203284,2.730445107865925,2.6934798687038923
LoRA Land,glue_mrpc,0.17435020707909393,3.269390805654092,3.095040598574998
LoRA Land,glue_mrpc,0.1946960824894527,2.4329504455468824,2.23825436305743
LoRA Land,glue_mrpc,-0.1737815979517046,2.3674344870141413,2.541216084965846
LoRA Land,glue_mrpc,0.04824421944752254,2.334917865652342,2.2866736462048194
LoRA Land,glue_mrpc,-1.0998004052367047,0.9638311092182856,2.0636315144549906
LoRA Land,glue_mrpc,-1.5497394181463124,0.5123266896684988,2.0620661078148115
LoRA Land,glue_mrpc,-3.401522539595662,-0.13207251562082023,3.2694500239748416
LoRA Land,glue_qnli,-0.6747355566712782,-0.9198585350824344,-0.24512297841115627
LoRA Land,glue_qnli,0.10939165693712281,-1.1186722041055122,-1.228063861042635
LoRA Land,glue_qnli,0.4361039116848969,-0.8564147045832572,-1.2925186162681541
LoRA Land,glue_qnli,0.4435759270828616,-0.8815426045894424,-1.325118531672304
LoRA Land,glue_qnli,0.540419157643138,-0.06989653548116584,-0.6103156931243038
LoRA Land,glue_qnli,0.2217323320859651,0.02498105332095946,-0.1967512787650057
LoRA Land,glue_qnli,0.6821274810523408,0.11510987378483133,-0.5670176072675096
LoRA Land,glue_qnli,0.505286226580208,0.34858388548876873,-0.1567023410914393
LoRA Land,glue_qnli,0.5829462668309123,0.32594973220275053,-0.25699653462816174
LoRA Land,glue_qnli,0.6066654872094747,0.4037245281788074,-0.20294095903066722
LoRA Land,glue_qnli,0.3785413468450874,1.1625400000386026,0.7839986531935154
LoRA Land,glue_qnli,-0.14900228873361798,1.5611337895152704,1.7101360782488884
LoRA Land,glue_qnli,0.26522864069267255,1.5649572797241544,1.299728639031482
LoRA Land,glue_qnli,-0.2009246364774896,1.4645156141277635,1.6654402506052532
LoRA Land,glue_qnli,-0.2830315393510589,1.7099812744359653,1.9930128137870244
LoRA Land,glue_qnli,-0.5224287034382059,1.2771145063745026,1.7995432098127084
LoRA Land,glue_qnli,-0.3090367097945555,1.2293567651875146,1.5383934749820702
LoRA Land,glue_qnli,-0.18725971715277756,1.2293567651875146,1.416616482340292
LoRA Land,glue_qnli,-0.14860839723787664,1.8091161841840113,1.957724581421888
LoRA Land,glue_qnli,0.05106283714605991,1.7526169165399803,1.7015540793939203
LoRA Land,glue_qnli,0.5677874043106401,2.43222619273856,1.86443878842792
LoRA Land,glue_qnli,0.4085615135574973,1.9230151562467859,1.5144536426892885
LoRA Land,glue_qnli,0.792797850736325,2.270097035443616,1.4772991847072907
LoRA Land,glue_qnli,0.7406237220296742,1.8408295677143174,1.100205845684643
LoRA Land,glue_qnli,0.6363918281521261,2.0132024899247463,1.3768106617726201
LoRA Land,glue_qnli,1.1202428616681919,2.0132024899247463,0.8929596282565543
LoRA Land,glue_qnli,0.8001216598108547,2.3997114814077705,1.5995898215969158
LoRA Land,glue_qnli,0.032522995854299505,2.355993307524672,2.3234703116703725
LoRA Land,glue_qnli,1.9939730521567542,2.233749180092174,0.23977612793541986
LoRA Land,glue_qnli,2.0543594965675274,2.1313853135271486,0.0770258169596213
LoRA Land,glue_qnli,1.9572303636834278,2.3379792225157625,0.38074885883233467
LoRA Land,glue_qnli,1.9708411256117069,2.9994481808279,1.028607055216193
LoRA Land,glue_qnli,1.8446606503998486,2.6898896741851916,0.8452290237853428
LoRA Land,glue_qnli,1.9429297177141016,3.126326937167152,1.1833972194530502
LoRA Land,glue_qnli,2.245128637769404,3.0268320092839236,0.7817033715145193
LoRA Land,glue_qnli,1.5982503800631194,3.1373660002207875,1.5391156201576681
LoRA Land,glue_qnli,1.7360003494867347,2.9187955238346066,1.1827951743478717
LoRA Land,glue_qnli,1.721749297333625,3.2609237329727385,1.5391744356391133
LoRA Land,glue_qnli,2.013338888563623,3.1270066800014193,1.1136677914377964
LoRA Land,glue_qnli,1.1094136211926164,2.6502878495553257,1.5408742283627097
LoRA Land,glue_qnli,1.058898080061701,3.1482408926655268,2.089342812603826
LoRA Land,glue_qnli,0.8223876552965625,3.2823979588129246,2.460010303516362
LoRA Land,glue_qnli,0.6795281669428241,2.776544253862901,2.097016086920077
LoRA Land,glue_qnli,0.35190058416676084,2.334666303554868,1.9827657193881072
LoRA Land,glue_qnli,0.03787785095521048,2.5875718643021175,2.5496940133469073
LoRA Land,glue_qnli,-0.21328453929451202,1.8161150031083988,2.0293995424029108
LoRA Land,glue_qnli,-0.8816756646019159,1.9677460365495423,2.849421701151458
LoRA Land,glue_qnli,-1.8247400048527251,1.2361111817767705,3.060851186629496
LoRA Land,glue_qqp,0.6564516373264532,0.5559793874352906,-0.10047224989116263
LoRA Land,glue_qqp,0.8149027771383653,0.717979327010164,-0.09692345012820136
LoRA Land,glue_qqp,0.8540298554794721,1.1950225052187524,0.34099264973928034
LoRA Land,glue_qqp,0.6374209075790336,1.5660585793157462,0.9286376717367127
LoRA Land,glue_qqp,0.9901987574600708,1.4602791329620788,0.470080375502008
LoRA Land,glue_qqp,1.1143526817156155,1.6443329709280812,0.5299802892124658
LoRA Land,glue_qqp,1.5434855255118916,1.8666398113088811,0.32315428579698985
LoRA Land,glue_qqp,1.1837041694532437,1.9957024261923124,0.8119982567390686
LoRA Land,glue_qqp,1.3634408866335372,2.0519899372731585,0.6885490506396212
LoRA Land,glue_qqp,1.6458832701226265,2.0309250098603395,0.38504173973771316
LoRA Land,glue_qqp,1.2298420050337224,2.2560588884934174,1.0262168834596952
LoRA Land,glue_qqp,1.852498967825907,2.2560588884934174,0.40355992066751056
LoRA Land,glue_qqp,1.7703011570473426,2.34147789169128,0.5711767346439376
LoRA Land,glue_qqp,1.831878323645116,2.5111959315226238,0.679317607877508
LoRA Land,glue_qqp,1.6169763964382502,2.8728047951985656,1.2558283987603152
LoRA Land,glue_qqp,1.4941291322221113,2.912270180232602,1.4181410480104908
LoRA Land,glue_qqp,1.5283510783556695,2.518985978056514,0.9906348997008442
LoRA Land,glue_qqp,1.3508271116457393,2.9085591455645736,1.5577320339188343
LoRA Land,glue_qqp,2.040369423261579,3.0162834478261553,0.9759140245645761
LoRA Land,glue_qqp,1.9335993338050081,3.0162834478261553,1.0826841140211472
LoRA Land,glue_qqp,2.1686946021940567,3.166943083198192,0.9982484810041353
LoRA Land,glue_qqp,2.2471386866862177,2.9601896418217413,0.7130509551355235
LoRA Land,glue_qqp,1.7597837419254048,3.23708795855895,1.477304216633545
LoRA Land,glue_qqp,2.160406953046042,3.23708795855895,1.076681005512908
LoRA Land,glue_qqp,1.393463201540171,2.914120454656961,1.5206572531167903
LoRA Land,glue_qqp,1.6602424872448738,3.7408568106828217,2.0806143234379477
LoRA Land,glue_qqp,1.8936599339421818,3.172035633203199,1.2783756992610174
LoRA Land,glue_qqp,3.132046886732141,3.2710126574550853,0.138965770722944
LoRA Land,glue_qqp,2.954655440818343,3.1783177694829647,0.223662328664622
LoRA Land,glue_qqp,2.6468866325177545,3.387241615231623,0.7403549827138683
LoRA Land,glue_qqp,1.6534162976964284,3.7500160224883734,2.096599724791945
LoRA Land,glue_qqp,2.454426354081615,3.5003942795061613,1.0459679254245469
LoRA Land,glue_qqp,1.6253492781345507,3.0903914612335783,1.465042183099028
LoRA Land,glue_qqp,2.4960052398982056,3.133245007209973,0.6372397673117676
LoRA Land,glue_qqp,0.9518578071923207,2.8416798886752974,1.889822081482977
LoRA Land,glue_qqp,0.9471561782329565,2.6944147092639086,1.7472585310309516
LoRA Land,glue_qqp,1.032220856680593,3.4558260455858076,2.4236051889052144
LoRA Land,glue_qqp,1.2289723573555142,3.6401049253424893,2.411132567986975
LoRA Land,glue_qqp,0.6165591650968547,3.5713621174712027,2.954802952374348
LoRA Land,glue_qqp,0.24333425260568126,3.519344261645913,3.276010009040232
LoRA Land,glue_qqp,-0.06007793892205021,3.7943892348678845,3.8544671737899345
LoRA Land,glue_qqp,0.33610527369044235,3.7943892348678845,3.458283961177442
LoRA Land,glue_qqp,0.17617281822401742,2.931092115623648,2.754919297399631
LoRA Land,glue_qqp,-0.2903214874279006,2.8978653917797077,3.188186879207608
LoRA Land,glue_qqp,0.16455805310951568,2.9413121508123514,2.7767540977028355
LoRA Land,glue_qqp,-0.012074797539512294,5.217094764616676,5.229169562156188
LoRA Land,glue_qqp,-1.6040988476996645,3.7675343003303263,5.37163314802999
LoRA Land,glue_qqp,-1.285650345182981,3.3787662548958157,4.6644166000787965
LoRA Land,glue_qqp,-1.6027631375843503,2.7583918234112907,4.361154960995641
LoRA Land,glue_qqp,-1.970013703904906,1.5364952417244722,3.506508945629378
LoRA Land,glue_sst2,1.5785330021217725,0.19256673374414915,-1.3859662683776233
LoRA Land,glue_sst2,1.3444416895047047,0.13514624278917062,-1.209295446715534
LoRA Land,glue_sst2,1.6144080756678634,0.7644508999507399,-0.8499571757171235
LoRA Land,glue_sst2,1.3921373074536332,1.1060759479115514,-0.2860613595420818
LoRA Land,glue_sst2,1.804351524931703,0.9945006437182982,-0.809850881213405
LoRA Land,glue_sst2,2.1532646228073515,1.4688557043738906,-0.684408918433461
LoRA Land,glue_sst2,1.887470603939928,1.3520655708874325,-0.5354050330524955
LoRA Land,glue_sst2,1.7516265657373613,1.3442771115024201,-0.4073494542349409
LoRA Land,glue_sst2,1.6020999160581932,1.5206826729743046,-0.08141724308388855
LoRA Land,glue_sst2,1.1868857560207007,1.565682586374257,0.3787968303535563
LoRA Land,glue_sst2,1.2797916803459306,1.43846895577635,0.1586772754304192
LoRA Land,glue_sst2,1.2589318786296162,2.1846970414250424,0.925765162795426
LoRA Land,glue_sst2,1.2036601430995593,2.3901675018717636,1.1865073587722041
LoRA Land,glue_sst2,1.347990193502165,2.3048639088242724,0.956873715322107
LoRA Land,glue_sst2,1.8123615836420335,2.560887550222309,0.7485259665802759
LoRA Land,glue_sst2,1.8973742462768566,2.7541321104839414,0.8567578642070852
LoRA Land,glue_sst2,1.6015911678610701,2.0258891582221,0.4242979903610299
LoRA Land,glue_sst2,1.7899643332764308,2.3622729342768,0.5723086010003691
LoRA Land,glue_sst2,1.713458717309687,1.972472559149335,0.25901384183964793
LoRA Land,glue_sst2,1.6673695317669055,2.4033043723477236,0.7359348405808183
LoRA Land,glue_sst2,1.6800594635236752,2.2502188925871085,0.5701594290634336
LoRA Land,glue_sst2,1.6508923212818687,2.2502188925871085,0.59932657130524
LoRA Land,glue_sst2,1.2640863091619903,2.390524080685306,1.1264377715233158
LoRA Land,glue_sst2,1.7052730185276856,2.390524080685306,0.6852510621576205
LoRA Land,glue_sst2,1.53293134578741,2.2826126095882397,0.7496812638008296
LoRA Land,glue_sst2,1.434380547689099,2.781900370119208,1.3475198224301093
LoRA Land,glue_sst2,1.8804657902179382,3.240979402224669,1.3605136120067307
LoRA Land,glue_sst2,1.582226746857405,2.7724596311622554,1.1902328843048506
LoRA Land,glue_sst2,1.6416904452419183,2.1112371553949933,0.46954671015307503
LoRA Land,glue_sst2,1.6346574042942748,3.4703209623613454,1.8356635580670708
LoRA Land,glue_sst2,1.8754931517495035,2.4858952695772745,0.6104021178277708
LoRA Land,glue_sst2,1.8266191766656081,1.9035473662998548,0.07692818963424672
LoRA Land,glue_sst2,1.9131362529998164,2.2691826460656017,0.35604639306578534
LoRA Land,glue_sst2,0.7140962945268036,2.485128966455594,1.7710326719287903
LoRA Land,glue_sst2,1.536238474561345,3.914719149200382,2.3784806746390372
LoRA Land,glue_sst2,1.6241284181449749,2.9675131389211105,1.3433847207761354
LoRA Land,glue_sst2,2.1032528750499466,2.8039392594851673,0.7006863844352204
LoRA Land,glue_sst2,0.47210397629658024,2.678414056351976,2.2063100800553954
LoRA Land,glue_sst2,0.4659842581859391,4.177502302141813,3.711518043955874
LoRA Land,glue_sst2,0.4992686336155467,2.861468333885504,2.3621997002699575
LoRA Land,glue_sst2,1.673384741760326,2.55702335112303,0.8836386093627034
LoRA Land,glue_sst2,2.206288003643542,2.6018313761783896,0.39554337253484717
LoRA Land,glue_sst2,1.3826196132795159,1.8816444751189723,0.4990248618394564
LoRA Land,glue_sst2,1.128820242733063,3.1910195832805974,2.0621993405475347
LoRA Land,glue_sst2,1.3551754793038768,3.1910195832805974,1.8358441039767208
LoRA Land,glue_sst2,0.9819771711327897,3.3266217603006756,2.3446445891678858
LoRA Land,glue_sst2,0.591869371934784,2.047173912953609,1.4553045410188252
LoRA Land,glue_sst2,0.8741734902562451,2.8950495177174584,2.020876027461213
LoRA Land,glue_sst2,-0.1613074140174383,2.4040955793805785,2.565402993398017
LoRA Land,glue_sst2,-0.482257131398699,2.192175651524583,2.674432782923282
LoRA Land,gsm8k,-1.9441331190594917,-1.4587227414925215,0.4854103775669703
LoRA Land,gsm8k,-0.6624776662403712,-1.6260187496074316,-0.9635410833670603
LoRA Land,gsm8k,-0.6963079520737125,-1.624818137450521,-0.9285101853768084
LoRA Land,gsm8k,-0.7400982035840272,-1.6498727521110388,-0.9097745485270116
LoRA Land,gsm8k,-0.5757477501699401,-1.4677556584827858,-0.8920079083128455
LoRA Land,gsm8k,-0.41779531642677536,-1.196297172562398,-0.7785018561356225
LoRA Land,gsm8k,-0.10783859180805161,-0.9556274628801604,-0.8477888710721087
LoRA Land,gsm8k,0.1287054730289666,-0.6308666683667106,-0.7595721413956772
LoRA Land,gsm8k,0.2096009662536758,-0.6244652371863862,-0.8340662034400621
LoRA Land,gsm8k,0.36844469929700807,-0.56441843675599,-0.9328631360529981
LoRA Land,gsm8k,0.5323180977734178,-0.565982997012599,-1.0983010947860168
LoRA Land,gsm8k,0.5451500632487979,-0.5262967133683563,-1.0714467766171543
LoRA Land,gsm8k,0.6005208646107869,-0.4670294585912472,-1.0675503232020342
LoRA Land,gsm8k,0.5300965963323014,-0.4670294585912472,-0.9971260549235488
LoRA Land,gsm8k,0.5189453303991548,-0.3749453331750072,-0.893890663574162
LoRA Land,gsm8k,0.590493940310342,-0.22958475581182683,-0.8200786961221688
LoRA Land,gsm8k,0.5450419076379491,-0.2524469767393422,-0.7974888843772913
LoRA Land,gsm8k,0.5949607924582039,-0.22265454345215735,-0.8176153359103612
LoRA Land,gsm8k,0.6216626557407394,-0.137133240461745,-0.7587958962024846
LoRA Land,gsm8k,0.6113047429242169,-0.013314151153747482,-0.6246188940779644
LoRA Land,gsm8k,0.6347123785137861,0.2094901962870037,-0.42522218222678276
LoRA Land,gsm8k,0.6878535881962419,0.2094901962870037,-0.47836339190923843
LoRA Land,gsm8k,0.6698586185907097,0.25251485802514384,-0.41734376056556594
LoRA Land,gsm8k,0.7535180362323076,0.5569030359684574,-0.19661500026385031
LoRA Land,gsm8k,0.7151325069931934,0.7275882538201711,0.012455746826977698
LoRA Land,gsm8k,0.7485721389943082,0.7275882538201711,-0.02098388517413707
LoRA Land,gsm8k,0.7246656390116075,0.639751763899569,-0.08491387511203843
LoRA Land,gsm8k,0.7164438956110619,0.639751763899569,-0.07669213171149293
LoRA Land,gsm8k,0.7621529873633951,0.8303107319480943,0.0681577445846991
LoRA Land,gsm8k,0.7095712996831888,0.8418475315302504,0.13227623184706164
LoRA Land,gsm8k,0.7142824025384372,0.938373013701795,0.22409061116335785
LoRA Land,gsm8k,0.6911162967248082,1.0768131283925995,0.3856968316677914
LoRA Land,gsm8k,0.7863577634377438,1.2177218141646,0.4313640507268563
LoRA Land,gsm8k,0.8574622534692037,1.481797613957415,0.6243353604882114
LoRA Land,gsm8k,0.8390205616401814,1.677717724145245,0.8386971625050638
LoRA Land,gsm8k,0.8999956940925025,1.759838622797931,0.8598429287054288
LoRA Land,gsm8k,0.8257764479630426,1.9055335267223859,1.0797570787593433
LoRA Land,gsm8k,0.8558323613191343,1.838070446931611,0.9822380856124767
LoRA Land,gsm8k,0.8175045435932995,1.9217670717873525,1.104262528194053
LoRA Land,gsm8k,0.9022935201898269,1.879606914915386,0.9773133947255592
LoRA Land,gsm8k,0.8111916136251102,2.06571086089028,1.2545192472651703
LoRA Land,gsm8k,0.6488049372170316,2.0667742093934516,1.4179692721764199
LoRA Land,gsm8k,0.4544380692211861,1.8622839845708175,1.4078459153496312
LoRA Land,gsm8k,0.6409559004787782,1.7929644300361247,1.1520085295573468
LoRA Land,gsm8k,0.14521145976878083,1.3405282881211507,1.1953168283523699
LoRA Land,gsm8k,-0.3755242196943742,0.9208185729564798,1.2963427926508542
LoRA Land,hellaswag,-1.2908167028546826,-0.8354929606988879,0.45532374215579485
LoRA Land,hellaswag,0.08927077825420046,-2.00071184894744,-2.0899826272016404
LoRA Land,hellaswag,0.5253808843791636,-1.6554762176093372,-2.180857101988501
LoRA Land,hellaswag,0.9824907910316961,-0.539508445313588,-1.5219992363452841
LoRA Land,hellaswag,1.3911706807221937,-0.33754582793540117,-1.7287165086575949
LoRA Land,hellaswag,1.4782684152009435,0.004261919128698607,-1.4740064960722448
LoRA Land,hellaswag,1.6503522313939452,-0.1632003962897798,-1.813552627683725
LoRA Land,hellaswag,1.7284467614652679,-0.19408322131115613,-1.9225299827764242
LoRA Land,hellaswag,1.7319438708889976,-0.08398738426512004,-1.8159312551541178
LoRA Land,hellaswag,1.9952966848639502,-0.17111176381264664,-2.166408448676597
LoRA Land,hellaswag,1.655333526546427,0.8938432375034046,-0.7614902890430226
LoRA Land,hellaswag,1.595293694114379,0.9861619242942588,-0.6091317698201199
LoRA Land,hellaswag,1.615538255111727,1.0068732703869885,-0.6086649847247386
LoRA Land,hellaswag,1.628148314563652,1.2842242346191781,-0.3439240799444739
LoRA Land,hellaswag,1.6071804145054074,1.1508035099766505,-0.456376904528757
LoRA Land,hellaswag,1.6095578877028904,1.186758229540251,-0.4227996581626396
LoRA Land,hellaswag,1.5784131674173052,1.0680736880130173,-0.510339479404288
LoRA Land,hellaswag,1.598776005619197,1.2144828987939658,-0.38429310682523116
LoRA Land,hellaswag,1.6970628966590968,1.384460652144969,-0.31260224451412777
LoRA Land,hellaswag,1.4957596571908869,1.3642594916075383,-0.1315001655833486
LoRA Land,hellaswag,1.6317792740820696,1.3109030266938968,-0.3208762473881726
LoRA Land,hellaswag,1.4914568973382167,1.6468777670804873,0.1554208697422706
LoRA Land,hellaswag,1.8933017818606614,1.601187136257639,-0.292114645603022
LoRA Land,hellaswag,1.9891519015940327,1.601187136257639,-0.3879647653363936
LoRA Land,hellaswag,1.9848145123033607,1.792607987749823,-0.19220652455353757
LoRA Land,hellaswag,1.8645783933129287,1.792607987749823,-0.07197040556310552
LoRA Land,hellaswag,2.0985722754002287,1.9207908737280732,-0.17778140167215542
LoRA Land,hellaswag,2.2255410873944337,2.177107298432803,-0.04843378896163103
LoRA Land,hellaswag,2.1329814544585037,2.3529241656445894,0.21994271118608597
LoRA Land,hellaswag,2.207385961022162,2.3224554947335134,0.11506953371135141
LoRA Land,hellaswag,2.380051722250604,3.121535407119147,0.741483684868543
LoRA Land,hellaswag,2.082894178467548,2.8174092109840907,0.7345150325165426
LoRA Land,hellaswag,2.0730258681557445,3.0384800740258306,0.9654542058700858
LoRA Land,hellaswag,2.1563313102130937,2.291670886223369,0.1353395760102753
LoRA Land,hellaswag,1.9089179606229338,2.291670886223369,0.38275292560043483
LoRA Land,hellaswag,1.860343956450431,2.7596996644084006,0.8993557079579699
LoRA Land,hellaswag,2.1522471157538843,2.3362881880304105,0.18404107227652608
LoRA Land,hellaswag,2.0129282143463705,2.980401861919144,0.9674736475727731
LoRA Land,hellaswag,2.2076553559038667,3.5043269882580015,1.2966716323541347
LoRA Land,hellaswag,2.156709977603983,3.6553708791529584,1.4986609015489754
LoRA Land,hellaswag,2.072443536084763,3.6553708791529584,1.5829273430681954
LoRA Land,hellaswag,2.0243384869320664,3.5748206415630626,1.5504821546309961
LoRA Land,hellaswag,1.875107823891,3.0017971461996487,1.1266893223086487
LoRA Land,hellaswag,2.0887927650279146,3.0017971461996487,0.9130043811717339
LoRA Land,hellaswag,1.4705043925305354,3.9925537192725944,2.522049326742059
LoRA Land,hellaswag,1.5222946312928232,3.438804430604716,1.916509799311893
LoRA Land,hellaswag,1.4749339625576192,3.4513985581291102,1.976464595571491
LoRA Land,hellaswag,1.3917401375295888,3.3058195524145875,1.9140794148849989
LoRA Land,hellaswag,1.3437223328050893,3.260365749180081,1.9166434163749912
LoRA Land,hellaswag,1.0014211483670084,2.5311289892302407,1.5297078408632325
LoRA Land,hellaswag,0.8378598963927588,1.8201555032333443,0.9822956068405857
LoRA Land,hellaswag,0.5090095503272869,1.8325658265515712,1.3235562762242843
LoRA Land,hellaswag,0.30166021650937774,1.5609554712705707,1.2592952547611929
LoRA Land,hellaswag,0.03961399242670873,1.5022882430678752,1.4626742506411667
LoRA Land,hellaswag,-0.2788351735824993,1.9600441415127607,2.2388793150952604
LoRA Land,hellaswag,-1.3207647084248126,1.180775838511462,2.501540546936275
LoRA Land,viggo,0.19058170701732788,-0.6277737209026841,-0.8183554279200123
LoRA Land,viggo,0.37660410672469274,-0.6194832151495278,-0.9960873218742203
LoRA Land,viggo,0.3708073823739643,-0.6121168615464277,-0.9829242439203919
LoRA Land,viggo,0.4135517357005985,-0.4321372896921569,-0.8456890253927555
LoRA Land,viggo,0.3541696735952098,-0.4443524173025347,-0.7985220908977444
LoRA Land,viggo,0.4726096554141247,-0.2688923768826326,-0.7415020322967573
LoRA Land,viggo,0.6754450425443027,-0.10712784642352426,-0.7825728889678271
LoRA Land,viggo,0.7804096877018756,-0.06723233691537694,-0.8476420246172525
LoRA Land,viggo,1.035055569748709,0.0657547529315006,-0.9693008168172084
LoRA Land,viggo,1.0162892665613588,0.11460569614795495,-0.9016835704134039
LoRA Land,viggo,1.1434382271979358,0.24677984139810205,-0.8966583857998337
LoRA Land,viggo,1.1512383127992956,0.24677984139810205,-0.9044584714011935
LoRA Land,viggo,1.2557264132205261,0.34870613844121984,-0.9070202747793065
LoRA Land,viggo,1.282005354729868,0.4652734865052445,-0.8167318682246235
LoRA Land,viggo,1.2513346568652854,0.6496644435702422,-0.6016702132950432
LoRA Land,viggo,1.3590913170738905,0.7145878410206512,-0.6445034760532393
LoRA Land,viggo,1.3817921312355679,0.8148129989825496,-0.5669791322530185
LoRA Land,viggo,1.4028817499066129,0.8148129989825496,-0.5880687509240632
LoRA Land,viggo,1.4726200999495989,0.9627652217313365,-0.5098548782182625
LoRA Land,viggo,1.3914674729321324,0.97993865304691,-0.41152881988522255
LoRA Land,viggo,1.4425395975312179,1.1297599031099452,-0.31277969442127257
LoRA Land,viggo,1.4954323257389268,1.2061065358107028,-0.2893257899282241
LoRA Land,viggo,1.4388741224167512,1.3627326213342312,-0.0761415010825198
LoRA Land,viggo,1.573441942518797,1.4586754546858478,-0.1147664878329492
LoRA Land,viggo,1.5475038746260539,1.4786070488302558,-0.06889682579579812
LoRA Land,viggo,1.4174052219990205,1.4751722855171407,0.057767063518120276
LoRA Land,viggo,1.4727174142237385,1.4889901675230621,0.016272753299323695
LoRA Land,viggo,1.4724453245223863,1.600067371419213,0.12762204689682685
LoRA Land,viggo,1.4716071910552695,1.7442568322843468,0.27264964122907737
LoRA Land,viggo,1.5281983838225437,1.8597828260532412,0.33158444223069744
LoRA Land,viggo,1.4930597054403771,1.9194012942111567,0.4263415887707796
LoRA Land,viggo,1.525405328423267,1.9615921180725526,0.43618678964928576
LoRA Land,viggo,1.5364045618203235,1.8705539034993204,0.33414934167899685
LoRA Land,viggo,1.3673721261249046,1.9310970061533268,0.5637248800284222
LoRA Land,viggo,1.5605886100666604,2.0309131006138035,0.4703244905471432
LoRA Land,viggo,1.4843408824867386,2.1088992273658924,0.6245583448791537
LoRA Land,viggo,1.5626538761758468,2.3052162255447874,0.7425623493689403
LoRA Land,viggo,1.6347112203896483,2.2512118626103246,0.6165006422206761
LoRA Land,viggo,1.5507141464165473,2.40637605046501,0.8556619040484622
LoRA Land,viggo,1.3301598226525155,2.4452541857777086,1.115094363125193
LoRA Land,viggo,1.3653647088713166,2.624709505813617,1.2593447969423004
LoRA Land,viggo,1.552625119984454,2.5420213227866615,0.9893962028022073
LoRA Land,viggo,1.2337750154572018,3.0369127588154465,1.8031377433582447
LoRA Land,viggo,1.2178716546213315,3.115017829893353,1.8971461752720213
LoRA Land,viggo,1.0293147385199057,3.2605983099924067,2.2312835714725012
LoRA Land,viggo,1.0422253949057125,3.031139245814334,1.988913850908621
LoRA Land,viggo,1.059786986952991,2.932129116936959,1.872342129983968
LoRA Land,viggo,0.7563685793806931,2.747672052605635,1.9913034732249417
LoRA Land,viggo,0.5461169578596675,2.5136984163666094,1.9675814585069418
LoRA Land,viggo,0.3266868340710623,2.013802374846093,1.6871155407750307
LoRA Land,wikisql,-0.5735535678985805,-0.7262843673753717,-0.15273079947679136
LoRA Land,wikisql,-0.7023297340588819,-0.5626491945126925,0.13968053954618953
LoRA Land,wikisql,-0.9267261059901873,-0.6078854350308421,0.3188406709593452
LoRA Land,wikisql,-1.1052302375284329,-0.6615072898794032,0.44372294764902964
LoRA Land,wikisql,-1.1519528244694075,-1.265606500040056,-0.1136536755706485
LoRA Land,wikisql,-0.9674643267689575,-0.9418177819707952,0.025646544798162235
LoRA Land,wikisql,-0.6817143174303659,-0.8290140482221537,-0.14729973079178776
LoRA Land,wikisql,-0.731521618557659,-0.5377335887621694,0.19378802979548956
LoRA Land,wikisql,-0.6696653486254033,-0.5132462610627305,0.15641908756267278
LoRA Land,wikisql,-0.005698398133600852,-0.6305911210650335,-0.6248927229314325
LoRA Land,wikisql,0.21999325689316437,-0.9805611784743428,-1.200554435367507
LoRA Land,wikisql,0.07035727316138903,-1.6362831389355528,-1.7066404120969418
LoRA Land,wikisql,0.3399283920993404,-0.899218066926182,-1.2391464590255226
LoRA Land,wikisql,0.43513109912397996,-0.7448873621208952,-1.1800184612448752
LoRA Land,wikisql,0.21103315466580713,-0.27901677552073373,-0.49004993018654086
LoRA Land,wikisql,0.0780043258931565,-0.3182194242970844,-0.3962237501902409
LoRA Land,wikisql,0.29361304685786,-0.4279291286320501,-0.7215421754899102
LoRA Land,wikisql,0.19939279689702627,-0.6018082006544389,-0.8012009975514649
LoRA Land,wikisql,0.0978761466159911,-0.40924179040187497,-0.507117937017866
LoRA Land,wikisql,0.09042756133108955,-0.40924179040187497,-0.49966935173296456
LoRA Land,wikisql,0.1603869628132386,-0.2111020663686045,-0.371489029181843
LoRA Land,wikisql,0.3793149286364396,-0.19843082788854266,-0.5777457565249823
LoRA Land,wikisql,0.5528047298676223,-0.20921579219314368,-0.762020522060766
LoRA Land,wikisql,0.7573161356164491,-0.16015202090754488,-0.9174681565239939
LoRA Land,wikisql,0.8911123196768879,0.1098738378672114,-0.7812384818096764
LoRA Land,wikisql,0.6559823768438338,0.10428570402208809,-0.5516966728217456
LoRA Land,wikisql,0.6118994049052304,-0.08681510649289939,-0.6987145113981299
LoRA Land,wikisql,0.6983089963799985,-0.21365365514798385,-0.9119626515279824
LoRA Land,wikisql,0.8755163065794915,0.14176465559832357,-0.733751650981168
LoRA Land,wikisql,0.3060149487671573,0.5016221905780729,0.1956072418109155
LoRA Land,wikisql,0.23688682016015045,0.5016221905780729,0.26473537041792244
LoRA Land,wikisql,0.37272803417993183,0.3361127822546328,-0.036615251925299026
LoRA Land,wikisql,0.162101423785896,0.4407568317161124,0.27865540793021637
LoRA Land,wikisql,0.4192543456780763,0.2681992396668667,-0.15105510601120956
LoRA Land,wikisql,0.703819234290469,0.11175225763615616,-0.5920669766543128
LoRA Land,wikisql,0.8376802872606836,-0.009903569685053303,-0.8475838569457369
LoRA Land,wikisql,0.35062282020550883,0.17084713955055214,-0.1797756806549568
LoRA Land,wikisql,0.6193965789170444,-0.18636988807472307,-0.8057664669917675
LoRA Land,wikisql,0.8602024836392088,-0.29356278092780463,-1.1537652645670133
LoRA Land,wikisql,0.4508713453610546,0.11537921241670374,-0.3354921329443509
LoRA Land,wikisql,0.4297997574665852,0.24996473626993446,-0.17983502119665085
LoRA Land,wikisql,0.5785909864080544,0.7846859885172967,0.20609500210924228
LoRA Land,wikisql,0.8812561023311584,0.7106819480101852,-0.17057415432097317
LoRA Land,wikisql,0.761143047972751,1.0046871616803885,0.24354411370763734
LoRA Land,wikisql,0.48770509565104253,1.5153655542604745,1.027660458609432
LoRA Land,wikisql,0.5391325978602268,1.6367371477418502,1.0976045498816234
LoRA Land,wikisql,0.32165301347807906,2.733660726625676,2.412007713147597
LoRA Land,wikisql,-0.13048489505939181,1.1426359628528657,1.2731208579122573
LoRA Land,wikisql,-1.449128538426101,-0.20982406094780076,1.2393044774783
Lots-of-LoRAs,task0112,1.6808156529574678,1.3475769982117083,-0.3332386547457595
Lots-of-LoRAs,task0112,1.6683293090865843,2.414665263060662,0.7463359539740777
Lots-of-LoRAs,task0112,1.6847708413699731,2.909716231658776,1.2249453902888028
Lots-of-LoRAs,task0112,1.6054614830888876,3.210449508161279,1.6049880250723918
Lots-of-LoRAs,task0112,2.07480787328507,3.291517373200972,1.2167094999159018
Lots-of-LoRAs,task0112,1.7512372599038948,3.165758884600346,1.4145216246964512
Lots-of-LoRAs,task0112,1.9772836025774472,3.072952593462791,1.0956689908853439
Lots-of-LoRAs,task0112,2.7602538107877463,2.9165414867940695,0.15628767600632332
Lots-of-LoRAs,task0112,2.4963733323097195,2.7352254750717053,0.23885214276198563
Lots-of-LoRAs,task0112,2.9069625865525444,3.1687406802175695,0.2617780936650254
Lots-of-LoRAs,task0112,3.04200972504165,2.7798113641965156,-0.2621983608451344
Lots-of-LoRAs,task0112,3.028310547047434,3.1767862233057387,0.1484756762583045
Lots-of-LoRAs,task0112,2.5256018979398442,3.2794821655674298,0.7538802676275858
Lots-of-LoRAs,task0112,2.510696816791324,2.785684488068445,0.2749876712771209
Lots-of-LoRAs,task0112,2.3565206542122636,3.3978440765976563,1.0413234223853927
Lots-of-LoRAs,task0112,3.0866908268087867,3.2020700402182785,0.11537921340949156
Lots-of-LoRAs,task0112,3.2112542361930263,3.2913063514057916,0.08005211521276513
Lots-of-LoRAs,task0112,2.3678121005892923,2.964003675961812,0.5961915753725198
Lots-of-LoRAs,task0112,3.2130512188156435,3.5090695144045325,0.2960182955888891
Lots-of-LoRAs,task0112,2.584245410322806,3.4389011789381585,0.8546557686153528
Lots-of-LoRAs,task0112,2.4693311622629257,3.427365971785435,0.9580348095225093
Lots-of-LoRAs,task0112,2.8955717803606187,3.5027557731875993,0.6071839928269807
Lots-of-LoRAs,task0112,2.6949418817696316,3.208424491645167,0.5134826098755357
Lots-of-LoRAs,task0112,2.9242834573045426,3.208424491645167,0.2841410343406246
Lots-of-LoRAs,task0112,2.085111071377614,3.4202692608295795,1.3351581894519655
Lots-of-LoRAs,task0112,3.0591585983682275,3.0849957451185612,0.02583714675033349
Lots-of-LoRAs,task0112,2.7630206335408847,3.4172122248849157,0.6541915913440312
Lots-of-LoRAs,task0112,2.012515212695711,3.526193780767536,1.5136785680718252
Lots-of-LoRAs,task0112,2.4375253325056834,3.3476099823366208,0.9100846498309376
Lots-of-LoRAs,task0112,2.0433329551797654,3.3476099823366208,1.3042770271568556
Lots-of-LoRAs,task0112,1.9312818332055994,3.4281918803649525,1.496910047159353
Lots-of-LoRAs,task0112,2.5724915958268615,3.547531810352658,0.9750402145257966
Lots-of-LoRAs,task0112,2.502822072931524,3.637888331767659,1.1350662588361349
Lots-of-LoRAs,task0112,2.6758773964194273,3.5621033918574327,0.8862259954380058
Lots-of-LoRAs,task0112,2.563542501368181,3.656319786734138,1.0927772853659574
Lots-of-LoRAs,task0112,2.582092753263508,3.496619822039887,0.9145270687763792
Lots-of-LoRAs,task0112,2.6420099782356905,3.496619822039887,0.854609843804197
Lots-of-LoRAs,task0112,2.7166707494978066,3.1048634917120674,0.38819274221426103
Lots-of-LoRAs,task0112,2.7054797020638204,3.341732045036622,0.6362523429728019
Lots-of-LoRAs,task0112,2.5562681834885317,3.561664113814387,1.0053959303258557
Lots-of-LoRAs,task0112,2.932095847092311,3.5854145327491542,0.6533186856568431
Lots-of-LoRAs,task0112,2.4895921745259035,3.8618981172640976,1.3723059427381938
Lots-of-LoRAs,task0112,3.0375840089296338,3.711083491471254,0.6734994825416202
Lots-of-LoRAs,task0112,2.660900871866311,4.204486812150589,1.5435859402842775
Lots-of-LoRAs,task0112,2.9606194739884506,3.503984116567797,0.5433646425793464
Lots-of-LoRAs,task0112,2.2284099670024347,3.4842633907804146,1.2558534237779797
Lots-of-LoRAs,task0112,3.041923078366431,3.337442319585523,0.2955192412190924
Lots-of-LoRAs,task0112,2.367704299165937,3.4800651249265915,1.112360825760654
Lots-of-LoRAs,task0112,2.6358542194345924,4.177554111654306,1.5416998922197138
Lots-of-LoRAs,task0112,2.5167862088657817,4.470186065078149,1.9533998562123673
Lots-of-LoRAs,task0112,2.1948660347637174,4.140731688610455,1.9458656538467372
Lots-of-LoRAs,task0112,2.6909046219348407,4.140731688610455,1.4498270666756137
Lots-of-LoRAs,task0112,2.4375722595718963,4.423230674811493,1.9856584152395962
Lots-of-LoRAs,task0112,1.8089398925122175,4.423230674811493,2.614290782299275
Lots-of-LoRAs,task0112,2.203570955669912,4.100744809003124,1.8971738533332116
Lots-of-LoRAs,task0112,2.3187722873199954,3.4529966080000234,1.1342243206800284
Lots-of-LoRAs,task0112,1.6328970996088628,4.933297802326314,3.300400702717452
Lots-of-LoRAs,task0112,1.5906685322984981,4.407372057763028,2.8167035254645296
Lots-of-LoRAs,task0112,1.7108468040108502,3.7699307299335856,2.0590839259227356
Lots-of-LoRAs,task0112,1.6187133450532145,4.397307175993787,2.7785938309405727
Lots-of-LoRAs,task0112,1.4599542950129187,4.873928578704766,3.413974283691848
Lots-of-LoRAs,task0112,0.9929442312965063,3.335852034929224,2.3429078036327176
Lots-of-LoRAs,task0112,0.6114932790305281,3.9574932508040237,3.345999971773496
Lots-of-LoRAs,task0112,1.0767845613256408,3.780841697749895,2.704057136424254
Lots-of-LoRAs,task0112,1.3779145024145683,3.592244434590603,2.2143299321760352
Lots-of-LoRAs,task0112,1.0448649576184341,3.282016575730551,2.237151618112117
Lots-of-LoRAs,task0112,1.2291022206921602,3.375042378982282,2.1459401582901214
Lots-of-LoRAs,task0112,0.9945685493996,4.290959283585638,3.2963907341860375
Lots-of-LoRAs,task0112,0.9276022354040228,4.304877830764517,3.3772755953604943
Lots-of-LoRAs,task0112,0.5990405878341764,3.8079827355349694,3.2089421477007933
Lots-of-LoRAs,task0112,1.12363701402937,3.074073117633736,1.9504361036043656
Lots-of-LoRAs,task0112,0.18001922803069617,3.1428678176283102,2.962848589597614
Lots-of-LoRAs,task0112,-0.2769103428109166,3.281723447447865,3.5586337902587815
Lots-of-LoRAs,task0112,-0.189717083197432,3.224826516799906,3.414543599997338
Lots-of-LoRAs,task0112,-0.8514475612807723,3.8586338025071822,4.710081363787954
Lots-of-LoRAs,task0112,-0.9144686548875806,4.893208967020409,5.80767762190799
Lots-of-LoRAs,task0112,-0.45897150273555415,3.099633191276536,3.55860469401209
Lots-of-LoRAs,task0112,-1.273304438483358,3.493533235645042,4.7668376741284
Lots-of-LoRAs,task0112,-0.7964070696617183,4.376155442739867,5.172562512401584
Lots-of-LoRAs,task0112,-2.5037685120064133,3.178497035553295,5.682265547559708
Lots-of-LoRAs,task0112,-3.3042581552354746,2.812370496766494,6.116628652001968
Lots-of-LoRAs,task0112,-2.8984416757238147,3.274249786620248,6.172691462344063
Lots-of-LoRAs,task0112,-2.827325565762008,2.948424213293528,5.775749779055536
Lots-of-LoRAs,task0112,-4.114221432586799,2.8480281903155005,6.962249622902299
Lots-of-LoRAs,task0149,-4.9323079120177065,-3.997090178982719,0.9352177330349876
Lots-of-LoRAs,task0149,-4.209293363886158,-3.429244460635892,0.7800489032502663
Lots-of-LoRAs,task0149,-0.7764002339089344,-0.22637930695931152,0.5500209269496228
Lots-of-LoRAs,task0149,-0.6246103704713246,-0.10831693285170921,0.5162934376196155
Lots-of-LoRAs,task0149,-0.8726525917090308,-0.04781741724788922,0.8248351744611415
Lots-of-LoRAs,task0149,-0.9537473737945911,-0.027163991526198722,0.9265833822683924
Lots-of-LoRAs,task0149,-0.9535493592902151,0.09077618498115643,1.0443255442713715
Lots-of-LoRAs,task0149,-0.6973271540183845,0.30656924516482775,1.0038963991832124
Lots-of-LoRAs,task0149,-1.0472258484000794,0.30550633226080376,1.352732180660883
Lots-of-LoRAs,task0149,-0.9922532717786159,0.16937707805416571,1.1616303498327816
Lots-of-LoRAs,task0149,-0.9000048868277771,0.4200030629943613,1.3200079498221386
Lots-of-LoRAs,task0149,-0.6169678124634004,0.18940455871077322,0.8063723711741736
Lots-of-LoRAs,task0149,-0.7722580573977763,0.13488818036293646,0.9071462377607128
Lots-of-LoRAs,task0149,-0.7056792445036005,0.13488818036293646,0.8405674248665369
Lots-of-LoRAs,task0149,-0.9147781016845684,0.26710431867560236,1.1818824203601708
Lots-of-LoRAs,task0149,-0.8859181323497867,0.084481268766124,0.9703994011159104
Lots-of-LoRAs,task0149,-0.9606917223564424,0.07293467554847761,1.03362639790492
Lots-of-LoRAs,task0149,-0.9839999673238566,0.25985215479825785,1.2438521221221146
Lots-of-LoRAs,task0149,-0.9736396312355806,0.3327515959798501,1.3063912272154306
Lots-of-LoRAs,task0149,-0.8703430213745426,0.23911361216737562,1.1094566335419183
Lots-of-LoRAs,task0149,-0.9197907284051496,0.14458524665654124,1.0643759750616908
Lots-of-LoRAs,task0149,-0.9572342243186619,0.14458524665654124,1.101819470975203
Lots-of-LoRAs,task0149,-1.1200008150976293,0.3316157667564344,1.4516165818540636
Lots-of-LoRAs,task0149,-0.587947022778169,0.3316157667564344,0.9195627895346035
Lots-of-LoRAs,task0149,-0.720878305691763,0.788543647321373,1.5094219530131359
Lots-of-LoRAs,task0149,-0.9212507787280323,0.5540191928891235,1.4752699716171558
Lots-of-LoRAs,task0149,-0.3795948507841023,0.77389796225363,1.1534928130377322
Lots-of-LoRAs,task0149,-0.4376254034527613,0.5431495754829712,0.9807749789357324
Lots-of-LoRAs,task0149,-0.7593961427522544,0.6226658998356144,1.3820620425878687
Lots-of-LoRAs,task0149,-1.1872159256618031,0.6226658998356144,1.8098818254974176
Lots-of-LoRAs,task0149,-0.8196060156906443,1.1677404906053444,1.9873465062959887
Lots-of-LoRAs,task0149,-0.8654433501827125,1.1677404906053444,2.0331838407880567
Lots-of-LoRAs,task0149,-1.269849135928746,1.0605899829408565,2.3304391188696023
Lots-of-LoRAs,task0149,-1.3148622424366403,1.0206293864299483,2.3354916288665883
Lots-of-LoRAs,task0149,-0.9889552260732524,1.1327985849601154,2.121753811033368
Lots-of-LoRAs,task0149,-1.3905431366009653,1.0745454560348353,2.4650885926358006
Lots-of-LoRAs,task0149,-1.428214878269447,1.184161731705733,2.6123766099751804
Lots-of-LoRAs,task0149,-1.053353214219968,1.264035513610189,2.317388727830157
Lots-of-LoRAs,task0149,-1.185719205195788,1.170110099244372,2.35582930444016
Lots-of-LoRAs,task0149,-0.8219362984479471,1.1054716496966075,1.9274079481445545
Lots-of-LoRAs,task0149,-1.0464924399305675,1.4126683498397654,2.459160789770333
Lots-of-LoRAs,task0149,-1.0538089667133415,1.4896327851292366,2.543441751842578
Lots-of-LoRAs,task0149,-1.1241263201241762,2.1092380714390564,3.2333643915632324
Lots-of-LoRAs,task0149,-1.1173947404600548,1.8788784239848861,2.9962731644449407
Lots-of-LoRAs,task0149,-0.6042077280661011,1.5458904124887856,2.1500981405548867
Lots-of-LoRAs,task0149,-1.1757475724456794,1.8246450988524738,3.0003926712981532
Lots-of-LoRAs,task0149,-0.4055465499047894,2.666643449514791,3.0721899994195807
Lots-of-LoRAs,task0149,-0.9365759808185975,1.507102662588105,2.4436786434067024
Lots-of-LoRAs,task0149,-0.43849377368662207,1.753675598408557,2.192169372095179
Lots-of-LoRAs,task0149,-0.488155088855981,1.753675598408557,2.241830687264538
Lots-of-LoRAs,task0149,0.32331047988368966,2.410470471662525,2.0871599917788353
Lots-of-LoRAs,task0149,0.4048174044394164,2.465095270124125,2.060277865684709
Lots-of-LoRAs,task0149,0.12122517781363813,2.5937321692654756,2.472506991451837
Lots-of-LoRAs,task0149,0.20760798905856437,2.669349635118327,2.461741646059762
Lots-of-LoRAs,task0149,0.16356538065782097,2.4376648781596715,2.2740994975018505
Lots-of-LoRAs,task0149,-0.0012227419798932963,2.4018896472471787,2.403112389227072
Lots-of-LoRAs,task0149,-0.085376345361983,2.389847230158662,2.475223575520645
Lots-of-LoRAs,task0149,0.17654579009191043,2.1893266197197225,2.012780829627812
Lots-of-LoRAs,task0149,-0.09280953887978036,2.339577209693031,2.4323867485728115
Lots-of-LoRAs,task0149,-0.19530966255543764,2.098706437837797,2.2940161003932347
Lots-of-LoRAs,task0149,0.18048171794766235,2.1809721251152463,2.000490407167584
Lots-of-LoRAs,task0149,1.318778573517385,2.4856863158547666,1.1669077423373815
Lots-of-LoRAs,task0149,-0.013161710429006844,2.2561076661323836,2.2692693765613905
Lots-of-LoRAs,task0149,0.08684598019009473,2.247548089977996,2.1607021097879016
Lots-of-LoRAs,task0149,-0.39061025199588945,2.6371492968355477,3.0277595488314373
Lots-of-LoRAs,task0149,-0.6069935315491135,2.863996663002087,3.4709901945512005
Lots-of-LoRAs,task0149,-0.49017017089486686,2.561748619160324,3.0519187900551907
Lots-of-LoRAs,task0149,-0.48978136712484033,2.579958341932807,3.0697397090576475
Lots-of-LoRAs,task0149,-0.4392009488340646,2.7465669726657502,3.185767921499815
Lots-of-LoRAs,task0149,-0.9550879194994678,3.89119851766959,4.846286437169058
Lots-of-LoRAs,task0149,-0.695341570958594,2.7478891147555955,3.4432306857141897
Lots-of-LoRAs,task0149,-1.2289024376193027,4.336946372129643,5.565848809748946
Lots-of-LoRAs,task0149,-1.2662585153803887,2.3201165899004756,3.5863751052808643
Lots-of-LoRAs,task0149,-1.2933494919833273,3.320692171189206,4.614041663172533
Lots-of-LoRAs,task0149,-1.8882924764493019,3.6266114155202467,5.514903891969548
Lots-of-LoRAs,task0149,-2.9675956301911905,3.2771140620926236,6.244709692283814
Lots-of-LoRAs,task0149,-2.7168521240678585,2.9620089808916323,5.67886110495949
Lots-of-LoRAs,task0149,-2.4993321349158246,3.1644447824499746,5.6637769173658
Lots-of-LoRAs,task0149,-2.8604758105866837,1.8139804889653148,4.6744562995519985
Lots-of-LoRAs,task0149,-2.968698696093374,2.130173561614698,5.098872257708072
Lots-of-LoRAs,task0149,-3.2260539578118017,2.565467295711724,5.791521253523525
Lots-of-LoRAs,task0149,-3.890071954015708,2.621753926803311,6.5118258808190195
Lots-of-LoRAs,task0223,-3.4501425107632704,-3.0375110810827737,0.4126314296804967
Lots-of-LoRAs,task0223,-3.3806882933645603,-3.0531674930922117,0.3275208002723489
Lots-of-LoRAs,task0223,-3.325435230075737,-3.1558064658148957,0.16962876426084092
Lots-of-LoRAs,task0223,-3.103453807457028,-2.843810577632791,0.25964322982423726
Lots-of-LoRAs,task0223,-3.00794939544174,-2.696916527094936,0.3110328683468038
Lots-of-LoRAs,task0223,-2.91820760191456,-2.6900856220335774,0.22812197988098276
Lots-of-LoRAs,task0223,-2.8167206115405925,-2.651671263277621,0.16504934826297188
Lots-of-LoRAs,task0223,-2.5896133475021976,-2.6580988368110616,-0.06848548930886444
Lots-of-LoRAs,task0223,-2.5188920086961697,-2.6082953418694075,-0.08940333317323772
Lots-of-LoRAs,task0223,-2.5361231323723206,-2.6194264912003153,-0.08330335882799465
Lots-of-LoRAs,task0223,-2.547397128317274,-2.5364342735077057,0.0109628548095686
Lots-of-LoRAs,task0223,-2.5396156115504183,-2.439322670130639,0.10029294141977896
Lots-of-LoRAs,task0223,-2.3569855748045647,-2.3596384373922303,-0.002652862587665723
Lots-of-LoRAs,task0223,-2.2836317986772072,-2.2640615819098233,0.019570216767384074
Lots-of-LoRAs,task0223,-2.203210410960467,-2.1331971431771883,0.07001326778327865
Lots-of-LoRAs,task0223,-2.08491371117603,-2.1591538539716275,-0.07424014279559782
Lots-of-LoRAs,task0223,-2.0268318032580335,-2.1025170801694566,-0.07568527691142357
Lots-of-LoRAs,task0223,-1.966852604725658,-1.9809514774285961,-0.01409887270293822
Lots-of-LoRAs,task0223,-2.0065199536652742,-1.8663589336775384,0.14016101998773567
Lots-of-LoRAs,task0223,-1.8665792880970322,-1.7605891130506175,0.10599017504641484
Lots-of-LoRAs,task0223,-1.7208752589047607,-1.6200992776249468,0.10077598127981405
Lots-of-LoRAs,task0223,-1.5883698425070347,-1.5449430703568372,0.04342677215019742
Lots-of-LoRAs,task0223,-1.6814822395577118,-1.5530293129802395,0.12845292657747237
Lots-of-LoRAs,task0223,-1.566664147806747,-1.550354216264876,0.016309931541870853
Lots-of-LoRAs,task0223,-1.4730950729746757,-1.5450867286663141,-0.0719916556916384
Lots-of-LoRAs,task0223,-1.3209087209844668,-1.553773950309974,-0.23286522932550693
Lots-of-LoRAs,task0223,-1.1754016790570327,-1.5729687932249574,-0.3975671141679248
Lots-of-LoRAs,task0223,-0.9612072676699119,-1.5396894020659406,-0.5784821343960286
Lots-of-LoRAs,task0223,-0.9137742965881805,-1.3792024297698842,-0.46542813318170373
Lots-of-LoRAs,task0223,-0.8922161581319134,-1.295802276407807,-0.4035861182758938
Lots-of-LoRAs,task0223,-0.8360882526236137,-1.1606376838589672,-0.3245494312353532
Lots-of-LoRAs,task0223,-0.8023279142782248,-1.0835494950693272,-0.28122158079110243
Lots-of-LoRAs,task0223,-0.6332865442127404,-0.9365941129628939,-0.3033075687501533
Lots-of-LoRAs,task0223,-0.5839589752293356,-0.8231454614668544,-0.23918648623751895
Lots-of-LoRAs,task0223,-0.5068335381644953,-0.7982510566114731,-0.29141751844697783
Lots-of-LoRAs,task0223,-0.550113339929291,-0.7298826508951144,-0.1797693109658234
Lots-of-LoRAs,task0223,-0.4524933856026121,-0.7259610434306062,-0.27346765782799426
Lots-of-LoRAs,task0223,-0.4464439102101213,-0.8054471734950464,-0.35900326328492527
Lots-of-LoRAs,task0223,-0.3276800612603567,-0.8125147156323652,-0.48483465437200846
Lots-of-LoRAs,task0223,-0.3762288550638921,-0.8565403027935021,-0.48031144772961
Lots-of-LoRAs,task0223,-0.3369265565077776,-0.751904874978485,-0.41497831847070743
Lots-of-LoRAs,task0223,-0.33112858465273765,-0.6923574139302728,-0.36122882927753525
Lots-of-LoRAs,task0223,-0.29155949194563985,-0.6506449806579431,-0.35908548871230317
Lots-of-LoRAs,task0223,-0.28426961665738537,-0.5472537733527618,-0.26298415669537645
Lots-of-LoRAs,task0223,-0.23843449464169417,-0.5620224047686199,-0.3235879101269257
Lots-of-LoRAs,task0223,-0.10079271174094842,-0.4643283731794043,-0.36353566143845595
Lots-of-LoRAs,task0223,-0.10310852064548216,-0.4495737785461049,-0.3464652579006226
Lots-of-LoRAs,task0223,-0.11606402414381214,-0.5104078068330977,-0.3943437826892856
Lots-of-LoRAs,task0223,-0.176207515418182,-0.5988248109922674,-0.4226172955740854
Lots-of-LoRAs,task0223,0.15275584239636375,-0.5612622373887471,-0.7140180797851109
Lots-of-LoRAs,task0223,-9.346689482500498e-05,-0.5158740731177018,-0.5157806062228768
Lots-of-LoRAs,task0223,0.13099222897207186,-0.44843085882940364,-0.5794230878014758
Lots-of-LoRAs,task0223,0.07119040569148685,-0.23497777336728284,-0.3061681790587697
Lots-of-LoRAs,task0223,-0.07042113332430466,-0.0799018175368094,-0.009480684212504873
Lots-of-LoRAs,task0223,-0.016807390928197583,-0.22579747644073117,-0.20899008551253354
Lots-of-LoRAs,task0223,0.09568279044213775,-0.06457690464565606,-0.1602596950877937
Lots-of-LoRAs,task0223,0.13453374918932678,0.2624466921455978,0.1279129429562708
Lots-of-LoRAs,task0223,0.24355419405037942,0.06342011928352588,-0.18013407476685364
Lots-of-LoRAs,task0223,0.5550288346351274,0.1108000982056492,-0.4442287364294783
Lots-of-LoRAs,task0223,0.6473280238310068,0.2832566018927749,-0.36407142193823194
Lots-of-LoRAs,task0223,0.7034935041041678,0.5836786171935894,-0.11981488691057836
Lots-of-LoRAs,task0223,0.3679742739740558,0.6864358603625861,0.31846158638853
Lots-of-LoRAs,task0223,0.526559593222543,0.5534287281536935,0.026869134931150625
Lots-of-LoRAs,task0223,1.0465524149147287,0.5928944769318687,-0.45365793798286
Lots-of-LoRAs,task0223,0.6053303908919495,0.7763963338221728,0.17106594293022329
Lots-of-LoRAs,task0223,0.548418517710433,1.1528613907961665,0.6044428730857335
Lots-of-LoRAs,task0223,1.0517864050681602,1.401598804892024,0.3498123998238638
Lots-of-LoRAs,task0223,0.6003584015839335,1.7712407424097405,1.170882340825807
Lots-of-LoRAs,task0223,0.4785163477892694,1.7304593543935458,1.2519430066042765
Lots-of-LoRAs,task0223,0.10998057571216507,2.0245442861242875,1.9145637104121223
Lots-of-LoRAs,task0223,0.018121088530813647,1.6637538571688424,1.645632768638029
Lots-of-LoRAs,task0223,0.36373762641973423,2.0417620598292716,1.6780244334095373
Lots-of-LoRAs,task0223,0.04372532389458686,2.3178862384859773,2.2741609145913904
Lots-of-LoRAs,task0223,0.04780301132784149,2.213039178475264,2.1652361671474227
Lots-of-LoRAs,task0223,-0.21059331071814888,2.5910613262761166,2.8016546369942654
Lots-of-LoRAs,task0223,-0.38224288538821544,2.523231801529452,2.9054746869176675
Lots-of-LoRAs,task0223,0.20391420993188739,2.850372696348142,2.646458486416255
Lots-of-LoRAs,task0223,0.10678794895326346,2.842547898390352,2.7357599494370883
Lots-of-LoRAs,task0223,-0.27599173416888984,2.455509507019329,2.7315012411882185
Lots-of-LoRAs,task0223,0.7005525920695663,2.493025572172396,1.7924729801028296
Lots-of-LoRAs,task0223,-0.2726080184292281,1.5793142293482294,1.8519222477774577
Lots-of-LoRAs,task0223,-1.5174221305792421,1.5310305069245038,3.048452637503746
Lots-of-LoRAs,task0260,-0.39506469364848723,-0.9632970198412177,-0.5682323261927305
Lots-of-LoRAs,task0260,0.33346951268591585,-0.2533575963596341,-0.5868271090455499
Lots-of-LoRAs,task0260,0.4173904158621084,-0.21329629471225878,-0.630686710574367
Lots-of-LoRAs,task0260,0.5355357159881741,-0.02502451601640894,-0.560560232004583
Lots-of-LoRAs,task0260,0.601034527785934,0.0966466070280758,-0.5043879207578582
Lots-of-LoRAs,task0260,0.6490372196068959,0.1143742594920486,-0.5346629601148475
Lots-of-LoRAs,task0260,0.6186326210709918,0.17146156889421774,-0.44717105217677405
Lots-of-LoRAs,task0260,0.6294757054971322,0.2845037953962457,-0.34497191010088624
Lots-of-LoRAs,task0260,0.715839896189468,0.3722958698037773,-0.34354402638569065
Lots-of-LoRAs,task0260,0.698741967512631,0.4932091403445644,-0.20553282716806642
Lots-of-LoRAs,task0260,0.6896973831725157,0.4932091403445644,-0.1964882428279513
Lots-of-LoRAs,task0260,0.638501618875454,0.5888502477619978,-0.04965137111345605
Lots-of-LoRAs,task0260,0.6993021640714093,0.6541678504305286,-0.04513431364088086
Lots-of-LoRAs,task0260,0.7022286624772152,0.6478434423821726,-0.054385220095042736
Lots-of-LoRAs,task0260,0.7482825488193273,0.7274653596544227,-0.020817189164904614
Lots-of-LoRAs,task0260,0.7170116403636416,0.7274653596544227,0.010453719290781144
Lots-of-LoRAs,task0260,0.7188622635329127,0.8433884914187759,0.12452622788586305
Lots-of-LoRAs,task0260,0.8021718166272295,1.0010272030683955,0.19885538644116585
Lots-of-LoRAs,task0260,0.7420603136329363,1.0010272030683955,0.25896688943545915
Lots-of-LoRAs,task0260,0.6987475030544719,1.0331072731313533,0.33435977007688145
Lots-of-LoRAs,task0260,0.7949891709365121,1.1115589478993382,0.31656977696282607
Lots-of-LoRAs,task0260,0.881520071091281,1.2122570425914074,0.3307369715001262
Lots-of-LoRAs,task0260,0.9728485741779774,1.3082024294230623,0.33535385524508504
Lots-of-LoRAs,task0260,1.0064955869619334,1.3988889494465206,0.39239336248458706
Lots-of-LoRAs,task0260,0.9855240010329678,1.41138654201213,0.42586254097916226
Lots-of-LoRAs,task0260,0.9659162517622133,1.4767057589262418,0.5107895071640286
Lots-of-LoRAs,task0260,0.9876663304331376,1.4695735933909493,0.4819072629578117
Lots-of-LoRAs,task0260,0.9577065171030397,1.5852106848508605,0.627504167747821
Lots-of-LoRAs,task0260,0.9635218987915956,1.6317256354668008,0.6682037366752056
Lots-of-LoRAs,task0260,0.9805497301222095,1.687585292337901,0.7070355622156915
Lots-of-LoRAs,task0260,1.056106201610838,1.7596238970282336,0.7035176954173957
Lots-of-LoRAs,task0260,1.0909523147088045,1.7596238970282336,0.6686715823194291
Lots-of-LoRAs,task0260,0.9910229434558495,1.7396824333608598,0.7486594899050102
Lots-of-LoRAs,task0260,1.0617619133496554,1.8216528990597598,0.7598909857101046
Lots-of-LoRAs,task0260,1.238770747964235,1.8767067832778637,0.6379360353136287
Lots-of-LoRAs,task0260,1.0945931079809963,1.8169080402955389,0.7223149323145425
Lots-of-LoRAs,task0260,1.0830883402940912,1.8732934545981177,0.7902051143040265
Lots-of-LoRAs,task0260,1.1879316443179,1.9985396771388324,0.8106080328209325
Lots-of-LoRAs,task0260,1.163609702298659,2.109086846982966,0.9454771446843072
Lots-of-LoRAs,task0260,1.1230046542572243,2.0843190893877,0.961314435130476
Lots-of-LoRAs,task0260,1.194019549288741,2.2417059454765247,1.0476863961877836
Lots-of-LoRAs,task0260,1.1510321188863597,2.315774046160777,1.1647419272744173
Lots-of-LoRAs,task0260,1.1803425199738968,2.263572557959552,1.0832300379856552
Lots-of-LoRAs,task0260,1.1228585220934768,2.485826640469632,1.362968118376155
Lots-of-LoRAs,task0260,1.2918636380430804,2.410837877177885,1.1189742391348048
Lots-of-LoRAs,task0260,1.187264969593498,2.410837877177885,1.2235729075843869
Lots-of-LoRAs,task0260,1.1456383884768724,2.5335146167589144,1.387876228282042
Lots-of-LoRAs,task0260,1.170366024225435,2.711641871394197,1.5412758471687622
Lots-of-LoRAs,task0260,1.173443256022053,2.6147597736043684,1.4413165175823153
Lots-of-LoRAs,task0260,1.1035547512986188,2.7842453392862363,1.6806905879876175
Lots-of-LoRAs,task0260,1.2059517890715055,2.900930009073708,1.6949782200022023
Lots-of-LoRAs,task0260,1.3506167325001022,2.7447118655694784,1.3940951330693763
Lots-of-LoRAs,task0260,1.1994588282121954,2.772771514892316,1.5733126866801206
Lots-of-LoRAs,task0260,1.4365707337502165,2.8916588818181777,1.455088148067961
Lots-of-LoRAs,task0260,1.375259467010316,2.8738347679033143,1.4985753008929983
Lots-of-LoRAs,task0260,1.4260345246876847,2.850793678771391,1.4247591540837063
Lots-of-LoRAs,task0260,1.4062993439355393,2.972629501775801,1.5663301578402615
Lots-of-LoRAs,task0260,1.2316603370322334,3.0649919829523897,1.8333316459201563
Lots-of-LoRAs,task0260,1.3293223500337805,3.0488459640588883,1.7195236140251076
Lots-of-LoRAs,task0260,1.4232317020944523,3.054143066977554,1.630911364883102
Lots-of-LoRAs,task0260,1.2821612736736299,3.1262271695841024,1.8440658959104725
Lots-of-LoRAs,task0260,1.4221634521079431,3.177148344315433,1.7549848922074898
Lots-of-LoRAs,task0260,1.3703873349940456,3.193325156341163,1.8229378213471172
Lots-of-LoRAs,task0260,1.2978302887233821,3.276068137497191,1.9782378487738086
Lots-of-LoRAs,task0260,1.3267204472289484,3.20757967568427,1.8808592284553212
Lots-of-LoRAs,task0260,1.2858183359571973,3.3690278501365913,2.083209514179394
Lots-of-LoRAs,task0260,1.3273907295427145,3.332979640954999,2.0055889114122847
Lots-of-LoRAs,task0260,1.2187037227208695,3.2513387657222395,2.03263504300137
Lots-of-LoRAs,task0260,1.189431034536738,3.1292975789358324,1.9398665443990943
Lots-of-LoRAs,task0260,1.198964916591157,3.4239265167579913,2.2249616001668344
Lots-of-LoRAs,task0260,1.1884669070644225,3.2811634761656667,2.092696569101244
Lots-of-LoRAs,task0260,1.0143162912543622,3.313423798670803,2.299107507416441
Lots-of-LoRAs,task0260,1.151553606252527,3.5233538688252124,2.3718002625726857
Lots-of-LoRAs,task0260,1.084753836169227,3.541923428922503,2.4571695927532757
Lots-of-LoRAs,task0260,1.067984635656278,3.407592855449387,2.339608219793109
Lots-of-LoRAs,task0260,0.8430673249221555,3.3740626544453884,2.5309953295232326
Lots-of-LoRAs,task0260,0.8727188886767444,3.314685517548218,2.4419666288714734
Lots-of-LoRAs,task0260,0.7649668869038544,3.3769553304971263,2.611988443593272
Lots-of-LoRAs,task0260,0.48490516386259563,2.9189746150435276,2.434069451180932
Lots-of-LoRAs,task0260,0.043999929239470464,2.6308469111261785,2.586846981886708
Lots-of-LoRAs,task0260,-0.9190522559531622,2.1556754969256455,3.074727752878808
Lots-of-LoRAs,task0297,-0.3889946380061005,-3.127573311325927,-2.738578673319827
Lots-of-LoRAs,task0297,0.1477876170045347,1.1668495668610754,1.0190619498565407
Lots-of-LoRAs,task0297,0.11428861302267689,1.0917052222103867,0.9774166091877099
Lots-of-LoRAs,task0297,0.05802852000134882,0.7206698842489796,0.6626413642476308
Lots-of-LoRAs,task0297,0.05441239980896342,0.877551139166037,0.8231387393570735
Lots-of-LoRAs,task0297,-0.04543032434305749,0.8819322825969449,0.9273626069400024
Lots-of-LoRAs,task0297,0.06182971649966325,0.7723514061767967,0.7105216896771335
Lots-of-LoRAs,task0297,-0.16732049894175735,0.483960199605096,0.6512806985468534
Lots-of-LoRAs,task0297,-0.21721211218734332,0.3741885003345848,0.591400612521928
Lots-of-LoRAs,task0297,-0.10411289880526857,0.45893210707324017,0.5630450058785087
Lots-of-LoRAs,task0297,-0.242035670740581,0.3484954361527837,0.5905311068933646
Lots-of-LoRAs,task0297,-0.28339510896767195,0.3655473905142213,0.6489424994818933
Lots-of-LoRAs,task0297,-0.31742510461091134,0.5470154312911514,0.8644405359020627
Lots-of-LoRAs,task0297,-0.09631700689037168,0.46280378875798667,0.5591207956483584
Lots-of-LoRAs,task0297,-0.1301954790986872,0.5496124456078781,0.6798079247065654
Lots-of-LoRAs,task0297,-0.2517115004530313,0.43408781437269894,0.6857993148257303
Lots-of-LoRAs,task0297,-0.2686641520282187,0.3667834155439039,0.6354475675721226
Lots-of-LoRAs,task0297,-0.3024030580027242,0.6021503780983274,0.9045534361010515
Lots-of-LoRAs,task0297,-0.2081186800066024,0.5987150025893874,0.80683368259599
Lots-of-LoRAs,task0297,-0.2129785986733624,0.5706455883889175,0.7836241870622799
Lots-of-LoRAs,task0297,-0.23259740299184842,0.672606258262272,0.9052036612541202
Lots-of-LoRAs,task0297,-0.2894606077454476,0.7360843098011072,1.0255449175465547
Lots-of-LoRAs,task0297,-0.31074232821140846,0.9084629578110253,1.2192052860224336
Lots-of-LoRAs,task0297,-0.05239516716028728,1.0107026416337574,1.0630978087940446
Lots-of-LoRAs,task0297,0.10291770911010091,1.299773929033784,1.1968562199236827
Lots-of-LoRAs,task0297,-0.12530318568810545,1.2741771080127362,1.3994802937008415
Lots-of-LoRAs,task0297,-0.1649391108267417,1.1966897817468822,1.361628892573624
Lots-of-LoRAs,task0297,0.0157814702038109,1.1946914042053145,1.1789099340015032
Lots-of-LoRAs,task0297,0.1985224466015081,1.5401364692413204,1.3416140226398123
Lots-of-LoRAs,task0297,0.3561186617948537,1.59777003676063,1.2416513749657765
Lots-of-LoRAs,task0297,0.04473330801132037,2.3253425043699676,2.2806091963586477
Lots-of-LoRAs,task0297,0.28320877375545767,2.3253425043699676,2.04213373061451
Lots-of-LoRAs,task0297,0.28902586689023574,1.5987735900439128,1.3097477231536772
Lots-of-LoRAs,task0297,-0.089294284118195,1.8190223164762682,1.9083166005944632
Lots-of-LoRAs,task0297,0.3042267024665729,2.3741482211962555,2.0699215187296827
Lots-of-LoRAs,task0297,0.3362655948099785,2.1288041543322427,1.7925385595222645
Lots-of-LoRAs,task0297,0.1665144852486987,2.1288041543322427,1.962289669083544
Lots-of-LoRAs,task0297,0.24111032788710446,2.2599453574840704,2.0188350295969655
Lots-of-LoRAs,task0297,0.22975370932836692,2.4068079501112796,2.1770542407829128
Lots-of-LoRAs,task0297,0.8836628372585096,1.726182841060087,0.8425200038015775
Lots-of-LoRAs,task0297,0.11131060050828073,2.0150728483805493,1.9037622478722689
Lots-of-LoRAs,task0297,0.05144426841103696,2.075449282988595,2.024005014577558
Lots-of-LoRAs,task0297,-0.030423672102881726,3.2156901846888575,3.246113856791739
Lots-of-LoRAs,task0297,0.08200512463801138,2.3977038107362523,2.315698686098241
Lots-of-LoRAs,task0297,-0.0955765545194717,2.406601085969027,2.502177640488499
Lots-of-LoRAs,task0297,-0.5499800681073855,2.4768180829320645,3.02679815103945
Lots-of-LoRAs,task0297,-0.1199918774260294,3.0041079372166966,3.124099814642726
Lots-of-LoRAs,task0297,-0.405678912968067,2.377860160023087,2.7835390729911538
Lots-of-LoRAs,task0297,-0.1876237593979539,2.4114575189351624,2.599081278333116
Lots-of-LoRAs,task0297,-0.054790278994096324,2.9986574511185227,3.053447730112619
Lots-of-LoRAs,task0297,0.1756556553446464,2.002718176931766,1.8270625215871195
Lots-of-LoRAs,task0297,-0.3598545689472954,2.3919887909388025,2.751843359886098
Lots-of-LoRAs,task0297,0.11363918327882383,2.4698196072210847,2.356180423942261
Lots-of-LoRAs,task0297,-0.41186182323161036,2.478609397829853,2.8904712210614636
Lots-of-LoRAs,task0297,0.051118827883430175,2.576083420972009,2.524964593088579
Lots-of-LoRAs,task0297,-0.024243932203986494,2.576083420972009,2.6003273531759956
Lots-of-LoRAs,task0297,0.03983445175633038,3.183684836695623,3.1438503849392925
Lots-of-LoRAs,task0297,-0.014929508772078735,3.6044656697756174,3.619395178547696
Lots-of-LoRAs,task0297,-0.42595556590224976,2.836777229049063,3.2627327949513125
Lots-of-LoRAs,task0297,-0.10602479490210855,2.2086822478402772,2.314707042742386
Lots-of-LoRAs,task0297,-0.1165112925201846,2.8210251949349354,2.93753648745512
Lots-of-LoRAs,task0297,-0.5744759896122642,3.4649900721404325,4.039466061752696
Lots-of-LoRAs,task0297,0.814633647253373,3.5866394819488194,2.772005834695446
Lots-of-LoRAs,task0297,0.0599977977631879,4.067993952337974,4.007996154574786
Lots-of-LoRAs,task0297,0.7165827826270186,3.666409677781139,2.9498268951541204
Lots-of-LoRAs,task0297,-0.16949751478474956,3.639915738722022,3.8094132535067713
Lots-of-LoRAs,task0297,0.6475675707204772,3.6010746852373696,2.9535071145168925
Lots-of-LoRAs,task0297,0.2278639911527181,4.112025261345093,3.8841612701923753
Lots-of-LoRAs,task0297,0.30852553430404356,4.112025261345093,3.80349972704105
Lots-of-LoRAs,task0297,0.3689738358009138,4.259979350954317,3.8910055151534024
Lots-of-LoRAs,task0297,0.14180393195910942,4.724748410932189,4.582944478973079
Lots-of-LoRAs,task0297,0.043908370565768046,2.882658785942727,2.8387504153769587
Lots-of-LoRAs,task0297,-0.006790615604629145,2.827555742622372,2.834346358227001
Lots-of-LoRAs,task0297,-0.08669871752121776,3.4540583816734283,3.540757099194646
Lots-of-LoRAs,task0297,-0.09315535164827499,2.9773789967991533,3.070534348447428
Lots-of-LoRAs,task0297,0.9011308541448885,2.9349108494477636,2.033779995302875
Lots-of-LoRAs,task0297,0.3366085142927747,2.039919862197446,1.7033113479046713
Lots-of-LoRAs,task0297,0.4562560062315263,2.864788798120387,2.4085327918888604
Lots-of-LoRAs,task0297,-0.5792716085881033,2.3259375643288314,2.9052091729169347
Lots-of-LoRAs,task0297,-1.208668016270101,1.0981366952217635,2.3068047114918646
Lots-of-LoRAs,task0297,-2.010379885061268,3.5913160003016564,5.601695885362925
Lots-of-LoRAs,task0297,-2.641687517319846,1.5102930621203732,4.151980579440219
Lots-of-LoRAs,task0334,-1.1678755745541638,-1.2842502255815156,-0.11637465102735194
Lots-of-LoRAs,task0334,-0.9175329533592452,-1.0856927042592934,-0.16815975090004828
Lots-of-LoRAs,task0334,-0.8331353509365136,-0.19751494300798944,0.6356204079285239
Lots-of-LoRAs,task0334,-0.47487573804900984,0.03772389223851625,0.512599630287526
Lots-of-LoRAs,task0334,-0.23976032178971782,0.7665374784850782,1.0062978002747962
Lots-of-LoRAs,task0334,-0.28313344627330034,0.7753299666828369,1.0584634129561374
Lots-of-LoRAs,task0334,-0.2603462162688844,1.148885866231859,1.4092320825007434
Lots-of-LoRAs,task0334,-0.3527986260391687,1.3795890443240422,1.7323876703632108
Lots-of-LoRAs,task0334,-0.1034371625611248,1.6962252190713492,1.7996623816324737
Lots-of-LoRAs,task0334,-0.10085742359885978,1.5017813701556508,1.6026387937545106
Lots-of-LoRAs,task0334,-0.21112879928999836,1.2861030847903419,1.4972318840803402
Lots-of-LoRAs,task0334,-0.3079515533580399,1.2945814353059233,1.6025329886639632
Lots-of-LoRAs,task0334,0.10838392845393052,1.542042272633688,1.4336583441797572
Lots-of-LoRAs,task0334,-0.06737090526286765,1.542042272633688,1.6094131778965557
Lots-of-LoRAs,task0334,-0.16894103313588085,1.4915688713964879,1.6605099045323688
Lots-of-LoRAs,task0334,-0.3099496695623126,1.583743517241383,1.8936931868036957
Lots-of-LoRAs,task0334,-0.08712671689277911,1.5365477516032233,1.6236744684960025
Lots-of-LoRAs,task0334,-0.04089285870714219,1.8615457136593472,1.9024385723664894
Lots-of-LoRAs,task0334,-0.0689160020058124,1.9060891299600982,1.9750051319659103
Lots-of-LoRAs,task0334,-0.17159433260438628,1.8531115945291918,2.0247059271335783
Lots-of-LoRAs,task0334,-0.19790575399127625,1.7333454484232125,1.9312512024144888
Lots-of-LoRAs,task0334,-0.2587218090133193,2.2682131754626367,2.526934984475956
Lots-of-LoRAs,task0334,-0.4230824389959755,2.2968228239277333,2.719905262923709
Lots-of-LoRAs,task0334,-0.27916227295002527,2.0213864113873763,2.3005486843374015
Lots-of-LoRAs,task0334,-0.26538011603378076,2.1429733713868524,2.408353487420633
Lots-of-LoRAs,task0334,-0.28815373133383115,2.4679229395372695,2.7560766708711006
Lots-of-LoRAs,task0334,-0.2834442271798806,2.5587683873756477,2.842212614555528
Lots-of-LoRAs,task0334,-0.25755977347751113,2.701721050433622,2.9592808239111332
Lots-of-LoRAs,task0334,-0.2697335429927447,2.8675294232505064,3.1372629662432514
Lots-of-LoRAs,task0334,-0.4820141436453231,2.5560536861938683,3.038067829839191
Lots-of-LoRAs,task0334,-0.47374564790411855,2.9418755854664984,3.415621233370617
Lots-of-LoRAs,task0334,-0.5166072893915845,3.100647345940879,3.617254635332463
Lots-of-LoRAs,task0334,-0.5820103260161856,3.0370500096242288,3.6190603356404143
Lots-of-LoRAs,task0334,-0.5677195875702534,3.0370500096242288,3.6047695971944824
Lots-of-LoRAs,task0334,-0.2459893779011383,2.7885554062523226,3.0345447841534607
Lots-of-LoRAs,task0334,-0.5864220053435907,2.932778035430406,3.5192000407739967
Lots-of-LoRAs,task0334,-0.42788849343708885,2.932778035430406,3.3606665288674953
Lots-of-LoRAs,task0334,-0.6914631563894197,3.1811402001112508,3.8726033565006706
Lots-of-LoRAs,task0334,-0.12501561320913748,3.572695017016833,3.6977106302259704
Lots-of-LoRAs,task0334,-0.5262394077882878,3.6216122076292194,4.147851615417507
Lots-of-LoRAs,task0334,-0.4592406507674144,4.076096027269998,4.535336678037413
Lots-of-LoRAs,task0334,-0.6332461869784932,4.076096027269998,4.709342214248491
Lots-of-LoRAs,task0334,-0.2601892805671446,3.4036195411283607,3.6638088216955054
Lots-of-LoRAs,task0334,-0.44828874821945575,3.686185609382782,4.134474357602238
Lots-of-LoRAs,task0334,-0.48769146117353224,3.487898736408759,3.975590197582291
Lots-of-LoRAs,task0334,-0.512398736669917,3.9278053645129205,4.440204101182837
Lots-of-LoRAs,task0334,-0.6747178268669414,3.181137592964847,3.8558554198317885
Lots-of-LoRAs,task0334,-0.1325969638093221,3.8631218763099744,3.9957188401192965
Lots-of-LoRAs,task0334,-0.20636794014862778,3.7844316004274576,3.990799540576085
Lots-of-LoRAs,task0334,-0.6112373114516738,4.694671369663087,5.305908681114761
Lots-of-LoRAs,task0334,-0.4781191679401716,3.7465503357409577,4.224669503681129
Lots-of-LoRAs,task0334,-0.6968643677379265,3.9961012679494297,4.692965635687356
Lots-of-LoRAs,task0334,-0.8143872543591293,4.201617795308094,5.016005049667223
Lots-of-LoRAs,task0334,-0.594078062736165,4.498521051749102,5.092599114485267
Lots-of-LoRAs,task0334,-0.05989900082908477,4.862831208461183,4.922730209290268
Lots-of-LoRAs,task0334,-0.7333862555370243,3.7398712812706427,4.473257536807667
Lots-of-LoRAs,task0334,-0.5618819110431041,3.7065862511814,4.268468162224504
Lots-of-LoRAs,task0334,-0.7124342119462864,4.355913901721183,5.0683481136674695
Lots-of-LoRAs,task0334,-1.1893418052848344,4.014741909637512,5.204083714922347
Lots-of-LoRAs,task0334,-0.9326587832388202,4.231377048184684,5.164035831423504
Lots-of-LoRAs,task0334,-1.4966299606365094,3.6593946039292264,5.156024564565736
Lots-of-LoRAs,task0334,-0.9120899926083913,4.483974631530656,5.396064624139047
Lots-of-LoRAs,task0334,-1.3541891820041623,3.8852130583992777,5.2394022404034395
Lots-of-LoRAs,task0334,-0.5238720532231801,3.8852130583992777,4.409085111622458
Lots-of-LoRAs,task0334,-1.3186186767676418,3.507955255151516,4.826573931919158
Lots-of-LoRAs,task0334,-1.4260646748792363,3.9705260143123504,5.396590689191586
Lots-of-LoRAs,task0334,-1.6614443427114305,3.5329413834186996,5.19438572613013
Lots-of-LoRAs,task0334,-1.119743057124288,3.483477066221624,4.603220123345912
Lots-of-LoRAs,task0334,-1.8253346484142945,3.3480566536688836,5.173391302083178
Lots-of-LoRAs,task0334,-1.2338942753555924,4.492308462707245,5.726202738062838
Lots-of-LoRAs,task0334,-1.3806539211402622,3.6050034449431414,4.985657366083403
Lots-of-LoRAs,task0334,-2.4839417492767644,3.387874673763467,5.871816423040231
Lots-of-LoRAs,task0334,-2.3451340068848765,3.677511106328662,6.022645113213539
Lots-of-LoRAs,task0334,-2.127237393156808,3.677511106328662,5.80474849948547
Lots-of-LoRAs,task0334,-3.211040994187821,3.0294131331695713,6.240454127357393
Lots-of-LoRAs,task0334,0.7740150127268195,2.3679430902288274,1.5939280775020075
Lots-of-LoRAs,task0334,-4.653423199117336,1.982720065274356,6.636143264391691
Lots-of-LoRAs,task0371,-0.8831132617480263,-1.1345801217102034,-0.25146685996217716
Lots-of-LoRAs,task0371,-0.8373913030294203,-0.95500462483799,-0.11761332180856973
Lots-of-LoRAs,task0371,-0.8115221826938573,-0.9348654371325523,-0.12334325443869498
Lots-of-LoRAs,task0371,-0.8106215474083549,-0.9471005878232095,-0.13647904041485448
Lots-of-LoRAs,task0371,-0.8668270667623659,-0.8730529396862728,-0.00622587292390707
Lots-of-LoRAs,task0371,-0.7108898378386383,-0.8737547376324665,-0.16286489979382832
Lots-of-LoRAs,task0371,-0.4607214721872432,-0.7687208546946491,-0.307999382507406
Lots-of-LoRAs,task0371,-0.3970138149213021,-0.5612812149846043,-0.16426740006330223
Lots-of-LoRAs,task0371,-0.292633941318465,-0.37624051907935085,-0.08360657776088573
Lots-of-LoRAs,task0371,-0.2410312658762326,-0.27448862848389277,-0.03345736260766011
Lots-of-LoRAs,task0371,-0.21712723715357568,-0.18804380225667924,0.029083434896896524
Lots-of-LoRAs,task0371,0.2538950755756481,-0.12387716277236245,-0.37777223834801055
Lots-of-LoRAs,task0371,0.269441459695796,-0.12367347656490008,-0.3931149362606962
Lots-of-LoRAs,task0371,0.27960160728452804,-0.14031900131205044,-0.4199206085965784
Lots-of-LoRAs,task0371,0.35623694734800165,-0.14738542151192977,-0.5036223688599313
Lots-of-LoRAs,task0371,0.38264456368996985,-0.08199568287389342,-0.46464024656386327
Lots-of-LoRAs,task0371,0.43290284203989904,0.030268995153150385,-0.4026338468867485
Lots-of-LoRAs,task0371,0.5253661651875631,0.030268995153150385,-0.49509717003441267
Lots-of-LoRAs,task0371,0.568212368702982,0.11077050713687145,-0.45744186156611066
Lots-of-LoRAs,task0371,0.5737098023477373,0.1182472019295959,-0.4554626004181413
Lots-of-LoRAs,task0371,0.652969931813125,0.10511915026807842,-0.5478507815450466
Lots-of-LoRAs,task0371,0.6807575734052554,0.1991626983922325,-0.4815948750130229
Lots-of-LoRAs,task0371,0.7450193559399766,0.152312013597978,-0.5927073423419986
Lots-of-LoRAs,task0371,0.6506991405214421,0.152312013597978,-0.49838712692346415
Lots-of-LoRAs,task0371,0.6705299238749164,0.27102789029945795,-0.39950203357545844
Lots-of-LoRAs,task0371,0.7135320455014672,0.3366689613558297,-0.3768630841456376
Lots-of-LoRAs,task0371,0.7181195067429146,0.36999409416292656,-0.34812541257998797
Lots-of-LoRAs,task0371,0.6652277450070706,0.44361714350746423,-0.22161060149960626
Lots-of-LoRAs,task0371,0.6677198659875657,0.49744043340740046,-0.17027943258016537
Lots-of-LoRAs,task0371,0.9070240432217596,0.49744043340740046,-0.4095836098143589
Lots-of-LoRAs,task0371,0.8893218131744437,0.5890873215588389,-0.3002344916156048
Lots-of-LoRAs,task0371,0.9630861302316532,0.7391333262926474,-0.2239528039390058
Lots-of-LoRAs,task0371,1.06077945289293,0.7288654123373313,-0.3319140405555986
Lots-of-LoRAs,task0371,1.0947846232607952,0.8074961835070157,-0.28728843975377955
Lots-of-LoRAs,task0371,1.1293205284829946,0.7603047612954716,-0.3690157671875229
Lots-of-LoRAs,task0371,1.1319920579855967,0.8664657176044869,-0.26552634038110984
Lots-of-LoRAs,task0371,1.1940065492518508,1.0935869551683595,-0.10041959408349121
Lots-of-LoRAs,task0371,1.334964328821489,1.1172497483116397,-0.21771458050984915
Lots-of-LoRAs,task0371,1.4186626394269606,1.1172497483116397,-0.30141289111532105
Lots-of-LoRAs,task0371,1.3327585134041873,1.1557586141816742,-0.17699989922251286
Lots-of-LoRAs,task0371,1.1333876705683188,1.284514240138026,0.15112656956970721
Lots-of-LoRAs,task0371,1.2845639294242102,1.293037097627975,0.008473168203764678
Lots-of-LoRAs,task0371,1.2931507309763446,1.3078933614580481,0.014742630481703446
Lots-of-LoRAs,task0371,1.2507018475916265,1.6112949903777545,0.36059314278612803
Lots-of-LoRAs,task0371,1.311505080459029,1.6300571880051498,0.31855210754612096
Lots-of-LoRAs,task0371,1.3548609136093774,1.715036066250808,0.3601751526414306
Lots-of-LoRAs,task0371,1.3035612194086466,1.9502995786019568,0.64673835919331
Lots-of-LoRAs,task0371,1.3998038216467377,1.916733447289765,0.5169296256430272
Lots-of-LoRAs,task0371,1.3024260279933202,1.8808236965983947,0.5783976686050746
Lots-of-LoRAs,task0371,1.307957873676789,1.9208653967926574,0.612907523115868
Lots-of-LoRAs,task0371,1.2344798003931796,2.127546466806669,0.8930666664134893
Lots-of-LoRAs,task0371,1.215247738512308,2.046908188967387,0.8316604504550792
Lots-of-LoRAs,task0371,1.306506117393272,2.150791235229935,0.8442851178366629
Lots-of-LoRAs,task0371,1.2503671077730787,2.3179426848370257,1.0675755770639472
Lots-of-LoRAs,task0371,1.301962420903985,2.34289303685942,1.0409306159554348
Lots-of-LoRAs,task0371,1.2571394221090297,2.360773260454789,1.1036338383457591
Lots-of-LoRAs,task0371,1.1841352895901638,2.3916408521980608,1.207505562607897
Lots-of-LoRAs,task0371,1.16210239360585,2.506350568817384,1.3442481752115338
Lots-of-LoRAs,task0371,1.1819358725572393,2.5256566920439614,1.343720819486722
Lots-of-LoRAs,task0371,1.1618019051860784,2.4160335122506913,1.2542316070646127
Lots-of-LoRAs,task0371,1.3157500604481733,2.6845928743921372,1.368842813943964
Lots-of-LoRAs,task0371,1.2419728323566213,2.5542717826093084,1.3122989502526872
Lots-of-LoRAs,task0371,1.1991433663991318,2.7017204823750482,1.5025771159759163
Lots-of-LoRAs,task0371,1.2199921305329033,3.0534100670296938,1.8334179364967906
Lots-of-LoRAs,task0371,1.1969064798982687,3.09972421907506,1.902817739176791
Lots-of-LoRAs,task0371,1.005840297315327,2.938261184758996,1.932420887443669
Lots-of-LoRAs,task0371,0.987617214798547,2.8162068836542553,1.8285896688557086
Lots-of-LoRAs,task0371,1.1450141134891505,2.9924821483356214,1.8474680348464707
Lots-of-LoRAs,task0371,1.3020316787842343,2.944955269742794,1.6429235909585596
Lots-of-LoRAs,task0371,1.3791294425986491,3.1700620262383272,1.790932583639678
Lots-of-LoRAs,task0371,1.1767331340508835,3.238934124792892,2.0622009907420087
Lots-of-LoRAs,task0371,1.1669272472317416,3.170715630926062,2.0037883836943204
Lots-of-LoRAs,task0371,1.2009866638083213,3.30898945410628,2.108002790297959
Lots-of-LoRAs,task0371,1.1403659970949958,3.4585954037542925,2.3182294066592966
Lots-of-LoRAs,task0371,1.1264459795504853,3.2514707211916027,2.1250247416411177
Lots-of-LoRAs,task0371,1.0268341409210082,3.2105179972793065,2.1836838563582983
Lots-of-LoRAs,task0371,1.0450126992912676,3.299503848071385,2.254491148780118
Lots-of-LoRAs,task0371,1.1117007704822817,3.0982968588897983,1.9865960884075164
Lots-of-LoRAs,task0371,1.0965107325775927,3.1021656183022683,2.005654885724676
Lots-of-LoRAs,task0371,0.963787144096838,3.18885998029868,2.225072836201842
Lots-of-LoRAs,task0371,0.8449166870679585,2.988109413899054,2.1431927268310953
Lots-of-LoRAs,task0371,0.48999916744885735,3.271417268000016,2.7814181005511585
Lots-of-LoRAs,task0371,0.24558264135587757,2.8055493803897527,2.559966739033875
Lots-of-LoRAs,task0371,-0.11719579536877758,2.2771501921077113,2.394345987476489
Lots-of-LoRAs,task0371,-0.5312381544942153,1.8872582985771449,2.41849645307136
Lots-of-LoRAs,task0408,-0.8310596810355798,-1.5985120390454592,-0.7674523580098794
Lots-of-LoRAs,task0408,-0.33295847117749056,-0.6247796001785937,-0.29182112900110313
Lots-of-LoRAs,task0408,-0.29902458759099704,-0.6443344909310151,-0.34530990334001793
Lots-of-LoRAs,task0408,-0.2677692484614718,-0.4828489077376418,-0.21507965927617004
Lots-of-LoRAs,task0408,-0.2503303454501491,-0.4452631608823266,-0.19493281543217753
Lots-of-LoRAs,task0408,-0.18691217428071075,-0.3777972976988918,-0.19088512341818126
Lots-of-LoRAs,task0408,-0.13701086172796487,-0.3557392351420018,-0.21872837341403686
Lots-of-LoRAs,task0408,-0.06690505439943746,-0.2965709999473244,-0.22966594554788697
Lots-of-LoRAs,task0408,-0.06152285215501363,-0.2618889351981276,-0.20036608304311398
Lots-of-LoRAs,task0408,-0.09079634057382699,-0.2286410246940133,-0.1378446841201863
Lots-of-LoRAs,task0408,-0.010646446746781286,-0.18566190265146904,-0.1750154559046878
Lots-of-LoRAs,task0408,0.051976172686798244,-0.16766698980555622,-0.21964316249235458
Lots-of-LoRAs,task0408,0.10584734671293326,-0.11543317680347036,-0.22128052351640365
Lots-of-LoRAs,task0408,0.15866531857034047,-0.07697534160195192,-0.23564066017229227
Lots-of-LoRAs,task0408,0.21718639276057433,-0.033314890597625255,-0.2505012833581995
Lots-of-LoRAs,task0408,0.28603325450863104,0.02271330168872124,-0.2633199528199098
Lots-of-LoRAs,task0408,0.4058326599877334,0.06396398752725586,-0.34186867246047736
Lots-of-LoRAs,task0408,0.4199116704194761,0.11360137373771474,-0.3063102966817614
Lots-of-LoRAs,task0408,0.4756875079386787,0.13194184744914197,-0.34374566048953675
Lots-of-LoRAs,task0408,0.4577073657116658,0.14528844121152804,-0.3124189245001377
Lots-of-LoRAs,task0408,0.517029894399991,0.22851556733173753,-0.28851432706825336
Lots-of-LoRAs,task0408,0.5514174224696093,0.2246586809967137,-0.3267587414728956
Lots-of-LoRAs,task0408,0.5938726302942061,0.19346248123445844,-0.40041014905974764
Lots-of-LoRAs,task0408,0.6312941733015444,0.19502730582659566,-0.4362668674749486
Lots-of-LoRAs,task0408,0.6397335778366826,0.2724996186460189,-0.3672339591906638
Lots-of-LoRAs,task0408,0.6825445050171614,0.2936313102345944,-0.3889131947825671
Lots-of-LoRAs,task0408,0.692447844862069,0.3169326491574874,-0.3755151957045817
Lots-of-LoRAs,task0408,0.6654416900011317,0.3388459044918404,-0.3265957855092913
Lots-of-LoRAs,task0408,0.6405151383108342,0.33673499640929055,-0.3037801419015438
Lots-of-LoRAs,task0408,0.809789645323969,0.37715633510986674,-0.4326333102141022
Lots-of-LoRAs,task0408,0.8120371829646643,0.39019852555621287,-0.42183865740845156
Lots-of-LoRAs,task0408,0.8897642370213089,0.4530247882692527,-0.4367394487520562
Lots-of-LoRAs,task0408,0.8812243745210387,0.4530247882692527,-0.4281995862517862
Lots-of-LoRAs,task0408,0.9183651763421143,0.558829972353259,-0.35953520398885525
Lots-of-LoRAs,task0408,0.8804078345447565,0.5494170569767298,-0.3309907775680267
Lots-of-LoRAs,task0408,0.9179031980213821,0.6103977367621343,-0.3075054612592479
Lots-of-LoRAs,task0408,0.9082908086237715,0.6862343138785021,-0.22205649474526942
Lots-of-LoRAs,task0408,0.9633046359653991,0.6855449524975656,-0.27775968346783353
Lots-of-LoRAs,task0408,1.0276803552303078,0.7168308601583389,-0.3108494950719689
Lots-of-LoRAs,task0408,0.9808465355197336,0.7657794244111473,-0.21506711110858623
Lots-of-LoRAs,task0408,1.0469355655404502,0.7809108540203783,-0.266024711520072
Lots-of-LoRAs,task0408,1.1838596964215775,0.7651498860167477,-0.41870981040482985
Lots-of-LoRAs,task0408,1.1754794869171978,0.8278438387581857,-0.34763564815901216
Lots-of-LoRAs,task0408,1.247840830534844,0.9347133493674339,-0.31312748116741007
Lots-of-LoRAs,task0408,1.2684998241761536,0.98649213661562,-0.2820076875605335
Lots-of-LoRAs,task0408,1.2593903748224586,1.0790304491357663,-0.18035992568669237
Lots-of-LoRAs,task0408,1.3225332500145313,1.137760567137852,-0.18477268287667947
Lots-of-LoRAs,task0408,1.3052010986530669,1.1156142579614567,-0.18958684069161014
Lots-of-LoRAs,task0408,1.3667937554693814,1.1379096791642336,-0.22888407630514793
Lots-of-LoRAs,task0408,1.4071770298013995,1.1824862388499047,-0.22469079095149466
Lots-of-LoRAs,task0408,1.3835635888647393,1.3216332876572476,-0.06193030120749155
Lots-of-LoRAs,task0408,1.4115469834148489,1.379434498894262,-0.03211248452058691
Lots-of-LoRAs,task0408,1.492190018545769,1.5620373200251199,0.06984730147935073
Lots-of-LoRAs,task0408,1.4188148429455676,1.5620373200251199,0.14322247707955213
Lots-of-LoRAs,task0408,1.3928530676671693,1.6956142991526009,0.3027612314854318
Lots-of-LoRAs,task0408,1.453143743629499,1.7655846275709062,0.3124408839414071
Lots-of-LoRAs,task0408,1.3937299938045,1.7959337196490093,0.40220372584450914
Lots-of-LoRAs,task0408,1.4224690317462156,1.8791940856572382,0.4567250539110225
Lots-of-LoRAs,task0408,1.4732702771054371,1.980655958277895,0.5073856811724581
Lots-of-LoRAs,task0408,1.5210368663291298,2.1073168631230397,0.5862799967939097
Lots-of-LoRAs,task0408,1.41985219829582,2.1716500591876966,0.7517978608918764
Lots-of-LoRAs,task0408,1.54890990367003,2.2080854613058363,0.6591755576358062
Lots-of-LoRAs,task0408,1.5515226083578402,2.2288756774091003,0.6773530690512605
Lots-of-LoRAs,task0408,1.6358887942650793,2.387605191714855,0.7517163974497757
Lots-of-LoRAs,task0408,1.642609609694214,2.5801900609877833,0.937580451293569
Lots-of-LoRAs,task0408,1.6186869758962408,2.597242492742701,0.9785555168464602
Lots-of-LoRAs,task0408,1.6183014725062568,2.6247993413814785,1.0064978688752217
Lots-of-LoRAs,task0408,1.5376046441787317,2.7643077231076045,1.2267030789288729
Lots-of-LoRAs,task0408,1.5188217527911323,2.92542738369057,1.4066056308994377
Lots-of-LoRAs,task0408,1.4222671697117504,2.897699985599102,1.4754328158873515
Lots-of-LoRAs,task0408,1.3876788979484882,2.8751444624373503,1.4874655644888621
Lots-of-LoRAs,task0408,1.3111602925617674,2.8877089187283493,1.5765486261665822
Lots-of-LoRAs,task0408,1.2106668791914663,2.9377838745054676,1.7271169953140013
Lots-of-LoRAs,task0408,1.2374635801516503,2.957393097526363,1.719929517374713
Lots-of-LoRAs,task0408,1.2314229753224313,3.104047057225887,1.8726240819034559
Lots-of-LoRAs,task0408,1.1609554617119964,3.0846657263878106,1.9237102646758142
Lots-of-LoRAs,task0408,1.156241533301866,2.960409838746463,1.8041683054445967
Lots-of-LoRAs,task0408,1.185211592170075,2.837395014725753,1.652183422555678
Lots-of-LoRAs,task0408,0.9252648754548323,2.533762343893236,1.608497468438404
Lots-of-LoRAs,task0408,0.8567765249338398,2.5064304602498098,1.64965393531597
Lots-of-LoRAs,task0408,0.5569733214106253,2.4318243305904717,1.8748510091798463
Lots-of-LoRAs,task0408,-0.08362471968142728,1.990972841448728,2.0745975611301555
Lots-of-LoRAs,task0593,-0.2320044891311785,-1.6864653846118711,-1.4544608954806926
Lots-of-LoRAs,task0593,0.5785676354442282,-0.0408941641175744,-0.6194617995618025
Lots-of-LoRAs,task0593,0.5979236057354889,0.062097449303911756,-0.5358261564315773
Lots-of-LoRAs,task0593,0.6188431977871479,0.12450420966959755,-0.49433898811755017
Lots-of-LoRAs,task0593,0.7302429594303927,0.17192166215726493,-0.5583212972731277
Lots-of-LoRAs,task0593,0.7651002930958601,0.1676827169572109,-0.5974175761386494
Lots-of-LoRAs,task0593,1.010758266617031,0.430260781667181,-0.5804974849498499
Lots-of-LoRAs,task0593,1.0612119627096253,0.4413132052304652,-0.6198987574791598
Lots-of-LoRAs,task0593,1.0798925303532474,0.4783033475877955,-0.6015891827654518
Lots-of-LoRAs,task0593,1.1190377792523551,0.5987767763823338,-0.5202610028700212
Lots-of-LoRAs,task0593,1.108604590846153,0.6311361125381026,-0.47746847830805034
Lots-of-LoRAs,task0593,1.099821826386942,0.6561090846050984,-0.4437127417818438
Lots-of-LoRAs,task0593,1.148237237736611,0.8168212992980953,-0.33141593843851574
Lots-of-LoRAs,task0593,1.1237360008014785,0.8734383294266099,-0.25029767137486864
Lots-of-LoRAs,task0593,1.2129739081506379,0.9068372852818966,-0.3061366228687413
Lots-of-LoRAs,task0593,1.221721894562666,0.9688983884751065,-0.2528235060875596
Lots-of-LoRAs,task0593,1.1860066019196471,1.0447455393528151,-0.14126106256683202
Lots-of-LoRAs,task0593,1.2786036987436644,1.1112598081370781,-0.1673438906065864
Lots-of-LoRAs,task0593,1.306595200815154,1.1552826336251942,-0.15131256718995983
Lots-of-LoRAs,task0593,1.3482037505532265,1.1631856031338879,-0.18501814741933875
Lots-of-LoRAs,task0593,1.3425538343802337,1.1631856031338879,-0.17936823124634563
Lots-of-LoRAs,task0593,1.3538175508068504,1.2466752441614324,-0.10714230664541795
Lots-of-LoRAs,task0593,1.3966610521245257,1.2466752441614324,-0.1499858079630933
Lots-of-LoRAs,task0593,1.3445841787583912,1.3171803894360323,-0.0274037893223591
Lots-of-LoRAs,task0593,1.4175735284456077,1.3156544278299358,-0.101919100615672
Lots-of-LoRAs,task0593,1.4640085196705013,1.3156544278299358,-0.14835409184056547
Lots-of-LoRAs,task0593,1.449127000643652,1.3475473613681417,-0.10157963927551003
Lots-of-LoRAs,task0593,1.5185196677042008,1.4369682193204698,-0.08155144838373103
Lots-of-LoRAs,task0593,1.5107264828181288,1.4369682193204698,-0.07375826349765903
Lots-of-LoRAs,task0593,1.5163256998316335,1.407063347942343,-0.10926235188929043
Lots-of-LoRAs,task0593,1.5944828103925814,1.455811325081571,-0.13867148531101062
Lots-of-LoRAs,task0593,1.6874896144570308,1.5218452649786782,-0.16564434947835252
Lots-of-LoRAs,task0593,1.6707074917769515,1.5871031117235481,-0.08360438005340365
Lots-of-LoRAs,task0593,1.6584749959389604,1.6190677033581888,-0.039407292580771844
Lots-of-LoRAs,task0593,1.6483232826193597,1.6098051863482923,-0.038518096271067316
Lots-of-LoRAs,task0593,1.708968542092412,1.6436638855411374,-0.06530465655127438
Lots-of-LoRAs,task0593,1.688350762562091,1.6436638855411374,-0.04468687702095366
Lots-of-LoRAs,task0593,1.6756541698791165,1.7595741815217147,0.08392001164259838
Lots-of-LoRAs,task0593,1.7181027016883244,1.77389622828605,0.055793526597725546
Lots-of-LoRAs,task0593,1.7114321214427655,1.74634112096478,0.034908999522014234
Lots-of-LoRAs,task0593,1.7694324523873142,1.760419748207761,-0.009012704179553032
Lots-of-LoRAs,task0593,1.7813264974145018,1.8188031049216848,0.03747660750718301
Lots-of-LoRAs,task0593,1.7450863003052468,1.9368059432185043,0.1917196429132572
Lots-of-LoRAs,task0593,1.7394862465190315,1.9606911564144667,0.22120490989543493
Lots-of-LoRAs,task0593,1.7643374826403988,1.9840843961748817,0.21974691353448295
Lots-of-LoRAs,task0593,1.7675909642098395,2.0583437537931157,0.2907527895832761
Lots-of-LoRAs,task0593,1.7215844705070642,2.1730700890550736,0.45148561854800934
Lots-of-LoRAs,task0593,1.7276389539628263,2.2250681140890496,0.4974291601262231
Lots-of-LoRAs,task0593,1.7648948658528494,2.3528675957102574,0.5879727298574082
Lots-of-LoRAs,task0593,1.776953859169848,2.428660378787491,0.6517065196176433
Lots-of-LoRAs,task0593,1.8107081147513189,2.4622798391955003,0.6515717244441812
Lots-of-LoRAs,task0593,1.832669924559183,2.5731213432637077,0.7404514187045242
Lots-of-LoRAs,task0593,1.7550876479505684,2.64072938336352,0.8856417354129518
Lots-of-LoRAs,task0593,1.7359453829350284,2.7035918737270976,0.9676464907920692
Lots-of-LoRAs,task0593,1.8088980166547135,2.7654133557226914,0.9565153390679778
Lots-of-LoRAs,task0593,1.8118302170763232,2.8472179093514267,1.0353876922751033
Lots-of-LoRAs,task0593,1.8393831637902045,2.8706597236346436,1.031276559844439
Lots-of-LoRAs,task0593,1.9130256000938,2.9556287897196145,1.0426031896258146
Lots-of-LoRAs,task0593,1.8895424445422817,3.0142941283903997,1.1247516838481177
Lots-of-LoRAs,task0593,1.7669992238263479,2.99821501390142,1.2312157900750726
Lots-of-LoRAs,task0593,1.778244502070348,2.99821501390142,1.2199705118310724
Lots-of-LoRAs,task0593,1.787574480784163,3.0913491469700682,1.3037746661859053
Lots-of-LoRAs,task0593,1.8025717442285145,3.1024819427790185,1.2999101985505042
Lots-of-LoRAs,task0593,1.6517694049486913,3.0918902382800675,1.4401208333313757
Lots-of-LoRAs,task0593,1.9435126142398034,3.1276887187647455,1.1841761045249422
Lots-of-LoRAs,task0593,1.8696629828306675,3.1276887187647455,1.258025735934078
Lots-of-LoRAs,task0593,1.8431950848458964,3.1687158611609316,1.3255207763150352
Lots-of-LoRAs,task0593,1.698628167208261,3.3289668501902048,1.6303386829819435
Lots-of-LoRAs,task0593,1.7466941913140652,3.1702770823610478,1.4235828910469828
Lots-of-LoRAs,task0593,1.5179187188738132,3.1982660245475687,1.6803473056737555
Lots-of-LoRAs,task0593,1.5046627376454373,3.0927077580035083,1.5880450203580714
Lots-of-LoRAs,task0593,1.546005557947112,2.959825183996164,1.4138196260490519
Lots-of-LoRAs,task0593,1.3838488642887945,2.8650670016374296,1.481218137348635
Lots-of-LoRAs,task0593,1.1950957493399346,2.9705181641504823,1.775422414810548
Lots-of-LoRAs,task0593,1.1579559036423663,2.8872413592514063,1.7292854556090402
Lots-of-LoRAs,task0593,0.8308174802374975,2.8496346506046804,2.018817170367183
Lots-of-LoRAs,task0593,0.6416256033558988,3.0098336541553667,2.368208050799468
Lots-of-LoRAs,task0593,0.29519844343063917,2.6466088926991675,2.3514104492685286
Lots-of-LoRAs,task0593,-0.19981111623542835,1.736201521559591,1.9360126377950193
Lots-of-LoRAs,task0704,-1.7944575330216284,-1.5721659045263456,0.22229162849528292
Lots-of-LoRAs,task0704,-0.44202574689806085,-0.41632648302879327,0.02569926386926753
Lots-of-LoRAs,task0704,-0.26149982979035274,-0.21444722660665974,0.047052603183693066
Lots-of-LoRAs,task0704,-0.6682607989877056,0.03285902395720353,0.7011198229449094
Lots-of-LoRAs,task0704,-0.35170600197706126,0.023493127653455938,0.37519912963051727
Lots-of-LoRAs,task0704,-0.4195856340329637,0.6957273818432496,1.1153130158762132
Lots-of-LoRAs,task0704,-0.41183641776318125,0.8958666850054531,1.3077031027686343
Lots-of-LoRAs,task0704,-0.2582844994273748,1.0726036636508975,1.3308881630782725
Lots-of-LoRAs,task0704,-0.441305103379424,1.2021494771834804,1.6434545805629044
Lots-of-LoRAs,task0704,-0.43790778875220954,1.3287131700410943,1.7666209587933037
Lots-of-LoRAs,task0704,-0.4596963834058669,1.270111986517607,1.7298083699234739
Lots-of-LoRAs,task0704,-0.2720608053687987,1.270111986517607,1.5421727918864057
Lots-of-LoRAs,task0704,-0.32281935939263035,1.3651810481022482,1.6880004074948787
Lots-of-LoRAs,task0704,-0.3263055842552626,1.5631228807838147,1.8894284650390774
Lots-of-LoRAs,task0704,-0.3857372543713683,1.5794142896556247,1.965151544026993
Lots-of-LoRAs,task0704,-0.42802927364394877,1.5576687316316924,1.985698005275641
Lots-of-LoRAs,task0704,-0.40766113778929725,1.5136990862929263,1.9213602240822234
Lots-of-LoRAs,task0704,-0.3846713997529192,1.5640156768142577,1.9486870765671767
Lots-of-LoRAs,task0704,-0.5438411910982943,1.375644100584941,1.919485291683235
Lots-of-LoRAs,task0704,-0.4267819102828326,1.375644100584941,1.8024260108677734
Lots-of-LoRAs,task0704,-0.654323690261631,1.329683419003167,1.984007109264798
Lots-of-LoRAs,task0704,-0.3795709746399745,1.3803499896736386,1.7599209643136133
Lots-of-LoRAs,task0704,-0.4484163390711095,1.4219922467009798,1.8704085857720891
Lots-of-LoRAs,task0704,-0.4873994398243389,1.5424322907465238,2.0298317305708626
Lots-of-LoRAs,task0704,-0.5069850061249309,1.9084124796026172,2.415397485727548
Lots-of-LoRAs,task0704,-0.5498467427241901,1.8466089772174228,2.3964557199416125
Lots-of-LoRAs,task0704,-0.6433500118098625,2.0038692724641503,2.647219284274013
Lots-of-LoRAs,task0704,-0.7128332551757486,1.5663609704805312,2.2791942256562803
Lots-of-LoRAs,task0704,-0.19332136968918748,1.8416017941387413,2.0349231638279286
Lots-of-LoRAs,task0704,-0.6966504381362664,1.9558032729201529,2.652453711056419
Lots-of-LoRAs,task0704,-0.331166070176633,1.9150698627544835,2.246235932931117
Lots-of-LoRAs,task0704,-0.3575372822049039,1.5736189699932261,1.93115625219813
Lots-of-LoRAs,task0704,-0.3280894888986023,2.0290818856800628,2.357171374578665
Lots-of-LoRAs,task0704,-0.574124074556766,1.8544746177784874,2.428598692335253
Lots-of-LoRAs,task0704,-0.33783164051359377,2.0566052623526105,2.3944369028662043
Lots-of-LoRAs,task0704,0.50992112801838,1.629906187615917,1.1199850595975371
Lots-of-LoRAs,task0704,0.3709815866574671,1.629906187615917,1.2589246009584503
Lots-of-LoRAs,task0704,0.44372276786132264,2.196018485328337,1.7522957174670142
Lots-of-LoRAs,task0704,0.2509515905320747,1.8615291915262222,1.6105776009941477
Lots-of-LoRAs,task0704,0.5065930289543128,2.244027674614969,1.7374346456606564
Lots-of-LoRAs,task0704,0.5139773559334048,1.837541536453038,1.3235641805196334
Lots-of-LoRAs,task0704,0.516846092111754,1.8632834328894685,1.3464373407777144
Lots-of-LoRAs,task0704,0.9050090233787831,2.229218227870447,1.3242092044916638
Lots-of-LoRAs,task0704,0.5724141653483311,1.96296535724087,1.3905511918925388
Lots-of-LoRAs,task0704,0.5595006272226911,1.9219673806381388,1.3624667534154478
Lots-of-LoRAs,task0704,0.6581876902692827,1.811720487887899,1.153532797618616
Lots-of-LoRAs,task0704,0.5335264128306716,2.4374806091303545,1.9039541962996829
Lots-of-LoRAs,task0704,0.6132159534432704,1.87742557493707,1.2642096214937997
Lots-of-LoRAs,task0704,0.5912593138379864,1.776436551414088,1.1851772375761018
Lots-of-LoRAs,task0704,0.6657799008312333,1.924526009406579,1.2587461085753457
Lots-of-LoRAs,task0704,0.6043958867099508,2.3925982009881377,1.788202314278187
Lots-of-LoRAs,task0704,0.5886974623408447,1.823090336517438,1.234392874176593
Lots-of-LoRAs,task0704,0.4969646316976289,1.8911628188879996,1.3941981871903708
Lots-of-LoRAs,task0704,0.4267915424239722,1.5107277495447209,1.0839362071207486
Lots-of-LoRAs,task0704,0.2542433231406484,1.9684284103044987,1.7141850871638502
Lots-of-LoRAs,task0704,0.42166642863597187,2.5607749343595003,2.139108505723528
Lots-of-LoRAs,task0704,0.2500328837554903,2.4301691309058473,2.1801362471503567
Lots-of-LoRAs,task0704,0.2032747683875429,2.38675694173728,2.183482173349737
Lots-of-LoRAs,task0704,0.30609776247989035,2.390566061292814,2.084468298812924
Lots-of-LoRAs,task0704,0.23162856857830524,2.430183828823343,2.1985552602450373
Lots-of-LoRAs,task0704,0.24030648772136015,2.3613198834367384,2.1210133957153783
Lots-of-LoRAs,task0704,0.22003435178073966,1.942397898542002,1.7223635467612621
Lots-of-LoRAs,task0704,-0.40124611244092523,2.4995776962912464,2.9008238087321714
Lots-of-LoRAs,task0704,-0.5175098963531682,3.3499609665881227,3.867470862941291
Lots-of-LoRAs,task0704,-0.5258225020712955,2.207254749618403,2.7330772516896986
Lots-of-LoRAs,task0704,-0.5730896834111369,2.667029396947887,3.240119080359024
Lots-of-LoRAs,task0704,-0.8314261406892106,2.779829479303902,3.6112556199931127
Lots-of-LoRAs,task0704,-0.9571479622277325,3.4472608839850962,4.404408846212829
Lots-of-LoRAs,task0704,-1.018402723906846,3.5172768118477755,4.535679535754622
Lots-of-LoRAs,task0704,-1.0632824892528738,3.2179198659455177,4.281202355198392
Lots-of-LoRAs,task0704,-1.21127367533419,3.2178358276869177,4.429109503021108
Lots-of-LoRAs,task0704,-1.3749230377580905,4.190736526630206,5.565659564388297
Lots-of-LoRAs,task0704,-1.4864739455849334,3.375653358057842,4.862127303642775
Lots-of-LoRAs,task0704,-1.8653294772759883,2.287173923307896,4.152503400583885
Lots-of-LoRAs,task0704,-2.1378723827653636,2.085873719814002,4.223746102579366
Lots-of-LoRAs,task0704,-2.4419509852800583,2.519375970923563,4.961326956203621
Lots-of-LoRAs,task0704,-2.8568219088355304,1.7304031388904766,4.587225047726007
Lots-of-LoRAs,task0704,-3.5460635226180686,2.0101559216744,5.556219444292468
Lots-of-LoRAs,task0704,-4.76299521285849,2.631455459245535,7.394450672104026
Lots-of-LoRAs,task0778,-0.299248147794624,-1.3089818377139693,-1.0097336899193452
Lots-of-LoRAs,task0778,-0.10679747419587036,-0.8337933646538036,-0.7269958904579331
Lots-of-LoRAs,task0778,0.12419472934167096,-0.5470188623768659,-0.671213591718537
Lots-of-LoRAs,task0778,0.7037527089290245,-0.10525986984164276,-0.8090125787706673
Lots-of-LoRAs,task0778,0.7109056048619617,-0.05098980388586243,-0.7618954087478242
Lots-of-LoRAs,task0778,0.7396502049243667,0.03417112889408602,-0.7054790760302808
Lots-of-LoRAs,task0778,0.8042970131902766,0.2048289828015187,-0.599468030388758
Lots-of-LoRAs,task0778,0.8448260668623186,0.24702966067969026,-0.5977964061826284
Lots-of-LoRAs,task0778,0.8778290006542617,0.45068523932664595,-0.4271437613276157
Lots-of-LoRAs,task0778,0.9449760287272174,0.7467360531500462,-0.19823997557717116
Lots-of-LoRAs,task0778,0.9478039546875869,0.8436563884691367,-0.10414756621845035
Lots-of-LoRAs,task0778,0.9463444122667022,0.9204222647308569,-0.025922147535845232
Lots-of-LoRAs,task0778,0.9360971292376417,0.9201207866592632,-0.015976342578378492
Lots-of-LoRAs,task0778,0.9842367588049654,0.9834415551885709,-0.000795203616394459
Lots-of-LoRAs,task0778,1.0327773651965524,1.040267590915815,0.007490225719262697
Lots-of-LoRAs,task0778,1.0506119002596803,1.040267590915815,-0.010344309343865252
Lots-of-LoRAs,task0778,1.05975743169254,1.0431139021472384,-0.016643529545301933
Lots-of-LoRAs,task0778,1.1100280093266193,1.1466084252282105,0.03658041590159135
Lots-of-LoRAs,task0778,1.1154148374515713,1.2464045889555782,0.13098975150400677
Lots-of-LoRAs,task0778,1.142738124797935,1.293173941593079,0.150435816795144
Lots-of-LoRAs,task0778,1.1179652331856071,1.3813002172970938,0.2633349841114866
Lots-of-LoRAs,task0778,1.2172007045916533,1.3328095195193028,0.11560881492764963
Lots-of-LoRAs,task0778,1.2641871535491414,1.4481173121142468,0.1839301585651054
Lots-of-LoRAs,task0778,1.281164064298819,1.5645092039744142,0.28334513967559516
Lots-of-LoRAs,task0778,1.234743645837664,1.6015888851175493,0.3668452392798854
Lots-of-LoRAs,task0778,1.1996290774651155,1.6878457002631222,0.4882166227980067
Lots-of-LoRAs,task0778,1.1719844934366932,1.7298396195859147,0.5578551261492215
Lots-of-LoRAs,task0778,1.1830588396431483,1.7759421630311916,0.5928833233880433
Lots-of-LoRAs,task0778,1.2008449445099818,1.8264893482341655,0.6256444037241837
Lots-of-LoRAs,task0778,1.1408969203643162,1.8264893482341655,0.6855924278698492
Lots-of-LoRAs,task0778,1.1342464605604654,1.8869792891526826,0.7527328285922171
Lots-of-LoRAs,task0778,1.1704585847967353,1.8610084975867618,0.6905499127900265
Lots-of-LoRAs,task0778,1.1785012656656355,1.8834653901247407,0.7049641244591053
Lots-of-LoRAs,task0778,1.2120850582029743,1.8960913389425886,0.6840062807396142
Lots-of-LoRAs,task0778,1.2329988086956492,1.8960913389425886,0.6630925302469394
Lots-of-LoRAs,task0778,1.231055517984398,1.946855994072501,0.715800476088103
Lots-of-LoRAs,task0778,1.214836302113153,2.0240928994476697,0.8092565973345165
Lots-of-LoRAs,task0778,1.252539536271094,2.1776115800678713,0.9250720437967774
Lots-of-LoRAs,task0778,1.200964207006928,2.1776115800678713,0.9766473730609436
Lots-of-LoRAs,task0778,1.2010483962036378,2.2101463808175534,1.0090979846139156
Lots-of-LoRAs,task0778,1.2795473038600813,2.3322090194476433,1.0526617155875622
Lots-of-LoRAs,task0778,1.15804907711292,2.3322090194476433,1.174159942334723
Lots-of-LoRAs,task0778,1.2024566114101172,2.416060508528171,1.2136038971180538
Lots-of-LoRAs,task0778,1.1961240917127032,2.5132550691744244,1.317130977461721
Lots-of-LoRAs,task0778,1.1498159649422466,2.5865554871984613,1.4367395222562145
Lots-of-LoRAs,task0778,1.173630523539478,2.5865554871984613,1.4129249636589831
Lots-of-LoRAs,task0778,1.1408222937992931,2.5592780236473436,1.4184557298480505
Lots-of-LoRAs,task0778,1.1950014674884561,2.565522033614184,1.3705205661257278
Lots-of-LoRAs,task0778,1.2634425182311038,2.6079070204291495,1.3444645021980455
Lots-of-LoRAs,task0778,1.253447505005849,2.7034167912381695,1.4499692862323208
Lots-of-LoRAs,task0778,1.258182150249419,2.8333558856232233,1.5751737353738045
Lots-of-LoRAs,task0778,1.136192117550044,2.7875357035424315,1.6513435859923875
Lots-of-LoRAs,task0778,1.230367569942393,2.9156657031987683,1.6852981332563752
Lots-of-LoRAs,task0778,1.2408637243152232,2.861378907234201,1.6205151829189777
Lots-of-LoRAs,task0778,1.232657741945252,2.9350155377658886,1.7023577958206366
Lots-of-LoRAs,task0778,1.2372257868772114,3.0818808433545173,1.8446550564773057
Lots-of-LoRAs,task0778,1.3344646167109597,3.021659372630125,1.687194755919165
Lots-of-LoRAs,task0778,1.3719587590877262,3.1683620978987572,1.796403338811031
Lots-of-LoRAs,task0778,1.4540761486119569,3.233037047666595,1.778960899054638
Lots-of-LoRAs,task0778,1.5652880835830822,3.2521467964834008,1.6868587129003185
Lots-of-LoRAs,task0778,1.3942146349436877,3.3537375015166693,1.9595228665729818
Lots-of-LoRAs,task0778,1.2874333823636406,3.2554749429826684,1.9680415606190278
Lots-of-LoRAs,task0778,1.4320595598359958,3.3574058044205186,1.9253462445845229
Lots-of-LoRAs,task0778,1.4168122951089364,3.2552109694465226,1.8383986743375862
Lots-of-LoRAs,task0778,1.4654743031868023,3.4997287066708633,2.034254403484061
Lots-of-LoRAs,task0778,1.4842067925630207,3.373500022822401,1.8892932302593803
Lots-of-LoRAs,task0778,1.5308304388684957,3.3867488174322657,1.85591837856377
Lots-of-LoRAs,task0778,1.4946133105011488,3.350597904763123,1.8559845942619746
Lots-of-LoRAs,task0778,1.4564368885480592,3.4405975559727713,1.984160667424712
Lots-of-LoRAs,task0778,1.4253367156766599,3.3587180488030195,1.9333813331263596
Lots-of-LoRAs,task0778,1.2706542541149832,3.31146760263816,2.0408133485231765
Lots-of-LoRAs,task0778,1.2006020349274402,3.429512399259177,2.228910364331737
Lots-of-LoRAs,task0778,1.09909338786779,3.2678786749053703,2.1687852870375806
Lots-of-LoRAs,task0778,0.9910749397043543,3.343937367236233,2.352862427531879
Lots-of-LoRAs,task0778,1.136279548473393,3.351405813302296,2.215126264828903
Lots-of-LoRAs,task0778,0.8810751678341462,3.245032827003329,2.363957659169183
Lots-of-LoRAs,task0778,0.8171498145990915,3.2221108097891626,2.4049609951900712
Lots-of-LoRAs,task0778,0.6696720316944804,3.1253838396968447,2.455711808002364
Lots-of-LoRAs,task0778,0.5024519104570706,3.0028391295903276,2.5003872191332572
Lots-of-LoRAs,task0778,0.2126576408883914,2.7202465221151497,2.5075888812267584
Lots-of-LoRAs,task0778,-0.35433983382835865,2.3685429861669705,2.722882819995329
Lots-of-LoRAs,task0778,-0.8283258035501794,1.8693786266272217,2.697704430177401
Lots-of-LoRAs,task0815,-0.28747297780299214,-1.3580918004103621,-1.0706188226073698
Lots-of-LoRAs,task0815,0.4982998572109379,-0.5503789817315321,-1.04867883894247
Lots-of-LoRAs,task0815,0.694964050708635,-0.22005851777816554,-0.9150225684868006
Lots-of-LoRAs,task0815,0.7156459064051555,-0.04786432595626193,-0.7635102323614171
Lots-of-LoRAs,task0815,0.7949470013335637,-0.006946042189985155,-0.8018930435235487
Lots-of-LoRAs,task0815,0.9079716681189789,0.07569926404988121,-0.8322724040690977
Lots-of-LoRAs,task0815,0.8963397349693117,0.1345448060991631,-0.7617949288701485
Lots-of-LoRAs,task0815,0.846020011931378,0.1974045881295512,-0.6486154238018269
Lots-of-LoRAs,task0815,0.9119239637650874,0.35507215578931217,-0.5568518079757754
Lots-of-LoRAs,task0815,0.9315202712877496,0.47002599918601884,-0.46149427210173094
Lots-of-LoRAs,task0815,0.937294810544093,0.472895870440486,-0.4643989401036071
Lots-of-LoRAs,task0815,0.9653340185656311,0.5249103962533274,-0.44042362231230375
Lots-of-LoRAs,task0815,1.02517591883024,0.5741867677785878,-0.4509891510516522
Lots-of-LoRAs,task0815,1.0677444281804522,0.5741867677785878,-0.4935576604018644
Lots-of-LoRAs,task0815,1.0282384882178222,0.6449553480017881,-0.383283140216034
Lots-of-LoRAs,task0815,1.0166663306725623,0.6973453071838251,-0.3193210234887375
Lots-of-LoRAs,task0815,0.987116675210508,0.7830085548587132,-0.2041081203517948
Lots-of-LoRAs,task0815,1.02364978180839,0.8947803984632826,-0.1288693833451074
Lots-of-LoRAs,task0815,1.000002676967752,0.9106258086209759,-0.089376868346776
Lots-of-LoRAs,task0815,1.0393330509577088,0.9676362426193391,-0.07169680833836972
Lots-of-LoRAs,task0815,1.0579551582570161,1.031991087851272,-0.025964070405744184
Lots-of-LoRAs,task0815,1.1009353473709975,1.1161699542335568,0.015234606862559343
Lots-of-LoRAs,task0815,1.130994211905331,1.1941032370831954,0.06310902517786453
Lots-of-LoRAs,task0815,1.1030053958883415,1.2473265578115866,0.14432116192324518
Lots-of-LoRAs,task0815,1.0633744253455837,1.2473265578115866,0.18395213246600303
Lots-of-LoRAs,task0815,1.0463586659313917,1.2618585713368304,0.2154999054054387
Lots-of-LoRAs,task0815,1.0433439884826294,1.312474386851912,0.2691303983692829
Lots-of-LoRAs,task0815,1.0531813484923287,1.366504811671088,0.31332346317875953
Lots-of-LoRAs,task0815,1.0513826823114758,1.366504811671088,0.3151221293596123
Lots-of-LoRAs,task0815,1.0546552382049732,1.440930169355816,0.3862749311508429
Lots-of-LoRAs,task0815,1.1239267722884725,1.560877704798705,0.43695093251023265
Lots-of-LoRAs,task0815,1.0750566700531698,1.5603066972891462,0.48525002723597643
Lots-of-LoRAs,task0815,1.0589617190259335,1.5535701432352536,0.4946084242093199
Lots-of-LoRAs,task0815,1.1284201073812,1.57613836537195,0.4477182579907501
Lots-of-LoRAs,task0815,1.1499451979718887,1.6383221311352132,0.48837693316332453
Lots-of-LoRAs,task0815,1.1868019535504915,1.6383221311352132,0.4515201775847216
Lots-of-LoRAs,task0815,1.2155823071418563,1.8392156038428065,0.6236332967009501
Lots-of-LoRAs,task0815,1.230817469071467,1.8392156038428065,0.6083981347713394
Lots-of-LoRAs,task0815,1.2411668737223407,1.8798973966461852,0.6387305229238445
Lots-of-LoRAs,task0815,1.268320056635404,1.8355927082440855,0.5672726516086817
Lots-of-LoRAs,task0815,1.3234786177100535,1.8754935491105247,0.5520149314004711
Lots-of-LoRAs,task0815,1.3388175588596856,1.9343412698666413,0.5955237110069559
Lots-of-LoRAs,task0815,1.3690327504584143,1.9578227113754525,0.5887899609170383
Lots-of-LoRAs,task0815,1.4336484836781986,1.938444078566559,0.5047955948883603
Lots-of-LoRAs,task0815,1.479069446038476,1.9532935169743506,0.4742240709358749
Lots-of-LoRAs,task0815,1.5071499051623722,2.129281977652311,0.6221320724899388
Lots-of-LoRAs,task0815,1.6055952589577407,2.2034586880008558,0.5978634290431151
Lots-of-LoRAs,task0815,1.6244855296361327,2.234759441978737,0.6102739123426044
Lots-of-LoRAs,task0815,1.5334963280010452,2.3054174652236017,0.7719211372225564
Lots-of-LoRAs,task0815,1.6024536149632462,2.322379285325677,0.7199256703624312
Lots-of-LoRAs,task0815,1.4457358028433858,2.3598588978394726,0.9141230949960868
Lots-of-LoRAs,task0815,1.509151347173885,2.4400114934576407,0.9308601462837558
Lots-of-LoRAs,task0815,1.56131018337097,2.5698146164659117,1.0085044330949418
Lots-of-LoRAs,task0815,1.57799832004408,2.6338122420515298,1.0558139220074498
Lots-of-LoRAs,task0815,1.5972721117823303,2.7074095706240366,1.1101374588417061
Lots-of-LoRAs,task0815,1.5763357821280009,2.731607637138016,1.1552718550100154
Lots-of-LoRAs,task0815,1.6100004273394468,2.8077414070623017,1.1977409797228549
Lots-of-LoRAs,task0815,1.5942789437400007,2.8622257918678518,1.267946848127851
Lots-of-LoRAs,task0815,1.581033435172265,2.9210233437489905,1.3399899085767255
Lots-of-LoRAs,task0815,1.5994520074838412,2.989948810702613,1.390496803218772
Lots-of-LoRAs,task0815,1.5692910403823137,2.962559727951032,1.3932686875687184
Lots-of-LoRAs,task0815,1.4023565392985888,2.9772839317053075,1.5749273924067184
Lots-of-LoRAs,task0815,1.4622442018720525,3.0889294440621207,1.626685242190068
Lots-of-LoRAs,task0815,1.3884951731196709,3.032016959960143,1.643521786840472
Lots-of-LoRAs,task0815,1.3565447487135343,3.0667167824672013,1.7101720337536672
Lots-of-LoRAs,task0815,1.3265010480037545,3.11617706123467,1.7896760132309157
Lots-of-LoRAs,task0815,1.3201576114509668,3.0877090075298934,1.7675513960789266
Lots-of-LoRAs,task0815,1.3292341797461724,3.115467825896463,1.7862336461502908
Lots-of-LoRAs,task0815,1.3331052081744459,3.0007277352681627,1.6676225270937168
Lots-of-LoRAs,task0815,1.3867624745832057,3.1357595678312657,1.7489970932480599
Lots-of-LoRAs,task0815,1.1666644378371887,3.087272018483986,1.9206075806467973
Lots-of-LoRAs,task0815,1.1014847959424021,2.991751065248722,1.8902662693063197
Lots-of-LoRAs,task0815,1.0036570384753616,3.108482088467118,2.1048250499917565
Lots-of-LoRAs,task0815,0.8647223657357149,2.9890477550552657,2.124325389319551
Lots-of-LoRAs,task0815,0.7530293936032852,3.0329421352274064,2.279912741624121
Lots-of-LoRAs,task0815,0.5847738987577957,2.794830306160448,2.2100564074026523
Lots-of-LoRAs,task0815,0.2672906677742681,2.666154840068441,2.3988641722941733
Lots-of-LoRAs,task0815,0.03279365298470384,2.6448599686367795,2.612066315652076
Lots-of-LoRAs,task0815,-0.38396580018468907,2.541020693014302,2.924986493198991
Lots-of-LoRAs,task0815,-1.0102907514463098,1.8077024448343093,2.817993196280619
Lots-of-LoRAs,task0852,-2.1295794661881464,-1.3982348763654486,0.7313445898226976
Lots-of-LoRAs,task0852,-2.2018803595686807,-1.4839085915974526,0.7179717679712281
Lots-of-LoRAs,task0852,-2.4124205167355868,-1.72492927551307,0.6874912412225169
Lots-of-LoRAs,task0852,-1.6702028658018893,-1.8013697713910763,-0.13116690558918717
Lots-of-LoRAs,task0852,-1.727790482415711,-1.8264762987887642,-0.09868581637305301
Lots-of-LoRAs,task0852,-1.7121601369821746,-1.8280499486856778,-0.11588981170350306
Lots-of-LoRAs,task0852,-1.2029185356741092,-1.6300010980455755,-0.4270825623714664
Lots-of-LoRAs,task0852,-1.2045171158265469,-1.3623875411807533,-0.15787042535420653
Lots-of-LoRAs,task0852,-0.9252302971765524,-1.3379182440010262,-0.412687946824474
Lots-of-LoRAs,task0852,-0.5183690018024331,-1.40586675263443,-0.8874977508319968
Lots-of-LoRAs,task0852,-0.4859287108788383,-0.8525553254207369,-0.36662661454189843
Lots-of-LoRAs,task0852,-0.5522383167326763,-0.5090667799548907,0.0431715367777856
Lots-of-LoRAs,task0852,-0.2597034836911297,-0.3636583187346407,-0.10395483504351102
Lots-of-LoRAs,task0852,-0.04544539085163918,-0.31345465298700503,-0.26800926213536586
Lots-of-LoRAs,task0852,0.014414688888176668,-0.12064583359288818,-0.1350605224810647
Lots-of-LoRAs,task0852,0.13365473127071714,-0.1078918238307695,-0.24154655510148668
Lots-of-LoRAs,task0852,0.2836537306408547,-0.027124790571433646,-0.3107785212122883
Lots-of-LoRAs,task0852,0.4024123606505549,0.037212595535487,-0.3651997651150678
Lots-of-LoRAs,task0852,0.440977652811303,0.0882990190097338,-0.3526786338015692
Lots-of-LoRAs,task0852,0.4629449448348351,0.13003617455631666,-0.3329087702785185
Lots-of-LoRAs,task0852,0.5387905580407044,0.19614226117343608,-0.3426482968672686
Lots-of-LoRAs,task0852,0.6815427907569861,0.25667112141510795,-0.4248716693418782
Lots-of-LoRAs,task0852,0.7526345970701936,0.2500902704868276,-0.5025443265833662
Lots-of-LoRAs,task0852,0.729357582213561,0.35901503312937216,-0.37034254908418873
Lots-of-LoRAs,task0852,0.7206194772574028,0.43341051519923945,-0.28720896205816343
Lots-of-LoRAs,task0852,0.8045792079271266,0.467253810591339,-0.3373253973357873
Lots-of-LoRAs,task0852,0.8074797743321608,0.41947673674181896,-0.38800303759034194
Lots-of-LoRAs,task0852,0.8364379144805142,0.4478157183870954,-0.3886221960934188
Lots-of-LoRAs,task0852,0.9037750633185545,0.4996317284378264,-0.4041433348807282
Lots-of-LoRAs,task0852,1.0388840746033772,0.5304065624498564,-0.5084775121535209
Lots-of-LoRAs,task0852,0.9700453127069507,0.5933845041392232,-0.37666080856772766
Lots-of-LoRAs,task0852,0.9994586087400958,0.5539167320278272,-0.4455418767122689
Lots-of-LoRAs,task0852,1.1605341859837388,0.6521417917482385,-0.5083923942355004
Lots-of-LoRAs,task0852,1.2067220042607214,0.7366949159688033,-0.470027088291918
Lots-of-LoRAs,task0852,1.260466400935296,0.8426273089944515,-0.41783909194084434
Lots-of-LoRAs,task0852,1.233717094576116,0.8882355184214404,-0.34548157615467545
Lots-of-LoRAs,task0852,1.2340932893346566,1.018866208703238,-0.21522708063141854
Lots-of-LoRAs,task0852,1.3064060976133125,1.0417451672924969,-0.2646609303208154
Lots-of-LoRAs,task0852,1.3775872632154589,1.216148961567462,-0.161438301647997
Lots-of-LoRAs,task0852,1.2822590052946987,1.2192286452000718,-0.06303036009462688
Lots-of-LoRAs,task0852,1.4092409817987526,1.2867536415005416,-0.12248734029821069
Lots-of-LoRAs,task0852,1.3884933465089797,1.2867536415005416,-0.1017397050084379
Lots-of-LoRAs,task0852,1.4751935489600427,1.382165056064926,-0.09302849289511686
Lots-of-LoRAs,task0852,1.412176239031318,1.2999639072431595,-0.11221233178815841
Lots-of-LoRAs,task0852,1.6271595509906343,1.4112153103548224,-0.21594424063581197
Lots-of-LoRAs,task0852,1.4136799680647836,1.3276858328475176,-0.08599413521726611
Lots-of-LoRAs,task0852,1.3477449624702078,1.5006310708804913,0.15288610841028374
Lots-of-LoRAs,task0852,1.2964806048009847,1.5436885081472265,0.24720790334624151
Lots-of-LoRAs,task0852,1.3606594420306064,1.683938460148516,0.3232790181179096
Lots-of-LoRAs,task0852,1.4785142200013641,1.640802772791508,0.16228855279014373
Lots-of-LoRAs,task0852,1.221970916454302,1.7387517818309672,0.5167808653766655
Lots-of-LoRAs,task0852,1.2887753865781721,1.7148954955646212,0.42612010898644903
Lots-of-LoRAs,task0852,1.2582927466188751,1.9363524424634844,0.6780596958446093
Lots-of-LoRAs,task0852,1.2849148001700983,1.951563844811547,0.6666490446414487
Lots-of-LoRAs,task0852,1.3198673598046329,2.0771885064826523,0.7573211466780199
Lots-of-LoRAs,task0852,1.400509266478837,2.1507486054602376,0.7502393389814006
Lots-of-LoRAs,task0852,1.3819889520940618,2.2385642952997498,0.8565753432056881
Lots-of-LoRAs,task0852,1.1638421745322745,2.1642358753514004,1.000393700819126
Lots-of-LoRAs,task0852,1.275591412701471,2.320224486089273,1.044633073387802
Lots-of-LoRAs,task0852,1.2774441781912205,2.292501995191211,1.0150578169999906
Lots-of-LoRAs,task0852,1.4421128128905631,2.489604869113306,1.0474920562227428
Lots-of-LoRAs,task0852,1.3188296964145316,2.550237753892196,1.2314080574776642
Lots-of-LoRAs,task0852,1.2465820822606009,2.6804237369014494,1.4338416546408488
Lots-of-LoRAs,task0852,1.485186933272898,2.796330430577735,1.3111434973048373
Lots-of-LoRAs,task0852,1.6300893545627542,2.8898555441013087,1.2597661895385548
Lots-of-LoRAs,task0852,1.6148150691312255,2.9803057785460365,1.3654907094148108
Lots-of-LoRAs,task0852,1.3616328991816269,2.944425972185304,1.582793073003677
Lots-of-LoRAs,task0852,1.3027058548277926,3.2096859128011745,1.906980057973382
Lots-of-LoRAs,task0852,1.2610804943398153,2.9479253543773845,1.6868448600375694
Lots-of-LoRAs,task0852,1.2349509354573103,3.18993291077162,1.9549819753143096
Lots-of-LoRAs,task0852,1.057759923717685,3.35389869202285,2.2961387683051653
Lots-of-LoRAs,task0852,1.1747978080986112,3.455268199162383,2.280470391063772
Lots-of-LoRAs,task0852,1.163895195878501,3.3252266302325584,2.1613314343540573
Lots-of-LoRAs,task0852,1.2453627165119008,3.655024404080069,2.4096616875681685
Lots-of-LoRAs,task0852,1.1253477010782307,3.4323751238429208,2.30702742276469
Lots-of-LoRAs,task0852,1.0994907721483853,3.0774409903208384,1.9779502181724533
Lots-of-LoRAs,task0852,0.7672975277839577,3.407491695021876,2.6401941672379183
Lots-of-LoRAs,task0852,0.9509754484013563,3.328797201445427,2.3778217530440706
Lots-of-LoRAs,task0852,0.8101510115791482,3.167552120912948,2.3574011093337996
Lots-of-LoRAs,task0852,0.9466957843186105,3.202284461632908,2.2555886773142975
Lots-of-LoRAs,task0852,0.978565915138271,2.8193192207863924,1.8407533056481216
Lots-of-LoRAs,task0852,0.3744698970053028,2.602142901732103,2.2276730047268
Lots-of-LoRAs,task0852,0.26319439532304695,2.410042832197668,2.146848436874621
Lots-of-LoRAs,task0852,-0.35301991204225325,1.973567389017279,2.3265873010595324
Lots-of-LoRAs,task0889,-2.0846520788365996,-2.5907927755631786,-0.5061406967265788
Lots-of-LoRAs,task0889,-1.2112915442896448,-0.8584692904813475,0.35282225380829746
Lots-of-LoRAs,task0889,-1.305920858091725,-0.7585089730622816,0.5474118850294435
Lots-of-LoRAs,task0889,-1.1053053168762246,-0.5480157441562503,0.5572895727199741
Lots-of-LoRAs,task0889,-1.0572972517496706,-0.3161818078287124,0.7411154439209582
Lots-of-LoRAs,task0889,-1.0221147776110968,-0.05483221098529515,0.9672825666258017
Lots-of-LoRAs,task0889,-0.9466388153483284,0.08302037562032215,1.0296591909686506
Lots-of-LoRAs,task0889,-1.0629384015892256,0.44196780901055666,1.5049062105997821
Lots-of-LoRAs,task0889,-1.0495390507567477,0.49954190753067773,1.5490809582874254
Lots-of-LoRAs,task0889,-0.9801673124330813,0.47295857170161326,1.4531258841346946
Lots-of-LoRAs,task0889,-0.8687059829812437,0.4808012488744544,1.349507231855698
Lots-of-LoRAs,task0889,-0.8592081963980831,0.4808012488744544,1.3400094452725375
Lots-of-LoRAs,task0889,-0.6963746751567559,0.4962683053769165,1.1926429805336725
Lots-of-LoRAs,task0889,-0.5829910617312207,0.39016904333476743,0.9731601050659883
Lots-of-LoRAs,task0889,-0.5945113247637802,0.6164411569181045,1.2109524816818849
Lots-of-LoRAs,task0889,-0.6055990357578539,0.7880074501360379,1.3936064858938917
Lots-of-LoRAs,task0889,-0.4418209791347586,0.5963415938277923,1.038162572962551
Lots-of-LoRAs,task0889,-0.44275079598434397,0.5963415938277923,1.0390923898121363
Lots-of-LoRAs,task0889,-0.24391491268396875,0.7055528662609288,0.9494677789448976
Lots-of-LoRAs,task0889,0.2915908506593547,0.5983324396855904,0.3067415890262357
Lots-of-LoRAs,task0889,0.14052674628039435,0.44790435242496335,0.30737760614456905
Lots-of-LoRAs,task0889,0.5405355543213155,0.767078616985151,0.22654306266383545
Lots-of-LoRAs,task0889,0.3538951902345007,0.8696637048475974,0.5157685146130967
Lots-of-LoRAs,task0889,0.058955515198334855,0.9722625055827819,0.913306990384447
Lots-of-LoRAs,task0889,0.17032638156464613,1.0252054192306763,0.8548790376660304
Lots-of-LoRAs,task0889,0.03375194553401026,1.0374275252841787,1.0036755797501684
Lots-of-LoRAs,task0889,0.28108887602109534,1.0300277701083862,0.7489388940872906
Lots-of-LoRAs,task0889,0.005832025365806228,0.8578658008364025,0.8520337754705964
Lots-of-LoRAs,task0889,0.38587234285109945,1.0038744899086725,0.618002147057573
Lots-of-LoRAs,task0889,0.4431030851238916,1.0038744899086725,0.5607714047847809
Lots-of-LoRAs,task0889,0.07364346762310482,0.9391910141787546,0.8655475465556499
Lots-of-LoRAs,task0889,-0.11100347143318433,1.080269776327257,1.1912732477604413
Lots-of-LoRAs,task0889,0.6113224539141296,0.8853675229392396,0.27404506902510994
Lots-of-LoRAs,task0889,0.04306327311164263,1.1809421727833809,1.1378788996717384
Lots-of-LoRAs,task0889,0.027031875488823943,1.269426063663591,1.242394188174767
Lots-of-LoRAs,task0889,0.3269032069397889,1.4560344626481234,1.1291312557083346
Lots-of-LoRAs,task0889,0.32029409580902707,1.4597564536775505,1.1394623578685232
Lots-of-LoRAs,task0889,0.10243495992587485,1.9446861712540935,1.8422512113282188
Lots-of-LoRAs,task0889,0.3965449013822217,1.9286589351678225,1.5321140337856007
Lots-of-LoRAs,task0889,0.09959060497623269,1.8353241919119616,1.7357335869357289
Lots-of-LoRAs,task0889,0.11904111602457954,1.5891564769580921,1.4701153609335127
Lots-of-LoRAs,task0889,-0.22116273884035262,1.835813856621882,2.0569765954622348
Lots-of-LoRAs,task0889,-0.10754192813625674,1.5107849523316028,1.6183268804678594
Lots-of-LoRAs,task0889,0.18087778760158468,2.277254881434791,2.0963770938332065
Lots-of-LoRAs,task0889,0.47582505130017155,2.5026290965870968,2.026804045286925
Lots-of-LoRAs,task0889,0.5342040171494304,1.9753268648222495,1.441122847672819
Lots-of-LoRAs,task0889,0.4275893881002061,1.9977830969732537,1.5701937088730475
Lots-of-LoRAs,task0889,-0.16471968183055483,2.1595970371150264,2.3243167189455813
Lots-of-LoRAs,task0889,0.15693124569221742,2.1794929940432244,2.022561748351007
Lots-of-LoRAs,task0889,0.2332035437083838,2.4927688289003305,2.2595652851919463
Lots-of-LoRAs,task0889,0.40653659907088313,2.472617785338021,2.0660811862671378
Lots-of-LoRAs,task0889,-0.05027747585926422,2.5312568997070093,2.581534375566273
Lots-of-LoRAs,task0889,-0.06043027073797436,2.5392260812740544,2.599656352012029
Lots-of-LoRAs,task0889,0.6851913354982493,2.6481670927158376,1.962975757217588
Lots-of-LoRAs,task0889,0.15724894677442397,2.421816610788877,2.2645676640144528
Lots-of-LoRAs,task0889,0.021663607569876082,2.512965786686601,2.491302179116725
Lots-of-LoRAs,task0889,-0.3966701110197314,3.1952777565394013,3.5919478675591328
Lots-of-LoRAs,task0889,-0.20768115377315885,3.36935699450339,3.5770381482765488
Lots-of-LoRAs,task0889,-0.17727145291439636,3.776786097737829,3.9540575506522253
Lots-of-LoRAs,task0889,-0.2635761149970337,2.785719390139448,3.049295505136482
Lots-of-LoRAs,task0889,-0.5507806719087207,4.458716806064777,5.009497477973498
Lots-of-LoRAs,task0889,-0.441777125073017,2.5991779743299657,3.0409550994029826
Lots-of-LoRAs,task0889,-0.5448709725789063,4.485941501364322,5.030812473943229
Lots-of-LoRAs,task0889,-0.9230330690586327,3.8838079591799284,4.806841028238561
Lots-of-LoRAs,task0889,-1.0394184453734634,4.28941467518352,5.328833120556983
Lots-of-LoRAs,task0889,-1.0324205820595262,4.66664297315529,5.699063555214816
Lots-of-LoRAs,task0889,-0.030150945579897174,4.253736807003003,4.2838877525829
Lots-of-LoRAs,task0889,-1.0503684439707928,3.0538100969793742,4.104178540950167
Lots-of-LoRAs,task0889,-0.3746044754548106,2.9882941160565366,3.3628985915113474
Lots-of-LoRAs,task0889,-1.3124790193285554,2.6953705070406553,4.007849526369211
Lots-of-LoRAs,task0889,-0.40943668062735966,3.756188606438095,4.165625287065454
Lots-of-LoRAs,task0889,-1.4161234826577398,3.959877182491916,5.376000665149656
Lots-of-LoRAs,task0889,-1.4536988339847192,2.3134422409057414,3.7671410748904606
Lots-of-LoRAs,task0889,-2.032928237267823,2.455153079405949,4.488081316673771
Lots-of-LoRAs,task0889,-1.949482489970128,3.052121854890981,5.001604344861109
Lots-of-LoRAs,task0889,-2.034641634405531,3.0499071947424796,5.0845488291480105
Lots-of-LoRAs,task0889,-2.8942217189363273,3.080585936010262,5.974807654946589
Lots-of-LoRAs,task0889,-2.2482039246755012,2.256229715813187,4.504433640488688
Lots-of-LoRAs,task0926,-0.841975786968303,-0.6970036492517108,0.14497213771659212
Lots-of-LoRAs,task0926,-0.41270300236353347,-0.6127299989599728,-0.20002699659643958
Lots-of-LoRAs,task0926,-0.39566772726899946,-0.30825784334253553,0.0874098839264637
Lots-of-LoRAs,task0926,-0.41549387871736393,-0.2556677215471666,0.15982615717019752
Lots-of-LoRAs,task0926,-0.20909630252047395,-0.12368912585036783,0.08540717667010603
Lots-of-LoRAs,task0926,-0.21467455182519965,0.008584565110262938,0.22325911693546274
Lots-of-LoRAs,task0926,-0.07879602711825039,-0.0544121200311985,0.024383907087052025
Lots-of-LoRAs,task0926,-0.14986356564673053,0.11097061100625284,0.26083417665298325
Lots-of-LoRAs,task0926,-0.10129869446983113,0.0882927454124449,0.18959143988227603
Lots-of-LoRAs,task0926,-0.1384475129260918,0.1886719538176518,0.3271194667437435
Lots-of-LoRAs,task0926,-0.0937162980026425,0.09879736876371215,0.19251366676635479
Lots-of-LoRAs,task0926,-0.12974469400725427,0.09879736876371215,0.22854206277096667
Lots-of-LoRAs,task0926,-0.0955213983403282,0.18735299401796143,0.2828743923582895
Lots-of-LoRAs,task0926,-0.12474423516424224,0.19719024458186038,0.3219344797461028
Lots-of-LoRAs,task0926,-0.1619785501397774,0.41188850630047036,0.5738670564402478
Lots-of-LoRAs,task0926,-0.1538245659627797,0.41188850630047036,0.56571307226325
Lots-of-LoRAs,task0926,-0.17258008101350936,0.3784801869385222,0.5510602679520316
Lots-of-LoRAs,task0926,-0.15784550575277564,0.4671147656559252,0.6249602714087009
Lots-of-LoRAs,task0926,-0.27297912633819,0.4226956306702548,0.6956747570084448
Lots-of-LoRAs,task0926,-0.11328888741790304,0.5704570527031133,0.6837459401210164
Lots-of-LoRAs,task0926,-0.10111604349957544,0.6303048753801755,0.7314209188797508
Lots-of-LoRAs,task0926,-0.14604579271967236,0.6338214266637983,0.7798672193834708
Lots-of-LoRAs,task0926,-0.20376609626913122,0.8460599446238333,1.0498260408929645
Lots-of-LoRAs,task0926,-0.11757247837400528,0.9567381686385925,1.074310647012598
Lots-of-LoRAs,task0926,-0.19807817510338763,1.0694991833417749,1.2675773584451624
Lots-of-LoRAs,task0926,-0.2568085243518742,1.0694991833417749,1.3263077076936491
Lots-of-LoRAs,task0926,-0.2548165760105617,1.012577763643186,1.2673943396537477
Lots-of-LoRAs,task0926,-0.2048119565461008,1.1030319643058237,1.3078439208519246
Lots-of-LoRAs,task0926,-0.1921748127037947,1.0874874419463252,1.2796622546501197
Lots-of-LoRAs,task0926,-0.031391229121105306,1.1766132653570103,1.2080044944781156
Lots-of-LoRAs,task0926,-0.015049542997001451,1.2014356721913884,1.2164852151883898
Lots-of-LoRAs,task0926,-0.10747828973038985,1.2702872547855222,1.377765544515912
Lots-of-LoRAs,task0926,-0.07660209359305672,1.564494886679163,1.6410969802722197
Lots-of-LoRAs,task0926,-0.06684764003115556,1.6123505621662224,1.6791982021973781
Lots-of-LoRAs,task0926,-0.09340703874623768,1.4979424532636763,1.5913494920099138
Lots-of-LoRAs,task0926,-0.12842200296866288,1.4979424532636763,1.6263644562323392
Lots-of-LoRAs,task0926,-0.09162033016668701,1.4388539684408148,1.530474298607502
Lots-of-LoRAs,task0926,0.09794709968205287,1.4715186336071562,1.3735715339251031
Lots-of-LoRAs,task0926,0.05649292375781075,1.5277923734744612,1.4712994497166505
Lots-of-LoRAs,task0926,0.14400714016210073,1.5009596649772674,1.3569525248151666
Lots-of-LoRAs,task0926,-0.042538864910887125,1.4665979100910376,1.5091367750019247
Lots-of-LoRAs,task0926,0.2524144550609832,2.134061639670171,1.881647184609188
Lots-of-LoRAs,task0926,0.28269502810986324,2.134061639670171,1.851366611560308
Lots-of-LoRAs,task0926,0.21757293487234988,1.547462202366354,1.329889267494004
Lots-of-LoRAs,task0926,0.5051311541005854,1.7616616467230006,1.2565304926224152
Lots-of-LoRAs,task0926,0.4629990977478128,2.0166327065512397,1.5536336088034268
Lots-of-LoRAs,task0926,0.9565626769162582,1.7611839626200727,0.8046212857038146
Lots-of-LoRAs,task0926,0.20053570190608652,2.0436677600938107,1.843132058187724
Lots-of-LoRAs,task0926,0.5287358653820242,2.12500806710076,1.5962722017187359
Lots-of-LoRAs,task0926,0.4315698657869189,2.12500806710076,1.693438201313841
Lots-of-LoRAs,task0926,0.39102662176134073,2.490285461399858,2.099258839638517
Lots-of-LoRAs,task0926,0.1712135019023374,2.438386084138714,2.267172582236377
Lots-of-LoRAs,task0926,-0.35622288531282664,1.9839267646999215,2.3401496500127483
Lots-of-LoRAs,task0926,0.2447774205835485,2.8832236499037522,2.638446229320204
Lots-of-LoRAs,task0926,0.034276246504047175,3.218064072367657,3.1837878258636096
Lots-of-LoRAs,task0926,-0.15778613412907705,2.7165858143715695,2.8743719485006465
Lots-of-LoRAs,task0926,0.27394821696875965,2.722822545872383,2.4488743289036234
Lots-of-LoRAs,task0926,0.7394021474696901,1.9488015819614146,1.2093994344917243
Lots-of-LoRAs,task0926,-0.014586497497971595,2.668873160224202,2.6834596577221737
Lots-of-LoRAs,task0926,0.48223649109443384,3.1022561731612144,2.6200196820667805
Lots-of-LoRAs,task0926,0.5176623338361338,2.8706895487210256,2.3530272148848916
Lots-of-LoRAs,task0926,0.6348155118270543,3.1646615063371866,2.5298459945101324
Lots-of-LoRAs,task0926,0.5738843689243683,3.7702811898415782,3.19639682091721
Lots-of-LoRAs,task0926,0.5012933197169913,2.772105902733326,2.2708125830163346
Lots-of-LoRAs,task0926,0.6669828133535042,2.6081174776055134,1.941134664252009
Lots-of-LoRAs,task0926,0.8859935806498995,2.791697537452185,1.9057039568022855
Lots-of-LoRAs,task0926,0.8049922317687931,3.6381735419779404,2.8331813102091474
Lots-of-LoRAs,task0926,0.42112551838120355,2.8307944209279876,2.409668902546784
Lots-of-LoRAs,task0926,0.6793184535823912,3.094000995263304,2.4146825416809126
Lots-of-LoRAs,task0926,0.5613145337172945,3.3609130606809203,2.799598526963626
Lots-of-LoRAs,task0926,0.5454688036342918,3.4570040089250993,2.9115352052908072
Lots-of-LoRAs,task0926,0.35157857535343523,3.4480776374040536,3.0964990620506185
Lots-of-LoRAs,task0926,0.19107712450621256,2.9789828966067176,2.7879057721005047
Lots-of-LoRAs,task0926,0.03731314433689108,3.8572575614992473,3.819944417162356
Lots-of-LoRAs,task0926,1.0665703862915776,3.681108455518879,2.6145380692273013
Lots-of-LoRAs,task0926,-0.368414911910539,2.7918161476929892,3.1602310596035283
Lots-of-LoRAs,task0926,0.726933682793026,3.4056750683163823,2.6787413855233564
Lots-of-LoRAs,task0926,0.07448976693518596,3.4056750683163823,3.3311853013811965
Lots-of-LoRAs,task0926,-0.9721475468063122,2.9354243561108015,3.907571902917114
Lots-of-LoRAs,task0926,-1.8977558896977818,1.4842892162237722,3.382045105921554
Lots-of-LoRAs,task0963,0.16322314104828262,-0.444604789639744,-0.6078279306880264
Lots-of-LoRAs,task0963,0.7727495558878309,0.13181084473672613,-0.6409387111511049
Lots-of-LoRAs,task0963,0.6863499904430808,0.3640032288351558,-0.32234676160792497
Lots-of-LoRAs,task0963,0.8167411314096162,0.5702221951517278,-0.24651893625788843
Lots-of-LoRAs,task0963,0.990758817162121,0.6324216258470152,-0.35833719131510566
Lots-of-LoRAs,task0963,1.020772447627444,0.6190397989546782,-0.40173264867276587
Lots-of-LoRAs,task0963,1.0593060073483134,0.9190028051152455,-0.14030320223306808
Lots-of-LoRAs,task0963,0.9743069466640655,1.0767208281280014,0.10241388146393587
Lots-of-LoRAs,task0963,0.9848855492616319,1.123304773074927,0.13841922381329488
Lots-of-LoRAs,task0963,1.0256545724308344,1.2110676502507123,0.18541307781987795
Lots-of-LoRAs,task0963,0.9406854880227015,1.1890758711474192,0.2483903831247176
Lots-of-LoRAs,task0963,0.9826838690308344,1.247523918739628,0.26484004970879355
Lots-of-LoRAs,task0963,1.0846688557674966,1.3154861492331154,0.23081729346561872
Lots-of-LoRAs,task0963,1.0118030094971875,1.4345880668009787,0.4227850573037911
Lots-of-LoRAs,task0963,1.0294822815690472,1.5378377298151558,0.5083554482461086
Lots-of-LoRAs,task0963,0.9169390162388967,1.6123980277538774,0.6954590115149806
Lots-of-LoRAs,task0963,0.9054657856085238,1.6423429135645735,0.7368771279560496
Lots-of-LoRAs,task0963,0.9495988304427557,1.7033815383472029,0.7537827079044471
Lots-of-LoRAs,task0963,0.9939705011187107,1.769379247543358,0.7754087464246474
Lots-of-LoRAs,task0963,0.8942864052018866,1.769379247543358,0.8750928423414714
Lots-of-LoRAs,task0963,0.9929798297031279,1.7587722810843893,0.7657924513812615
Lots-of-LoRAs,task0963,0.9964200198792497,1.7390527259248374,0.7426327060455877
Lots-of-LoRAs,task0963,1.0056497703562357,1.775353349191436,0.7697035788352004
Lots-of-LoRAs,task0963,0.939119575193361,1.8628571520660768,0.9237375768727156
Lots-of-LoRAs,task0963,1.0011412268714968,1.8381144112387917,0.8369731843672951
Lots-of-LoRAs,task0963,0.9596892121881496,1.9206365334347504,0.9609473212466008
Lots-of-LoRAs,task0963,1.2090621267903674,1.9414089534113055,0.7323468266209381
Lots-of-LoRAs,task0963,1.1059128931899498,1.9182138919787137,0.812300998788764
Lots-of-LoRAs,task0963,1.115738346554885,2.109689987376452,0.9939516408215672
Lots-of-LoRAs,task0963,1.137903511957172,2.109689987376452,0.9717864754192798
Lots-of-LoRAs,task0963,1.2043781984832749,2.240882420830812,1.0365042223475371
Lots-of-LoRAs,task0963,1.2547458532244615,2.240882420830812,0.9861365676063504
Lots-of-LoRAs,task0963,1.185294097301762,2.264001539297345,1.0787074419955827
Lots-of-LoRAs,task0963,1.1261185154198046,2.35050013105746,1.2243816156376552
Lots-of-LoRAs,task0963,0.990572360603082,2.3206174756148275,1.3300451150117458
Lots-of-LoRAs,task0963,1.0764141051968292,2.2615742139037596,1.1851601087069306
Lots-of-LoRAs,task0963,0.9909122010330345,2.3400654836810983,1.349153282648064
Lots-of-LoRAs,task0963,1.0989328923491817,2.3400654836810983,1.2411325913319164
Lots-of-LoRAs,task0963,1.1586485611129407,2.4274139459260997,1.268765384813159
Lots-of-LoRAs,task0963,1.0600810544184576,2.677401696315174,1.6173206418967165
Lots-of-LoRAs,task0963,0.9056350030547892,2.523894195466129,1.6182591924113394
Lots-of-LoRAs,task0963,1.1343973669212017,2.4808151644506564,1.346417797529455
Lots-of-LoRAs,task0963,1.022312141398306,2.382628306726553,1.3603161653282467
Lots-of-LoRAs,task0963,1.1543167421625713,2.3980559559936827,1.2437392138311116
Lots-of-LoRAs,task0963,1.0218301268882923,2.2931800085628966,1.2713498816746045
Lots-of-LoRAs,task0963,1.1212447138394577,2.2035371692338384,1.082292455394381
Lots-of-LoRAs,task0963,1.2574966492787558,2.2035371692338384,0.9460405199550826
Lots-of-LoRAs,task0963,1.2627562883090564,2.5778674923394997,1.3151112040304436
Lots-of-LoRAs,task0963,1.3282081232158216,2.7477238477538872,1.4195157245380658
Lots-of-LoRAs,task0963,1.2214926886703394,2.6367994124927905,1.4153067238224508
Lots-of-LoRAs,task0963,1.2760479829296565,2.720046550086154,1.4439985671564974
Lots-of-LoRAs,task0963,1.1309085438657727,2.720046550086154,1.5891380062203817
Lots-of-LoRAs,task0963,1.1869167275569632,2.8180928493368733,1.6311761217799101
Lots-of-LoRAs,task0963,1.089334181447159,2.7787767128488854,1.6894425314017265
Lots-of-LoRAs,task0963,1.1653844760940277,2.7607855694425245,1.5954010933484966
Lots-of-LoRAs,task0963,1.1116125387195959,2.9266741716150078,1.8150616328954121
Lots-of-LoRAs,task0963,1.1428915042038856,2.988552357524046,1.8456608533201602
Lots-of-LoRAs,task0963,1.144061987231915,2.7693708901128047,1.6253089028808891
Lots-of-LoRAs,task0963,1.0620492633836078,2.795923767967165,1.7338745045835573
Lots-of-LoRAs,task0963,1.4535579471239868,2.743549201126888,1.2899912540029013
Lots-of-LoRAs,task0963,1.3221211841880092,2.9716836679760137,1.6495624837880045
Lots-of-LoRAs,task0963,1.2082853337334585,2.9784173390336357,1.7701320053001772
Lots-of-LoRAs,task0963,1.475806614000275,3.192381658870394,1.716575044870119
Lots-of-LoRAs,task0963,1.197710190129098,2.573157713960464,1.3754475238313661
Lots-of-LoRAs,task0963,1.4455814074131936,3.0428087299640776,1.5972273225508837
Lots-of-LoRAs,task0963,1.372911611775931,3.141574599723354,1.7686629879474227
Lots-of-LoRAs,task0963,1.4137763712999292,2.96820639409304,1.5544300227931105
Lots-of-LoRAs,task0963,0.9054407035706854,3.1354207397158036,2.2299800361451183
Lots-of-LoRAs,task0963,1.1413406441887926,3.2373031834686423,2.09596253927985
Lots-of-LoRAs,task0963,0.9937243380129576,3.2195806302888585,2.225856292275901
Lots-of-LoRAs,task0963,1.0030659073469204,3.1687430008751036,2.165677093528183
Lots-of-LoRAs,task0963,1.0471320358065133,3.051066080047626,2.0039340442411127
Lots-of-LoRAs,task0963,0.7218139549773204,3.128883671597036,2.4070697166197155
Lots-of-LoRAs,task0963,0.7257675245922399,3.2518777239972074,2.5261101994049673
Lots-of-LoRAs,task0963,1.0030927272993477,2.810886209323415,1.807793482024067
Lots-of-LoRAs,task0963,0.8818246532482374,3.2930396637338815,2.411215010485644
Lots-of-LoRAs,task0963,0.7535297051590235,2.9596921298328622,2.2061624246738387
Lots-of-LoRAs,task0963,0.4754756892078867,3.275394043159894,2.799918353952007
Lots-of-LoRAs,task0963,0.39250898086849834,3.2204693745055852,2.827960393637087
Lots-of-LoRAs,task0963,-0.027060492953736325,3.058450187969812,3.0855106809235484
Lots-of-LoRAs,task0963,-0.4671345730407925,2.405209252880895,2.8723438259216874
Lots-of-LoRAs,task0963,-0.965346522314254,1.8231482327766082,2.788494755090862
Lots-of-LoRAs,task1037,-0.8427169625763096,-1.1213065526237243,-0.2785895900474149
Lots-of-LoRAs,task1037,-0.32127976156385846,-0.9423084753438115,-0.6210287137799527
Lots-of-LoRAs,task1037,-0.2607158632686573,-0.8714985809841181,-0.6107827177154608
Lots-of-LoRAs,task1037,-0.19376985105856614,-0.8175802183953329,-0.6238103673367666
Lots-of-LoRAs,task1037,-0.10677929542053043,-0.7233787094170373,-0.6165994139965069
Lots-of-LoRAs,task1037,-0.06629215032992408,-0.669755155389457,-0.603463005059533
Lots-of-LoRAs,task1037,0.015542560378029216,-0.6803238637257399,-0.6958664241037693
Lots-of-LoRAs,task1037,0.07784797376204364,-0.6031639454407479,-0.6810119192027915
Lots-of-LoRAs,task1037,0.16643922700109404,-0.5671830816008248,-0.7336223086019187
Lots-of-LoRAs,task1037,0.19171434868673845,-0.5023196164903967,-0.6940339651771353
Lots-of-LoRAs,task1037,0.36815549217853705,-0.41154211515517675,-0.7796976073337138
Lots-of-LoRAs,task1037,0.4454938918399398,-0.329202300951772,-0.7746961927917116
Lots-of-LoRAs,task1037,0.4875426843929155,-0.3212846218438216,-0.8088273062367372
Lots-of-LoRAs,task1037,0.459147648289231,-0.21091656385183094,-0.6700642121410618
Lots-of-LoRAs,task1037,0.5224343892877081,-0.08247423562848312,-0.6049086249161912
Lots-of-LoRAs,task1037,0.553221830775807,-0.009495598607863264,-0.5627174293836703
Lots-of-LoRAs,task1037,0.5947777441615711,0.029166793194823227,-0.5656109509667478
Lots-of-LoRAs,task1037,0.6427925917037556,0.05548987806874736,-0.5873027136350082
Lots-of-LoRAs,task1037,0.6360398153475584,0.08208691880322216,-0.5539528965443361
Lots-of-LoRAs,task1037,0.7061225867386076,0.10445763722952527,-0.6016649495090822
Lots-of-LoRAs,task1037,0.7131267303243528,0.121688769978301,-0.591437960346052
Lots-of-LoRAs,task1037,0.7115818452360351,0.19961452407535604,-0.5119673211606792
Lots-of-LoRAs,task1037,0.7610631966218994,0.22760640020567452,-0.5334567964162248
Lots-of-LoRAs,task1037,0.7388841410533489,0.26970192184846614,-0.4691822192048827
Lots-of-LoRAs,task1037,0.7484610152421898,0.333595942416636,-0.41486507282555374
Lots-of-LoRAs,task1037,0.8181073063966645,0.32279133535752047,-0.49531597103914393
Lots-of-LoRAs,task1037,0.8672331599751456,0.34885063370275554,-0.51838252627239
Lots-of-LoRAs,task1037,0.8158902770600278,0.3939619135929476,-0.4219283634670804
Lots-of-LoRAs,task1037,0.838988575794183,0.43155673568951647,-0.4074318401046665
Lots-of-LoRAs,task1037,0.884007016707506,0.46091148236990215,-0.423095534337604
Lots-of-LoRAs,task1037,0.8292053055525686,0.5168708749261667,-0.312334430626402
Lots-of-LoRAs,task1037,0.893809779687171,0.5294486741412776,-0.3643611055458933
Lots-of-LoRAs,task1037,0.8592842760229998,0.7064672387326831,-0.15281703729031673
Lots-of-LoRAs,task1037,0.8364900985635987,0.7794250025793662,-0.05706509598423252
Lots-of-LoRAs,task1037,0.8867122022774985,0.8035060226253711,-0.08320617965212755
Lots-of-LoRAs,task1037,0.8673756220053613,0.8941180968006275,0.026742474795266234
Lots-of-LoRAs,task1037,0.9095392576604315,0.9294090653232656,0.019869807662834058
Lots-of-LoRAs,task1037,0.9375076831753189,1.1307335966050878,0.19322591342976872
Lots-of-LoRAs,task1037,0.9246746940524709,1.17387619034856,0.24920149629608887
Lots-of-LoRAs,task1037,0.934065817437385,1.1667017426539608,0.23263592521657572
Lots-of-LoRAs,task1037,0.8890195799061769,1.1900718593171573,0.3010522794109806
Lots-of-LoRAs,task1037,0.990460000651441,1.1959995456763792,0.20553954502493818
Lots-of-LoRAs,task1037,1.0311087514968569,1.1959995456763792,0.16489079417952238
Lots-of-LoRAs,task1037,1.05531552003637,1.2541033870615717,0.19878786702520165
Lots-of-LoRAs,task1037,1.1272419026245317,1.2655856530351128,0.13834375041058103
Lots-of-LoRAs,task1037,1.1464340706453224,1.3027599860689494,0.15632591542362673
Lots-of-LoRAs,task1037,1.2398623657726022,1.3977268930983164,0.15786452732571396
Lots-of-LoRAs,task1037,1.150288730630874,1.4836010811956848,0.3333123505648105
Lots-of-LoRAs,task1037,1.1103162125231547,1.5166509735152724,0.40633476099211785
Lots-of-LoRAs,task1037,1.2089335586569807,1.5790616328803808,0.3701280742234
Lots-of-LoRAs,task1037,1.1591196359436968,1.6328502447094038,0.4737306087657068
Lots-of-LoRAs,task1037,1.1470981507232914,1.6472270661827537,0.5001289154594625
Lots-of-LoRAs,task1037,1.1958107191236151,1.7426718946731365,0.5468611755495213
Lots-of-LoRAs,task1037,1.154660238665092,1.8273177959540294,0.6726575572889376
Lots-of-LoRAs,task1037,1.1329715613553737,1.8273177959540294,0.6943462345986556
Lots-of-LoRAs,task1037,1.1359998155148863,2.040425072673473,0.9044252571585868
Lots-of-LoRAs,task1037,1.2555484090859506,2.1448652950039735,0.8893168859180227
Lots-of-LoRAs,task1037,1.2345660089635433,2.130108508795809,0.8955424998322659
Lots-of-LoRAs,task1037,1.2039584856026666,2.218770701257414,1.0148122156547474
Lots-of-LoRAs,task1037,1.0619409822180053,2.3017216168500982,1.2397806346320932
Lots-of-LoRAs,task1037,1.0899407119889344,2.3340464975073254,1.244105785518391
Lots-of-LoRAs,task1037,1.1670720766526925,2.428588456615637,1.2615163799629445
Lots-of-LoRAs,task1037,1.206232868215142,2.4614179244494543,1.2551850562343125
Lots-of-LoRAs,task1037,1.141347899343958,2.5638670814814986,1.4225191821375407
Lots-of-LoRAs,task1037,1.0698036898413663,2.584188885599964,1.5143851957585979
Lots-of-LoRAs,task1037,1.0689527310948699,2.770382050084751,1.7014293189898815
Lots-of-LoRAs,task1037,1.18365898675808,2.740484534470449,1.5568255477123687
Lots-of-LoRAs,task1037,0.9376277038057813,2.680516524438867,1.7428888206330857
Lots-of-LoRAs,task1037,0.9457770306844959,2.801999782574835,1.856222751890339
Lots-of-LoRAs,task1037,1.0794029336010535,2.7354010175466823,1.6559980839456285
Lots-of-LoRAs,task1037,1.0245000211257171,2.669004495710383,1.644504474584666
Lots-of-LoRAs,task1037,0.9697088916103351,2.774588567601829,1.804879675991494
Lots-of-LoRAs,task1037,1.0595897312483946,2.933357679444975,1.8737679481965805
Lots-of-LoRAs,task1037,1.1101379947251833,2.9108847635916955,1.8007467688665124
Lots-of-LoRAs,task1037,0.9806075985220165,2.8327275657003312,1.8521199671783146
Lots-of-LoRAs,task1037,0.9771127836933509,2.9125953651221748,1.935482581428824
Lots-of-LoRAs,task1037,0.9244590248072915,2.793098984435365,1.8686399596280734
Lots-of-LoRAs,task1037,0.7696600074999185,2.924015693716012,2.1543556862160935
Lots-of-LoRAs,task1037,0.6759812764847906,2.8407934493364815,2.1648121728516907
Lots-of-LoRAs,task1037,0.5432592058365121,2.7073672377652955,2.1641080319287833
Lots-of-LoRAs,task1037,0.3348052429876216,2.3461832146672665,2.0113779716796447
Lots-of-LoRAs,task1037,-0.03491242805703966,2.0848593223057477,2.119771750362787
Lots-of-LoRAs,task1037,-0.7116852799264731,1.514197174418231,2.225882454344704
Lots-of-LoRAs,task1111,-0.32100597351654253,-0.8024796115557741,-0.4814736380392315
Lots-of-LoRAs,task1111,-0.2825102962780669,-0.7438343197436944,-0.46132402346562756
Lots-of-LoRAs,task1111,-0.2588494023517937,-0.7137441100803569,-0.4548947077285632
Lots-of-LoRAs,task1111,-0.2457616424174812,-0.7098511610909767,-0.46408951867349546
Lots-of-LoRAs,task1111,-0.12550518189220236,-0.6410704958794231,-0.5155653139872207
Lots-of-LoRAs,task1111,-0.09826028169861745,-0.516847474535816,-0.41858719283719864
Lots-of-LoRAs,task1111,-0.08538109240775163,-0.44119183585052024,-0.35581074344276853
Lots-of-LoRAs,task1111,-0.08540288204632566,-0.4147392177054585,-0.3293363356591327
Lots-of-LoRAs,task1111,-0.03544299879227497,-0.35578283610532246,-0.32033983731304755
Lots-of-LoRAs,task1111,-0.018434388483577178,-0.31148963081802505,-0.29305524233444785
Lots-of-LoRAs,task1111,0.03561214619281839,-0.28203560992806487,-0.31764775612088303
Lots-of-LoRAs,task1111,0.1112233482525895,-0.25147170161460364,-0.3626950498671932
Lots-of-LoRAs,task1111,0.17386211146025862,-0.23031440888251148,-0.4041765203427701
Lots-of-LoRAs,task1111,0.19447901404990087,-0.21549005345406633,-0.4099690675039673
Lots-of-LoRAs,task1111,0.20485217661491747,-0.2178118654651581,-0.4226640420800755
Lots-of-LoRAs,task1111,0.22460607666750365,-0.21117572599891404,-0.43578180266641764
Lots-of-LoRAs,task1111,0.21067420825527092,-0.21366194889886772,-0.4243361571541385
Lots-of-LoRAs,task1111,0.25467949409242835,-0.2187957300577721,-0.4734752241502005
Lots-of-LoRAs,task1111,0.3046316875417744,-0.21953805512300445,-0.5241697426647789
Lots-of-LoRAs,task1111,0.3312165973086503,-0.21114925242423227,-0.5423658497328827
Lots-of-LoRAs,task1111,0.39308596644763916,-0.19758207564196487,-0.590668042089604
Lots-of-LoRAs,task1111,0.4092261076237314,-0.13646573927634603,-0.5456918469000775
Lots-of-LoRAs,task1111,0.4632108814423091,-0.11983120879937637,-0.5830420902416856
Lots-of-LoRAs,task1111,0.46065219345053005,-0.10106037843003134,-0.5617125718805613
Lots-of-LoRAs,task1111,0.4824912836109588,-0.09490426898048468,-0.5773955525914437
Lots-of-LoRAs,task1111,0.4819483082358542,-0.08320119802449268,-0.5651495062603467
Lots-of-LoRAs,task1111,0.5237771032036042,-0.07578821102882688,-0.599565314232431
Lots-of-LoRAs,task1111,0.5053466901401557,-0.0525127450606373,-0.5578594352007931
Lots-of-LoRAs,task1111,0.5562406398385421,-0.04314136324756513,-0.5993820030861075
Lots-of-LoRAs,task1111,0.5697625659052521,-0.03616076895669988,-0.605923334861952
Lots-of-LoRAs,task1111,0.5805765697117926,-0.04034499626466186,-0.6209215659764545
Lots-of-LoRAs,task1111,0.588577238617626,-0.029872574940663723,-0.6184498135582897
Lots-of-LoRAs,task1111,0.6255979325740598,-0.03444858924699132,-0.660046521821051
Lots-of-LoRAs,task1111,0.6477583381880385,-0.02253794413454601,-0.6702962823225844
Lots-of-LoRAs,task1111,0.6620326948336408,0.00037996047611084524,-0.6616527343575298
Lots-of-LoRAs,task1111,0.675222514494707,0.01736489776036032,-0.6578576167343466
Lots-of-LoRAs,task1111,0.6884951413423271,0.05864198995402038,-0.6298531513883068
Lots-of-LoRAs,task1111,0.7049881553155424,0.04975756324127036,-0.6552305920742721
Lots-of-LoRAs,task1111,0.6820616687942486,0.09249423047052531,-0.5895674383237233
Lots-of-LoRAs,task1111,0.6469219857408152,0.1256976927197743,-0.521224293021041
Lots-of-LoRAs,task1111,0.6954583330284735,0.13867498559378932,-0.5567833474346843
Lots-of-LoRAs,task1111,0.7198141973510572,0.11154190899939871,-0.6082722883516584
Lots-of-LoRAs,task1111,0.6961120154100614,0.11550318275079681,-0.5806088326592647
Lots-of-LoRAs,task1111,0.7385403780340222,0.13797710337901384,-0.6005632746550084
Lots-of-LoRAs,task1111,0.7210201229761668,0.18159113512561617,-0.5394289878505505
Lots-of-LoRAs,task1111,0.7344986593074633,0.24823611319217112,-0.4862625461152921
Lots-of-LoRAs,task1111,0.7670564270368255,0.334399775899612,-0.4326566511372135
Lots-of-LoRAs,task1111,0.7962586249721118,0.35081091423761107,-0.4454477107345008
Lots-of-LoRAs,task1111,0.7664980414087047,0.4157359928011473,-0.35076204860755733
Lots-of-LoRAs,task1111,0.8045697912994619,0.4003510798912419,-0.4042187114082198
Lots-of-LoRAs,task1111,0.8339297864415838,0.42957504639458766,-0.404354740046996
Lots-of-LoRAs,task1111,0.8367172325167943,0.4864918230011012,-0.35022540951569303
Lots-of-LoRAs,task1111,0.8835861155778851,0.5719584379290353,-0.3116276776488497
Lots-of-LoRAs,task1111,0.9202519226671253,0.5741763359916362,-0.34607558667548916
Lots-of-LoRAs,task1111,0.9946952098086506,0.5858774574115956,-0.4088177523970547
Lots-of-LoRAs,task1111,1.01680167831878,0.5900394052575467,-0.4267622730612332
Lots-of-LoRAs,task1111,1.0340228759148093,0.6048337769950936,-0.4291890989197158
Lots-of-LoRAs,task1111,1.024522980234122,0.7069292561805817,-0.31759372405354036
Lots-of-LoRAs,task1111,1.0308453020011326,0.7069292561805817,-0.32391604582055095
Lots-of-LoRAs,task1111,1.0283323224174399,0.7902520147538374,-0.2380803076636025
Lots-of-LoRAs,task1111,1.0780736228728653,0.8927038486256161,-0.18536977424724918
Lots-of-LoRAs,task1111,1.0607823028467027,0.9604271587028926,-0.10035514414381021
Lots-of-LoRAs,task1111,1.1483137952060942,1.0297521223485973,-0.11856167285749722
Lots-of-LoRAs,task1111,0.9951514878018478,1.0045274298366003,0.009375942034752421
Lots-of-LoRAs,task1111,1.113509236932917,1.0273316903807455,-0.0861775465521712
Lots-of-LoRAs,task1111,1.167432644727566,1.1553562261696024,-0.012076418557963526
Lots-of-LoRAs,task1111,1.080337813304399,1.1809394678881997,0.10060165458380069
Lots-of-LoRAs,task1111,1.0809348029163408,1.1730641438715195,0.09212934095517865
Lots-of-LoRAs,task1111,1.0268942544212576,1.4386767115344052,0.41178245711314754
Lots-of-LoRAs,task1111,1.0491513802586816,1.537194228425332,0.4880428481666504
Lots-of-LoRAs,task1111,1.020028739500321,1.5761748146393844,0.5561460751390634
Lots-of-LoRAs,task1111,0.9399956977815688,1.5775456064150155,0.6375499086334466
Lots-of-LoRAs,task1111,0.9223205444054626,1.6536067809158679,0.7312862365104053
Lots-of-LoRAs,task1111,0.9052379066741527,1.7420216905551544,0.8367837838810014
Lots-of-LoRAs,task1111,0.9559601922711536,1.7381987297871138,0.7822385375159601
Lots-of-LoRAs,task1111,0.8531851922384234,1.849508368002822,0.9963231757643983
Lots-of-LoRAs,task1111,0.8469041952831173,2.0000083879676764,1.153104192684559
Lots-of-LoRAs,task1111,0.7168882662868639,1.9701359124904414,1.2532476462035775
Lots-of-LoRAs,task1111,0.6620821835304666,1.9468630839892878,1.284780900458821
Lots-of-LoRAs,task1111,0.43135459161055534,1.8764642797718603,1.4451096881613048
Lots-of-LoRAs,task1111,0.2541237555001891,1.7438447120924283,1.4897209565922391
Lots-of-LoRAs,task1111,-0.28892454860627226,1.239893570518452,1.5288181191247243
Lots-of-LoRAs,task1148,-1.43055754825529,-2.299435618301417,-0.8688780700461274
Lots-of-LoRAs,task1148,-1.7515677792225124,-1.4836833844967912,0.2678843947257214
Lots-of-LoRAs,task1148,-2.3483999314606288,-1.853232340427248,0.4951675910333805
Lots-of-LoRAs,task1148,-2.3090166948858952,-1.7610944572012346,0.5479222376846606
Lots-of-LoRAs,task1148,-2.1943162988256293,-1.7848568285604187,0.4094594702652106
Lots-of-LoRAs,task1148,-2.0160183225759,-1.9523847430963783,0.06363357947952171
Lots-of-LoRAs,task1148,-1.905098198603039,-1.9870911864962262,-0.08199298789318692
Lots-of-LoRAs,task1148,-1.8051817740175808,-1.7153220439112957,0.08985973010628513
Lots-of-LoRAs,task1148,-2.2490152764887323,-1.5804369962317926,0.6685782802569399
Lots-of-LoRAs,task1148,-2.42530528024909,-1.4339210369989481,0.991384243250142
Lots-of-LoRAs,task1148,-2.6379919476324756,-1.3948815094854663,1.2431104381470093
Lots-of-LoRAs,task1148,-2.344969659215381,-1.4793393949101894,0.8656302643051915
Lots-of-LoRAs,task1148,-2.3882725109232585,-1.205723286538092,1.1825492243851663
Lots-of-LoRAs,task1148,-2.348555687944917,-1.1053444179861407,1.2432112699587765
Lots-of-LoRAs,task1148,-1.9590777306826839,-1.0515148755922634,0.9075628550904207
Lots-of-LoRAs,task1148,-2.5053126890216695,-0.8831394212981002,1.6221732677235692
Lots-of-LoRAs,task1148,-2.521750784546848,-0.7772339168744086,1.7445168676724394
Lots-of-LoRAs,task1148,-2.10897992403848,-0.7422184922087918,1.3667614318296883
Lots-of-LoRAs,task1148,-2.31717599432083,-0.561830891498889,1.755345102821941
Lots-of-LoRAs,task1148,-2.7633403581851734,-0.561830891498889,2.2015094666862844
Lots-of-LoRAs,task1148,-2.1877389765165267,-0.4453924894068556,1.7423464871096712
Lots-of-LoRAs,task1148,-2.2801293900291766,-0.4453924894068556,1.8347369006223209
Lots-of-LoRAs,task1148,-2.2424719645224283,-0.5733362744332301,1.6691356900891983
Lots-of-LoRAs,task1148,-2.369790175307375,-0.21322735222261394,2.156562823084761
Lots-of-LoRAs,task1148,-2.594606179083685,-0.42700437432207644,2.1676018047616084
Lots-of-LoRAs,task1148,-1.8707534492690159,-0.32021305932736555,1.5505403899416503
Lots-of-LoRAs,task1148,-1.7980632609011806,-0.03965086662298612,1.7584123942781946
Lots-of-LoRAs,task1148,-2.403243302786269,0.48440629855975303,2.8876496013460224
Lots-of-LoRAs,task1148,-1.7771451095247561,-0.036485020809560884,1.740660088715195
Lots-of-LoRAs,task1148,-1.7849344590032141,0.2892233951504439,2.074157854153658
Lots-of-LoRAs,task1148,-1.7805116581891858,-0.059134835282830665,1.7213768229063549
Lots-of-LoRAs,task1148,-1.8152751772926528,0.23437280785556835,2.0496479851482214
Lots-of-LoRAs,task1148,-1.816919064302117,0.3478178021605553,2.1647368664626723
Lots-of-LoRAs,task1148,-3.1573202949858463,0.1596780810817402,3.3169983760675863
Lots-of-LoRAs,task1148,-2.637985526584051,0.276420966452046,2.9144064930360973
Lots-of-LoRAs,task1148,-1.9614540007842969,0.7038992653696263,2.665353266153923
Lots-of-LoRAs,task1148,-1.9935937890768638,0.7038992653696263,2.69749305444649
Lots-of-LoRAs,task1148,-1.9967410817217441,0.6706064515646576,2.667347533286402
Lots-of-LoRAs,task1148,-2.7829106617679655,0.6507631457469062,3.4336738075148716
Lots-of-LoRAs,task1148,-2.025821534287455,0.5017032204364167,2.5275247547238715
Lots-of-LoRAs,task1148,-1.0978439616796045,0.16179817318015588,1.2596421348597604
Lots-of-LoRAs,task1148,-1.1005614516609572,0.6607911371339478,1.7613525887949049
Lots-of-LoRAs,task1148,-2.2303199222625056,1.166565513169808,3.3968854354323135
Lots-of-LoRAs,task1148,-2.2168787809386723,0.8093914378901625,3.026270218828835
Lots-of-LoRAs,task1148,-3.0554521463089706,1.0661578935314433,4.121610039840414
Lots-of-LoRAs,task1148,-2.384608012990511,1.8006998715160116,4.185307884506522
Lots-of-LoRAs,task1148,-2.3638981141771134,1.3212904371027885,3.685188551279902
Lots-of-LoRAs,task1148,-2.4652500095761547,1.3135369802846595,3.778786989860814
Lots-of-LoRAs,task1148,-3.252897317524361,1.242186097185381,4.495083414709741
Lots-of-LoRAs,task1148,-2.6359023238499555,1.1496408043275337,3.785543128177489
Lots-of-LoRAs,task1148,-2.572418476616876,1.8322791670090977,4.4046976436259735
Lots-of-LoRAs,task1148,-3.4445957805480574,1.0556637847703434,4.500259565318401
Lots-of-LoRAs,task1148,-3.507956832578715,1.0978516764405846,4.6058085090193
Lots-of-LoRAs,task1148,-3.5848082655655835,1.983261923159214,5.568070188724797
Lots-of-LoRAs,task1148,-2.9654172563696353,1.2669537745643888,4.232371030934025
Lots-of-LoRAs,task1148,-3.710355022963113,1.6295482021792527,5.339903225142366
Lots-of-LoRAs,task1148,-3.0546173636604377,2.418337698711412,5.47295506237185
Lots-of-LoRAs,task1148,-3.8252613490224254,1.0148893753797352,4.840150724402161
Lots-of-LoRAs,task1148,-3.0825268831809582,3.1231383459772735,6.205665229158232
Lots-of-LoRAs,task1148,-3.1564348652230523,2.0174031464631894,5.173838011686242
Lots-of-LoRAs,task1148,-4.031298472459973,1.5902322297084182,5.621530702168391
Lots-of-LoRAs,task1148,-3.2830078319119873,1.4100449606990062,4.6930527926109935
Lots-of-LoRAs,task1148,-4.234625677977158,2.2253670202373974,6.459992698214555
Lots-of-LoRAs,task1148,-4.272937095236989,1.5077734448832252,5.780710540120214
Lots-of-LoRAs,task1148,-4.365034428857221,2.738347551646377,7.103381980503598
Lots-of-LoRAs,task1148,-3.703166920014715,3.190556896268362,6.893723816283077
Lots-of-LoRAs,task1148,-3.7786502350457423,3.1324571376725774,6.91110737271832
Lots-of-LoRAs,task1148,-2.4757350301236474,2.1671397671951,4.642874797318748
Lots-of-LoRAs,task1148,-3.863767626641396,3.354856307967076,7.218623934608472
Lots-of-LoRAs,task1148,-4.020899375522794,2.3689637007809097,6.389863076303704
Lots-of-LoRAs,task1148,-4.01696595364941,2.669144112765963,6.686110066415373
Lots-of-LoRAs,task1148,-4.129298352222877,1.525702635246668,5.6550009874695455
Lots-of-LoRAs,task1148,-4.21051957287001,2.7770726856268477,6.987592258496857
Lots-of-LoRAs,task1148,-2.9495480431895067,2.276496509941305,5.226044553130811
Lots-of-LoRAs,task1148,-3.069007188504649,2.55430809819706,5.623315286701708
Lots-of-LoRAs,task1148,-4.560447904811495,2.8489215488148667,7.409369453626361
Lots-of-LoRAs,task1148,-3.3223585005158114,6.210643040617838,9.533001541133649
Lots-of-LoRAs,task1148,-3.4826020387904597,1.8367385304455206,5.3193405692359805
Lots-of-LoRAs,task1148,-3.6423898945593796,2.5933484056333818,6.235738300192762
Lots-of-LoRAs,task1148,-3.865117693678463,2.3181988699305403,6.183316563609003
Lots-of-LoRAs,task1148,-4.0855252236172825,2.2817939421573707,6.367319165774654
Lots-of-LoRAs,task1148,-4.354354972389312,2.013994039755607,6.368349012144919
Lots-of-LoRAs,task1148,-4.811142190477278,2.9817720614089662,7.792914251886244
Lots-of-LoRAs,task1148,-5.3562956994097926,2.3923421734207855,7.748637872830577
Lots-of-LoRAs,task1333,-2.5558909231698324,-6.690946185615506,-4.1350552624456745
Lots-of-LoRAs,task1333,-2.135693949443795,-5.202238296008119,-3.066544346564324
Lots-of-LoRAs,task1333,-1.9201851942175152,-3.8558646864171897,-1.9356794921996745
Lots-of-LoRAs,task1333,-1.8187445032349752,-3.2613564515638744,-1.4426119483288993
Lots-of-LoRAs,task1333,-1.6938906337571007,-2.793194602573531,-1.0993039688164303
Lots-of-LoRAs,task1333,-0.842444830940395,-1.1460650652672562,-0.303620234326861
Lots-of-LoRAs,task1333,-0.6772717513003298,-0.976867288182611,-0.29959553688228124
Lots-of-LoRAs,task1333,-0.48786148435989163,-0.7897747375425835,-0.301913253182692
Lots-of-LoRAs,task1333,-0.3158090392992732,-0.6887771576364606,-0.3729681183371875
Lots-of-LoRAs,task1333,-0.1556977484938856,-0.5169598694852076,-0.3612621209913218
Lots-of-LoRAs,task1333,-0.0985954356051457,-0.4884366520525587,-0.389841216447413
Lots-of-LoRAs,task1333,0.006146108796597111,-0.30946092318025037,-0.31560703197684753
Lots-of-LoRAs,task1333,0.15895609298007585,-0.28288518890560593,-0.44184128188568167
Lots-of-LoRAs,task1333,0.1890493570189101,-0.1704765498303031,-0.35952590684921315
Lots-of-LoRAs,task1333,0.1598726259670533,-0.1704765498303031,-0.33034917579735634
Lots-of-LoRAs,task1333,0.13938125629013523,-0.05697150609189751,-0.1963527623820328
Lots-of-LoRAs,task1333,0.2856509078357442,0.09762141204842813,-0.18802949578731615
Lots-of-LoRAs,task1333,0.19970143209244431,0.10321008002021212,-0.0964913520722323
Lots-of-LoRAs,task1333,0.21872790880731008,0.25308119619725744,0.034353287389947335
Lots-of-LoRAs,task1333,0.21131032056844523,0.34126279271223237,0.12995247214378716
Lots-of-LoRAs,task1333,0.23063600980398577,0.39671940135085054,0.16608339154686474
Lots-of-LoRAs,task1333,0.2596356822779607,0.39671940135085054,0.13708371907289008
Lots-of-LoRAs,task1333,0.2894672069274035,0.6110159015947326,0.32154869466732916
Lots-of-LoRAs,task1333,0.4549356876110463,0.6110159015947326,0.1560802139836862
Lots-of-LoRAs,task1333,0.5296429731511746,0.6485507757448458,0.1189078025936712
Lots-of-LoRAs,task1333,0.5302970297245564,0.6252689277548603,0.09497189803030391
Lots-of-LoRAs,task1333,0.5910924668731433,0.8657158957881123,0.27462342891496905
Lots-of-LoRAs,task1333,0.5909163099780457,1.006262853706143,0.41534654372809743
Lots-of-LoRAs,task1333,0.6427146664670719,1.102538598233281,0.45982393176620906
Lots-of-LoRAs,task1333,0.650984254444864,1.213621526318011,0.5626372718731469
Lots-of-LoRAs,task1333,0.7815351582418956,1.2727521233502268,0.4912169651083312
Lots-of-LoRAs,task1333,0.7572999631817098,1.4240397863391454,0.6667398231574354
Lots-of-LoRAs,task1333,0.7143720549851111,1.3421919955827157,0.6278199405976047
Lots-of-LoRAs,task1333,0.9416997526055283,1.5256841535347885,0.5839844009292601
Lots-of-LoRAs,task1333,0.8043064611655903,1.6279645746806743,0.8236581135150843
Lots-of-LoRAs,task1333,0.7645768913214844,1.4723221090194787,0.7077452176979941
Lots-of-LoRAs,task1333,0.7638903596779141,1.5752410530790653,0.8113506934011512
Lots-of-LoRAs,task1333,0.9798309787172773,1.6830853039591909,0.7032543252419138
Lots-of-LoRAs,task1333,0.9025253119017426,1.6342503789905554,0.7317250670888126
Lots-of-LoRAs,task1333,0.7457647898610399,1.8553693328174203,1.1096045429563803
Lots-of-LoRAs,task1333,0.826613890907563,1.82168495967525,0.9950710687676869
Lots-of-LoRAs,task1333,0.8173865230048215,1.8827778762342717,1.0653913532294506
Lots-of-LoRAs,task1333,0.7359509776666345,1.963113448130932,1.2271624704642976
Lots-of-LoRAs,task1333,0.8813515155740483,1.9629016502546548,1.0815501346806065
Lots-of-LoRAs,task1333,0.8058376834988009,1.8201727631284177,1.0143350796296167
Lots-of-LoRAs,task1333,0.9550500390276314,2.077245868746678,1.1221958297190469
Lots-of-LoRAs,task1333,0.8424859946579439,2.2652107771424808,1.422724782484537
Lots-of-LoRAs,task1333,0.9704286036884558,2.1296752267437644,1.1592466230553087
Lots-of-LoRAs,task1333,0.8618586467646145,2.013563199143119,1.1517045523785043
Lots-of-LoRAs,task1333,1.1265612764559643,2.130780386833074,1.0042191103771099
Lots-of-LoRAs,task1333,1.112100379178683,2.2629318465008925,1.1508314673222093
Lots-of-LoRAs,task1333,0.8481072126155875,2.3566903362956175,1.5085831236800302
Lots-of-LoRAs,task1333,0.9185115706331283,2.3392714897084708,1.4207599190753428
Lots-of-LoRAs,task1333,0.9534488359879473,2.435358193242193,1.4819093572542454
Lots-of-LoRAs,task1333,0.956415168236673,2.70507522200808,1.7486600537714068
Lots-of-LoRAs,task1333,0.8674875117538102,3.026160473941202,2.1586729621873917
Lots-of-LoRAs,task1333,1.0342757912378273,2.933325464488858,1.8990496732510305
Lots-of-LoRAs,task1333,1.1747248042568317,2.8541977498820987,1.6794729456252673
Lots-of-LoRAs,task1333,1.2102276629331858,2.7874568462206915,1.5772291832875056
Lots-of-LoRAs,task1333,1.2241790471582557,2.797293142512382,1.5731140953541265
Lots-of-LoRAs,task1333,1.3389495579221582,3.248604314004586,1.9096547560824277
Lots-of-LoRAs,task1333,1.2650266402087003,3.025359217606131,1.7603325773974303
Lots-of-LoRAs,task1333,1.4174210768014073,3.1150788622024947,1.6976577854010877
Lots-of-LoRAs,task1333,1.3974273183514192,3.3409500072459446,1.9435226888945254
Lots-of-LoRAs,task1333,1.2275149732630413,3.423269749550619,2.1957547762875778
Lots-of-LoRAs,task1333,1.1397016077161628,3.243950068393343,2.1042484606771805
Lots-of-LoRAs,task1333,1.1433783198070882,3.461874443409739,2.3184961236026513
Lots-of-LoRAs,task1333,1.0697218346730526,3.357482438081805,2.2877606034087523
Lots-of-LoRAs,task1333,1.1763137660252743,3.275884379053565,2.0995706130282907
Lots-of-LoRAs,task1333,1.204817107915044,3.3570745268606377,2.152257418945594
Lots-of-LoRAs,task1333,1.03019612919997,3.1994790425077144,2.169282913307744
Lots-of-LoRAs,task1333,1.3159151385693897,3.425080991374849,2.109165852805459
Lots-of-LoRAs,task1333,1.4254940823218487,3.465453536834463,2.0399594545126147
Lots-of-LoRAs,task1333,1.6878263936623583,3.490811137827636,1.802984744165277
Lots-of-LoRAs,task1333,1.1539586701998192,3.442275272951836,2.2883166027520168
Lots-of-LoRAs,task1333,1.3579419528349363,3.130014706843478,1.772072754008542
Lots-of-LoRAs,task1333,1.3605473145693703,3.5590751485800602,2.1985278340106897
Lots-of-LoRAs,task1333,1.2069893691921665,3.147668407319313,1.9406790381271466
Lots-of-LoRAs,task1333,0.6157092231572033,3.002475045744947,2.3867658225877437
Lots-of-LoRAs,task1333,0.5650870728772214,3.4453222368306693,2.880235163953448
Lots-of-LoRAs,task1333,-0.15113279554802433,3.0664203728819994,3.2175531684300234
Lots-of-LoRAs,task1333,0.44288578724354116,2.9411717203336254,2.4982859330900844
Lots-of-LoRAs,task1333,-0.7918826251041888,2.908410999089982,3.7002936241941704
Lots-of-LoRAs,task1333,-1.7139405298201789,2.3656143422659617,4.079554872086141
Lots-of-LoRAs,task1333,-2.3461132820201547,1.4119873071381064,3.7581005891582606
Lots-of-LoRAs,task1370,0.04390087759224695,-1.7861303611065629,-1.8300312386988098
Lots-of-LoRAs,task1370,-0.03265254333218751,-1.5304209673203,-1.4977684239881124
Lots-of-LoRAs,task1370,0.1845819349198952,-0.9617145633622675,-1.1462964982821626
Lots-of-LoRAs,task1370,0.13961986267611762,-0.5927818226284944,-0.7324016853046119
Lots-of-LoRAs,task1370,0.2882448038386871,-0.6748290928594345,-0.9630738966981216
Lots-of-LoRAs,task1370,0.742714650242122,-0.05856522141225471,-0.8012798716543768
Lots-of-LoRAs,task1370,0.7243556693416859,-0.07033205539090444,-0.7946877247325904
Lots-of-LoRAs,task1370,0.9081463726756075,0.2942032177087807,-0.6139431549668268
Lots-of-LoRAs,task1370,1.0605470196186138,0.3737976049775755,-0.6867494146410382
Lots-of-LoRAs,task1370,1.0188291027999645,0.4449560220564999,-0.5738730807434643
Lots-of-LoRAs,task1370,1.2223559734031728,0.4025850024389215,-0.8197709709642513
Lots-of-LoRAs,task1370,1.3113677064217226,0.5590854133559094,-0.7522822930658134
Lots-of-LoRAs,task1370,1.3942813758323418,0.7022987093088556,-0.6919826665234862
Lots-of-LoRAs,task1370,1.2968827510948746,1.3317624350200272,0.03487968392515275
Lots-of-LoRAs,task1370,1.3309413352775472,1.3574265428459031,0.026485207568356105
Lots-of-LoRAs,task1370,1.4180794390478102,1.4193729051262471,0.0012934660784370252
Lots-of-LoRAs,task1370,1.4956185551838834,1.5534945568492766,0.057876001665393105
Lots-of-LoRAs,task1370,1.485198429428917,1.5534945568492766,0.06829612742035959
Lots-of-LoRAs,task1370,1.239039231610183,1.7289126437167674,0.4898734121065846
Lots-of-LoRAs,task1370,1.3839615321912848,1.7672883083506667,0.38332677615938215
Lots-of-LoRAs,task1370,1.5025389994752447,1.8814719162627942,0.37893291678754953
Lots-of-LoRAs,task1370,1.393453048642947,1.8814719162627942,0.48801886761984714
Lots-of-LoRAs,task1370,1.5519194255004383,1.9286110595881272,0.3766916340876889
Lots-of-LoRAs,task1370,1.3746837822606228,2.1382440701367047,0.7635602878760821
Lots-of-LoRAs,task1370,1.6587906746725005,2.204245559709719,0.5454548850372185
Lots-of-LoRAs,task1370,1.516223383067095,2.342678793136651,0.8264554100695558
Lots-of-LoRAs,task1370,1.406726314772528,2.228281127830695,0.821554813058167
Lots-of-LoRAs,task1370,1.6385688336281303,2.000116361911368,0.36154752828323794
Lots-of-LoRAs,task1370,1.4026086391596748,2.000116361911368,0.5975077227516934
Lots-of-LoRAs,task1370,1.4340893640931285,2.4975705065579903,1.0634811424648618
Lots-of-LoRAs,task1370,1.3526519157579375,2.4975705065579903,1.1449185908000525
Lots-of-LoRAs,task1370,1.2889670981433237,2.5730666714955013,1.2840995733521776
Lots-of-LoRAs,task1370,1.291569916832184,2.6964496649876146,1.4048797481554305
Lots-of-LoRAs,task1370,1.2060622570088093,2.805690809554692,1.5996285525458824
Lots-of-LoRAs,task1370,1.3376488596838725,2.628707749274348,1.2910588895904755
Lots-of-LoRAs,task1370,1.5618919664230153,2.5061800592030092,0.9442880927799943
Lots-of-LoRAs,task1370,1.6106344189742146,2.667962323695203,1.0573279047209878
Lots-of-LoRAs,task1370,1.4696614412720908,2.8411357184315778,1.371474277159487
Lots-of-LoRAs,task1370,1.558138530411758,2.86893769894685,1.310799168535092
Lots-of-LoRAs,task1370,1.5164372000525301,2.830708094521635,1.314270894469105
Lots-of-LoRAs,task1370,1.451187182407922,2.7190577410160115,1.2678705586080896
Lots-of-LoRAs,task1370,1.5330761640703594,2.7881859101407263,1.255109746070367
Lots-of-LoRAs,task1370,1.4113727965832885,2.796224382440554,1.3848515858572656
Lots-of-LoRAs,task1370,1.343527487743967,2.9292309371433918,1.5857034493994249
Lots-of-LoRAs,task1370,1.5027580215755396,2.9873464797744096,1.4845884581988702
Lots-of-LoRAs,task1370,1.396209369448702,2.8823541077021884,1.4861447382534867
Lots-of-LoRAs,task1370,1.4860557598145672,2.7635844677196526,1.2775287079050852
Lots-of-LoRAs,task1370,1.6461762697492457,2.912905136380454,1.2667288666312078
Lots-of-LoRAs,task1370,1.5518327084459984,2.912919682034397,1.3610869735883986
Lots-of-LoRAs,task1370,1.6699670058484493,2.894850545166744,1.2248835393182949
Lots-of-LoRAs,task1370,1.4785464784382711,3.34547153196065,1.8669250535223787
Lots-of-LoRAs,task1370,1.7540208436037594,3.6068222725471024,1.8528014289433428
Lots-of-LoRAs,task1370,1.3895407200824499,3.444902699472799,2.0553619793903493
Lots-of-LoRAs,task1370,1.2980996631902741,3.413092503766202,2.114992840575928
Lots-of-LoRAs,task1370,1.2626466676520507,3.580630830861322,2.3179841632092715
Lots-of-LoRAs,task1370,1.39112936633354,3.4663456613101564,2.0752162949766166
Lots-of-LoRAs,task1370,1.3852871055468654,3.4663456613101564,2.0810585557632915
Lots-of-LoRAs,task1370,1.4353235631298724,3.529186013258577,2.0938624501287046
Lots-of-LoRAs,task1370,1.1479162776294438,3.889063214826141,2.741146937196697
Lots-of-LoRAs,task1370,1.4870973861716235,3.157850045744858,1.6707526595732347
Lots-of-LoRAs,task1370,1.22375398831316,4.0643509717932425,2.8405969834800824
Lots-of-LoRAs,task1370,1.3380166690965967,3.796000891883812,2.4579842227872155
Lots-of-LoRAs,task1370,1.5987067968461781,4.129338964123961,2.5306321672777825
Lots-of-LoRAs,task1370,1.0345627174486995,4.188532684526868,3.153969967078169
Lots-of-LoRAs,task1370,1.1975227134678528,3.4531273190402474,2.2556046055723944
Lots-of-LoRAs,task1370,1.5138183395936429,3.491595787557936,1.9777774479642931
Lots-of-LoRAs,task1370,1.1783663129978252,3.1828050018253253,2.0044386888275
Lots-of-LoRAs,task1370,1.3900571315806645,3.1828050018253253,1.7927478702446606
Lots-of-LoRAs,task1370,1.2138731235781088,3.7239550243963824,2.5100819008182738
Lots-of-LoRAs,task1370,0.9522910263026522,3.350045105258566,2.3977540789559137
Lots-of-LoRAs,task1370,0.9465911339049443,3.5277784166793937,2.5811872827744495
Lots-of-LoRAs,task1370,1.2680675620187722,3.1995530592545016,1.9314854972357292
Lots-of-LoRAs,task1370,0.8286209142186297,3.6174861554897726,2.788865241271143
Lots-of-LoRAs,task1370,1.0750918428147525,2.8846514618455186,1.8095596190307663
Lots-of-LoRAs,task1370,1.1506580356743152,3.6157451862945718,2.4650871506202563
Lots-of-LoRAs,task1370,0.7997806135740766,2.9640273784836975,2.164246764909621
Lots-of-LoRAs,task1370,0.5832296233705461,2.4197243302946774,1.8364947069241313
Lots-of-LoRAs,task1370,0.17025591158097564,2.4493737259484227,2.279117814367447
Lots-of-LoRAs,task1370,-0.0410245536761383,3.404383764881804,3.4454083185579423
Lots-of-LoRAs,task1370,-0.31508149534784374,2.1266793044100423,2.441760799757886
Lots-of-LoRAs,task1370,-0.22166936402702264,1.8601570741518494,2.081826438178872
Lots-of-LoRAs,task1370,-0.5287414229264774,3.041085040585622,3.5698264635120993
Lots-of-LoRAs,task1370,-2.138047748728079,1.4128145312161915,3.55086227994427
Lots-of-LoRAs,task1407,-0.8224731637775932,-1.4742191069962634,-0.6517459432186702
Lots-of-LoRAs,task1407,-0.2392007132610165,-0.6438695450148938,-0.4046688317538775
Lots-of-LoRAs,task1407,-0.14023917738599098,-0.6243273874624314,-0.48408821007644054
Lots-of-LoRAs,task1407,0.2800651049207305,-0.2626426379398161,-0.5427077428605466
Lots-of-LoRAs,task1407,0.34678080143342627,-0.19905702368237804,-0.5458378251158043
Lots-of-LoRAs,task1407,0.4447111952009511,-0.1435066954842392,-0.5882178906851904
Lots-of-LoRAs,task1407,0.6841334807716916,0.04387220585748643,-0.6402612749142048
Lots-of-LoRAs,task1407,0.7419690249308347,0.0862999371758637,-0.6556690877549709
Lots-of-LoRAs,task1407,0.794825798081135,0.0862999371758637,-0.7085258609052713
Lots-of-LoRAs,task1407,0.8214506562065661,0.15692162165744833,-0.6645290345491177
Lots-of-LoRAs,task1407,0.8683705846068853,0.24958046217739435,-0.6187901224294909
Lots-of-LoRAs,task1407,0.912634442704281,0.24958046217739435,-0.6630539805268867
Lots-of-LoRAs,task1407,0.9217893911165367,0.3806475790090463,-0.5411418121074902
Lots-of-LoRAs,task1407,0.9393336433831654,0.49181110827733476,-0.4475225351058307
Lots-of-LoRAs,task1407,0.94675423308797,0.5750517949173517,-0.37170243817061815
Lots-of-LoRAs,task1407,1.0123150648485406,0.5912290466953887,-0.42108601815315194
Lots-of-LoRAs,task1407,1.0582675464840783,0.6464644551122054,-0.4118030913718728
Lots-of-LoRAs,task1407,1.027257365414749,0.6707688789588859,-0.3564884864558632
Lots-of-LoRAs,task1407,1.0640326743729525,0.7144866899158178,-0.3495459844571347
Lots-of-LoRAs,task1407,1.1227350689154432,0.7955993747359363,-0.3271356941795069
Lots-of-LoRAs,task1407,1.1358279023678306,0.8319719616822452,-0.3038559406855853
Lots-of-LoRAs,task1407,1.1491999432654676,0.8628063544679745,-0.2863935887974933
Lots-of-LoRAs,task1407,1.2117390507063226,0.9050064658892418,-0.3067325848170808
Lots-of-LoRAs,task1407,1.2700766499414773,0.9603865530607154,-0.3096900968807619
Lots-of-LoRAs,task1407,1.2248266843977111,0.9849947261639116,-0.2398319582337996
Lots-of-LoRAs,task1407,1.3045006461319775,1.1338321960321338,-0.17066845009984385
Lots-of-LoRAs,task1407,1.3332146998848906,1.196386258920603,-0.1368284409642878
Lots-of-LoRAs,task1407,1.2873721145637806,1.2160732783085202,-0.0712988362552605
Lots-of-LoRAs,task1407,1.3629317044076465,1.2859657714050672,-0.07696593300257953
Lots-of-LoRAs,task1407,1.411144267905648,1.3459560350415607,-0.06518823286408713
Lots-of-LoRAs,task1407,1.4401827661968867,1.4222074424801088,-0.01797532371677807
Lots-of-LoRAs,task1407,1.4621095968550117,1.439242300261877,-0.022867296593134658
Lots-of-LoRAs,task1407,1.5006553198858774,1.4804356634028932,-0.02021965648298408
Lots-of-LoRAs,task1407,1.5060180924209474,1.5459461278450912,0.03992803542414366
Lots-of-LoRAs,task1407,1.5534034767072824,1.5807633717064493,0.027359894999166644
Lots-of-LoRAs,task1407,1.588598554042169,1.6340601677335784,0.04546161369140925
Lots-of-LoRAs,task1407,1.5745878184495963,1.6442206263474377,0.06963280789784161
Lots-of-LoRAs,task1407,1.5934024888295786,1.6419081141044296,0.04850562527485101
Lots-of-LoRAs,task1407,1.5730890722652875,1.6884373475659604,0.11534827530067303
Lots-of-LoRAs,task1407,1.5426009805177765,1.6884373475659604,0.14583636704818387
Lots-of-LoRAs,task1407,1.5925489720416433,1.6988319614270704,0.10628298938542731
Lots-of-LoRAs,task1407,1.5640512656193393,1.6988319614270704,0.13478069580773117
Lots-of-LoRAs,task1407,1.6168588275653435,1.8929754611886072,0.27611663362326344
Lots-of-LoRAs,task1407,1.6382339704555446,1.939943268924727,0.30170929846918226
Lots-of-LoRAs,task1407,1.621544347377037,2.0760686985229473,0.4545243511459103
Lots-of-LoRAs,task1407,1.6457602869871755,2.1212494189446094,0.4754891319574337
Lots-of-LoRAs,task1407,1.6939102251946632,2.1955065863188765,0.5015963611242134
Lots-of-LoRAs,task1407,1.6360625918492517,2.2300740709773432,0.5940114791280915
Lots-of-LoRAs,task1407,1.7412302792265932,2.4186834364005216,0.6774531571739285
Lots-of-LoRAs,task1407,1.727596487597144,2.52122811236354,0.7936316247663961
Lots-of-LoRAs,task1407,1.750147360015243,2.589122899560503,0.83897553954526
Lots-of-LoRAs,task1407,1.747556434971711,2.5975078645052574,0.8499514295335463
Lots-of-LoRAs,task1407,1.8255791486927953,2.6271890931589246,0.8016099444661294
Lots-of-LoRAs,task1407,1.751574144772801,2.637859942015256,0.8862857972424554
Lots-of-LoRAs,task1407,1.7821099961203186,2.7208970617783286,0.9387870656580102
Lots-of-LoRAs,task1407,1.7698544159246528,2.7708503807111144,1.0009959647864617
Lots-of-LoRAs,task1407,1.8358965746483176,2.8432199790946067,1.007323404446289
Lots-of-LoRAs,task1407,1.8444675631926317,2.9361592877030294,1.0916917245103976
Lots-of-LoRAs,task1407,1.8131579622395766,2.993581862264431,1.1804239000248542
Lots-of-LoRAs,task1407,1.7612209110860113,2.9895382874111758,1.2283173763251647
Lots-of-LoRAs,task1407,1.788749937851862,3.1185749845098547,1.3298250466579926
Lots-of-LoRAs,task1407,1.7913802274788782,3.1251992417280423,1.3338190142491642
Lots-of-LoRAs,task1407,1.6740911187781229,3.1296552599460226,1.4555641411678997
Lots-of-LoRAs,task1407,1.7653989641932948,3.1715323424942485,1.4061333783009538
Lots-of-LoRAs,task1407,1.7275659245605166,3.159122410684466,1.4315564861239496
Lots-of-LoRAs,task1407,1.6507722972186996,3.1760070763635153,1.525234779144816
Lots-of-LoRAs,task1407,1.6043456333742878,3.2018276766218374,1.5974820432475494
Lots-of-LoRAs,task1407,1.544358648807033,3.3290251703273697,1.7846665215203366
Lots-of-LoRAs,task1407,1.5467941244840724,3.1705571880958034,1.6237630636117308
Lots-of-LoRAs,task1407,1.3538542739882877,3.1758979481586174,1.8220436741703299
Lots-of-LoRAs,task1407,1.2911521086632773,3.1030972194250404,1.811945110761763
Lots-of-LoRAs,task1407,1.3697240192504845,3.0190944423815393,1.6493704231310549
Lots-of-LoRAs,task1407,0.9587038876147472,3.085345284030108,2.126641396415361
Lots-of-LoRAs,task1407,0.8705838165636549,2.5756684529083778,1.705084636344723
Lots-of-LoRAs,task1407,0.5685623069491659,2.5756684529083778,2.007106145959212
Lots-of-LoRAs,task1407,-0.047032237856213244,1.979863955190682,2.026896193046895
Lots-of-LoRAs,task1444,-2.142554157831227,-8.276661157329078,-6.1341069994978525
Lots-of-LoRAs,task1444,-1.7668139314919893,-4.253701487507061,-2.486887556015071
Lots-of-LoRAs,task1444,-1.621039855569393,-3.8780246034703287,-2.2569847479009355
Lots-of-LoRAs,task1444,-1.4358676252815197,-2.949918499624089,-1.5140508743425696
Lots-of-LoRAs,task1444,-0.7736955156033062,-1.2538079000408664,-0.48011238443756027
Lots-of-LoRAs,task1444,-0.6472311089893087,-1.1668499082416295,-0.5196187992523209
Lots-of-LoRAs,task1444,-0.3997047211926381,-1.145554553509782,-0.745849832317144
Lots-of-LoRAs,task1444,-0.4356486092349288,-1.3228820548576394,-0.8872334456227109
Lots-of-LoRAs,task1444,-0.2892543172878726,-1.236181473322987,-0.9469271560351147
Lots-of-LoRAs,task1444,-0.24565649537176684,-1.5353276916926717,-1.2896711963209049
Lots-of-LoRAs,task1444,-0.032193510137031506,-1.1389111656544701,-1.1067176555174387
Lots-of-LoRAs,task1444,-0.04779334461264076,-1.2976538674712692,-1.2498605228586286
Lots-of-LoRAs,task1444,-0.06113116767094267,-1.2976538674712692,-1.2365226998003265
Lots-of-LoRAs,task1444,0.06168499578530407,-0.7965988576157503,-0.8582838534010544
Lots-of-LoRAs,task1444,0.17127975594822514,-0.6865735618763102,-0.8578533178245354
Lots-of-LoRAs,task1444,0.19684947080186724,-0.46468821425906714,-0.6615376850609344
Lots-of-LoRAs,task1444,0.22935628341765285,-0.402568165622201,-0.6319244490398537
Lots-of-LoRAs,task1444,0.2815271053646409,-0.34344005285403845,-0.6249671582186792
Lots-of-LoRAs,task1444,0.2858055268756138,-0.3670134054788403,-0.6528189323544541
Lots-of-LoRAs,task1444,0.3219854167685698,-0.3670134054788403,-0.68899882224741
Lots-of-LoRAs,task1444,0.2558902336592785,-0.5597924618326792,-0.8156826954919577
Lots-of-LoRAs,task1444,0.6962045222716606,-0.653011640787433,-1.3492161630590938
Lots-of-LoRAs,task1444,0.5555855589636883,-0.605012692202611,-1.160598251166299
Lots-of-LoRAs,task1444,0.6079457928217304,-0.5257554267595026,-1.133701219581233
Lots-of-LoRAs,task1444,0.5720571765533142,-0.4160639630715114,-0.9881211396248257
Lots-of-LoRAs,task1444,0.42187118567255727,-0.4545869614256784,-0.8764581470982359
Lots-of-LoRAs,task1444,0.48432869194911754,-0.6463081293686528,-1.1306368213177704
Lots-of-LoRAs,task1444,0.7230561858994751,-0.040188417074506,-0.7632446029739811
Lots-of-LoRAs,task1444,0.8937507973188743,-0.2115536843277965,-1.1053044816466708
Lots-of-LoRAs,task1444,0.7011157214902429,0.17330992480614651,-0.5278057966840964
Lots-of-LoRAs,task1444,0.7420066100563528,0.27456171381910416,-0.4674448962372486
Lots-of-LoRAs,task1444,0.8323434288993424,0.6213189934459175,-0.21102443545342517
Lots-of-LoRAs,task1444,0.8659678906131393,0.9691639277137274,0.10319603710058806
Lots-of-LoRAs,task1444,0.7900034684545222,0.9691639277137274,0.17916045925920507
Lots-of-LoRAs,task1444,1.0506769654671393,0.9507632032194516,-0.09991376224768757
Lots-of-LoRAs,task1444,0.9653661722083686,1.0132248723791784,0.04785870017080983
Lots-of-LoRAs,task1444,1.0222545600967785,1.0091944020383101,-0.01306015805846838
Lots-of-LoRAs,task1444,0.9515455499122262,1.3149848397023636,0.3634392897901373
Lots-of-LoRAs,task1444,1.1095669503853414,1.3729478471603003,0.26338089677495874
Lots-of-LoRAs,task1444,1.1538510788430028,1.1451355804376862,-0.008715498405316638
Lots-of-LoRAs,task1444,1.0610522868272967,1.2630958633675318,0.20204357654023522
Lots-of-LoRAs,task1444,0.7925180992138003,1.2630958633675318,0.4705777641537316
Lots-of-LoRAs,task1444,1.1191617152848672,1.7008261152220165,0.5816643999371494
Lots-of-LoRAs,task1444,1.1593780305956376,1.7684690501762084,0.6090910195805707
Lots-of-LoRAs,task1444,1.186942453998567,1.6838449922414014,0.49690253824283465
Lots-of-LoRAs,task1444,1.3770955164434047,1.6838449922414014,0.3067494757979968
Lots-of-LoRAs,task1444,1.4377784281033923,2.033334030956462,0.5955556028530695
Lots-of-LoRAs,task1444,1.4036520338816885,2.1281603558401074,0.7245083219584192
Lots-of-LoRAs,task1444,1.3200384800101326,2.1281603558401074,0.8081218758299747
Lots-of-LoRAs,task1444,1.7512087565736116,2.1037598799374395,0.35255112336382816
Lots-of-LoRAs,task1444,1.847652559678712,2.371675333784962,0.5240227741062502
Lots-of-LoRAs,task1444,1.8209337437078155,2.2420403281638177,0.42110658445600224
Lots-of-LoRAs,task1444,1.8492119662610897,2.4533113365642727,0.6040993703031828
Lots-of-LoRAs,task1444,1.7095571984541493,2.071931291278282,0.3623740928241325
Lots-of-LoRAs,task1444,1.8225016529677198,1.639084492729198,-0.1834171602385216
Lots-of-LoRAs,task1444,1.657978076282261,1.8614685999977991,0.20349052371553816
Lots-of-LoRAs,task1444,1.6326479780564291,2.011505108522037,0.37885713046560754
Lots-of-LoRAs,task1444,1.7628616925506775,2.4902736019678464,0.7274119094171689
Lots-of-LoRAs,task1444,1.5040224740491426,2.3504850659923795,0.8464625919432369
Lots-of-LoRAs,task1444,1.3521604955536075,2.4928010883114458,1.140640592757838
Lots-of-LoRAs,task1444,0.8627910221979979,2.387973653070218,1.5251826308722205
Lots-of-LoRAs,task1444,1.1256214341822994,2.6901411274462026,1.5645196932639034
Lots-of-LoRAs,task1444,0.7426498384622604,2.643634453032075,1.9009846145698146
Lots-of-LoRAs,task1444,0.8483593733904208,2.273431697276737,1.4250723238863165
Lots-of-LoRAs,task1444,0.7402359281903165,2.4617912540294147,1.7215553258390983
Lots-of-LoRAs,task1444,0.8156717462726212,2.616040842105039,1.8003690958324179
Lots-of-LoRAs,task1444,1.3513932999193201,2.6030478308269536,1.2516545309076332
Lots-of-LoRAs,task1444,1.4151999277378058,3.0629498362832956,1.6477499085454899
Lots-of-LoRAs,task1444,1.0832598087299006,3.3669664379051216,2.2837066291752213
Lots-of-LoRAs,task1444,1.018539882679486,3.29630962731902,2.277769744639534
Lots-of-LoRAs,task1444,1.3817506940053532,3.3364365623054684,1.9546858683001151
Lots-of-LoRAs,task1444,0.9983254973706966,3.5573293024198134,2.559003805049117
Lots-of-LoRAs,task1444,0.6003209013192166,2.7471979053846636,2.146877004065447
Lots-of-LoRAs,task1444,1.0083787401960602,3.448035607581881,2.4396568673858208
Lots-of-LoRAs,task1444,1.2415469887970572,3.4039442740682193,2.162397285271162
Lots-of-LoRAs,task1444,0.7792474367506673,2.8249843028175063,2.045736866066839
Lots-of-LoRAs,task1444,0.9737420594935283,3.2001939396739063,2.2264518801803783
Lots-of-LoRAs,task1444,0.8662425612616863,3.1169381048751976,2.2506955436135114
Lots-of-LoRAs,task1444,0.22183352024288766,2.59205736731196,2.3702238470690724
Lots-of-LoRAs,task1444,-0.15746943193395246,2.296616729946916,2.4540861618808685
Lots-of-LoRAs,task1444,-0.3564070126311839,1.5277347901691043,1.8841418028002885
Lots-of-LoRAs,task1518,-0.48808369034946125,-0.8525947857634096,-0.36451109541394827
Lots-of-LoRAs,task1518,-0.41392393723426635,-0.8563478948394482,-0.44242395760518194
Lots-of-LoRAs,task1518,0.04863656507583473,-0.5209232353470876,-0.5695598004229222
Lots-of-LoRAs,task1518,0.29329314724352545,-0.26589477492057134,-0.5591879221640969
Lots-of-LoRAs,task1518,0.3956800320397576,-0.1613891546939272,-0.5570691867336847
Lots-of-LoRAs,task1518,0.4854554590991714,-0.15669975308154305,-0.6421552121807145
Lots-of-LoRAs,task1518,0.5235242751867318,0.12492952801948248,-0.3985947471672493
Lots-of-LoRAs,task1518,0.6237099256914036,0.27841003772429784,-0.34529988796710576
Lots-of-LoRAs,task1518,0.7336998247192366,0.2834595145216956,-0.45024031019754085
Lots-of-LoRAs,task1518,0.7098728981601435,0.3465096410964739,-0.3633632570636697
Lots-of-LoRAs,task1518,0.8739836702408559,0.4456136330222378,-0.4283700372186181
Lots-of-LoRAs,task1518,0.7490216426785995,0.42300181959147604,-0.3260198230871235
Lots-of-LoRAs,task1518,0.804588474094192,0.3717844789985678,-0.4328039950956241
Lots-of-LoRAs,task1518,0.8027603596598683,0.4293142828737058,-0.37344607678616243
Lots-of-LoRAs,task1518,0.7444237869425891,0.5175282867620685,-0.22689550018052063
Lots-of-LoRAs,task1518,0.8024593117067322,0.542369389170117,-0.2600899225366151
Lots-of-LoRAs,task1518,0.8353802332590139,0.528467377820227,-0.30691285543878677
Lots-of-LoRAs,task1518,0.8411717343020306,0.6897199780598036,-0.15145175624222698
Lots-of-LoRAs,task1518,0.8152875784296368,0.8668928069830851,0.05160522855344826
Lots-of-LoRAs,task1518,0.7765137806474056,0.8398809233872133,0.0633671427398079
Lots-of-LoRAs,task1518,0.9044139646097612,0.8398809233872133,-0.06453304122254766
Lots-of-LoRAs,task1518,0.9023944882823306,0.8484633459520242,-0.05393114233030628
Lots-of-LoRAs,task1518,0.7587743761382305,0.9159099578394427,0.15713558170121242
Lots-of-LoRAs,task1518,0.8161885804249494,1.0969944708215913,0.2808058903966419
Lots-of-LoRAs,task1518,0.8081874646057765,1.1202964275940284,0.31210896298825197
Lots-of-LoRAs,task1518,0.8532308872183957,1.2263845252034982,0.37315363798510265
Lots-of-LoRAs,task1518,0.8424232185797235,1.2487974355004465,0.40637421692072295
Lots-of-LoRAs,task1518,0.875105876138865,1.2673408956082188,0.3922350194693537
Lots-of-LoRAs,task1518,0.9119951297775796,1.2673408956082188,0.35534576583063926
Lots-of-LoRAs,task1518,0.7145114136510256,1.3175359151576966,0.603024501506671
Lots-of-LoRAs,task1518,0.8665116181438011,1.3175359151576966,0.45102429701389546
Lots-of-LoRAs,task1518,0.9455954294656808,1.4008628344813108,0.45526740501562984
Lots-of-LoRAs,task1518,1.0600716862861108,1.4866131898949042,0.4265415036087934
Lots-of-LoRAs,task1518,1.0592290261938142,1.3481628146841929,0.28893378849037876
Lots-of-LoRAs,task1518,1.0878482929819158,1.6418738404623128,0.5540255474803969
Lots-of-LoRAs,task1518,1.0206445768056847,1.7109225243156176,0.6902779475099331
Lots-of-LoRAs,task1518,0.913955754957075,1.765005977332613,0.8510502223755378
Lots-of-LoRAs,task1518,0.9719402235101964,1.6169180143619155,0.6449777908517191
Lots-of-LoRAs,task1518,0.9071593708461316,1.709203662356788,0.8020442915106564
Lots-of-LoRAs,task1518,0.988771698460019,1.7831749031098294,0.7944032046498104
Lots-of-LoRAs,task1518,0.9138524764895897,1.7668837694908814,0.8530312930012919
Lots-of-LoRAs,task1518,0.9721303163272265,1.7882586219527896,0.816128305625563
Lots-of-LoRAs,task1518,1.0421372436409138,1.8266676379771116,0.7845303943361978
Lots-of-LoRAs,task1518,1.1343140912680965,1.9719772519493626,0.8376631606812658
Lots-of-LoRAs,task1518,1.1415766066450628,2.146135806451687,1.0045591998066241
Lots-of-LoRAs,task1518,1.065644265080223,2.0432056793394127,0.9775614142591895
Lots-of-LoRAs,task1518,0.915940175350687,2.262367623592043,1.346427448241356
Lots-of-LoRAs,task1518,1.263038859568691,2.4969931798814966,1.2339543203128054
Lots-of-LoRAs,task1518,1.093262417267907,2.3098071628026453,1.2165447455347385
Lots-of-LoRAs,task1518,1.2642807760146375,2.3895841964099813,1.1253034203953434
Lots-of-LoRAs,task1518,1.1169184190736328,2.3972904631288,1.2803720440551674
Lots-of-LoRAs,task1518,1.265538671611848,2.2723194593207157,1.0067807877088677
Lots-of-LoRAs,task1518,1.141611336540387,2.4310106646567844,1.2893993281163976
Lots-of-LoRAs,task1518,1.119099870871714,2.6464007620581103,1.5273008911863963
Lots-of-LoRAs,task1518,1.2300849985238438,2.6464007620581103,1.4163157635342665
Lots-of-LoRAs,task1518,1.0353404457463729,2.857799125701273,1.8224586799549003
Lots-of-LoRAs,task1518,1.1207549991240797,2.882292095518935,1.761537096394855
Lots-of-LoRAs,task1518,0.9763074605200328,2.8158266543523984,1.8395191938323656
Lots-of-LoRAs,task1518,1.1029042716920925,2.7985405634909637,1.695636291798871
Lots-of-LoRAs,task1518,1.0586838737472124,2.7985405634909637,1.739856689743751
Lots-of-LoRAs,task1518,1.2239528913173985,2.989355150402861,1.7654022590854628
Lots-of-LoRAs,task1518,1.1473164812643437,3.0173779960431264,1.8700615147787827
Lots-of-LoRAs,task1518,1.1196535560236849,3.0281172798926823,1.9084637238689974
Lots-of-LoRAs,task1518,1.2146196932930287,2.9856609846537108,1.7710412913606821
Lots-of-LoRAs,task1518,1.1324845826726626,3.0546195258912046,1.922134943218542
Lots-of-LoRAs,task1518,1.0404230254412337,2.79762156431693,1.7571985388756963
Lots-of-LoRAs,task1518,1.128783301189989,3.0956562771023686,1.9668729759123798
Lots-of-LoRAs,task1518,0.9319526492265908,3.2758435183183185,2.3438908690917275
Lots-of-LoRAs,task1518,0.8186231543782404,3.211810875649897,2.3931877212716564
Lots-of-LoRAs,task1518,0.5484558826266984,3.4672566471058235,2.9188007644791254
Lots-of-LoRAs,task1518,1.0460051562964752,3.3314849389365264,2.2854797826400515
Lots-of-LoRAs,task1518,0.6670637056074397,3.068814245755942,2.401750540148502
Lots-of-LoRAs,task1518,0.4956189261925296,3.4247565376740323,2.9291376114815026
Lots-of-LoRAs,task1518,0.561038315183271,3.5680545993142543,3.007016284130983
Lots-of-LoRAs,task1518,0.4040625482396731,3.269214894807505,2.8651523465678315
Lots-of-LoRAs,task1518,0.33362671477169026,3.365680262334817,3.0320535475631267
Lots-of-LoRAs,task1518,0.0050486383274544605,3.443685745200478,3.4386371068730237
Lots-of-LoRAs,task1518,0.5256151647266578,3.6523900337987847,3.126774869072127
Lots-of-LoRAs,task1518,0.007407749202247154,3.3583131221755718,3.3509053729733247
Lots-of-LoRAs,task1518,-0.3926418864261499,3.1458399896093043,3.538481876035454
Lots-of-LoRAs,task1518,-0.2815224929549702,3.289439229758644,3.5709617227136143
Lots-of-LoRAs,task1518,-1.2048351717410788,2.18726216209119,3.3920973338322686
Lots-of-LoRAs,task1592,-2.682346195651939,-2.991862574931024,-0.3095163792790851
Lots-of-LoRAs,task1592,-1.7244084087383829,0.6449886943260088,2.369397103064392
Lots-of-LoRAs,task1592,-0.41764967990979807,0.7746666334235396,1.1923163133333377
Lots-of-LoRAs,task1592,0.19892325587221066,1.1339654499148992,0.9350421940426884
Lots-of-LoRAs,task1592,0.6330420336842351,1.1556219694540248,0.5225799357697897
Lots-of-LoRAs,task1592,0.8106013469925448,1.204642921543182,0.39404157455063715
Lots-of-LoRAs,task1592,0.9857845630583822,1.4364641367872006,0.45067957372881867
Lots-of-LoRAs,task1592,0.9410748424218547,1.4088368070686934,0.4677619646468388
Lots-of-LoRAs,task1592,1.0776065960844419,1.4518647032414862,0.37425810715704433
Lots-of-LoRAs,task1592,1.2595447072644164,1.3978835122547633,0.13833880499034693
Lots-of-LoRAs,task1592,1.3883742745354568,1.763118528403549,0.3747442538680924
Lots-of-LoRAs,task1592,1.2751915835194114,1.6864487727113149,0.4112571891919034
Lots-of-LoRAs,task1592,1.385825108623342,1.7559538543911233,0.3701287457677815
Lots-of-LoRAs,task1592,1.45428642117713,1.947293903530497,0.4930074823533671
Lots-of-LoRAs,task1592,1.244319481367467,1.947293903530497,0.7029744221630302
Lots-of-LoRAs,task1592,1.3155893118198299,2.002934569016689,0.687345257196859
Lots-of-LoRAs,task1592,1.4819905961512445,2.1177041105953482,0.6357135144441037
Lots-of-LoRAs,task1592,1.5503958240383282,2.16613201429689,0.6157361902585616
Lots-of-LoRAs,task1592,1.5069213531621306,2.16613201429689,0.6592106611347592
Lots-of-LoRAs,task1592,1.4960019340570627,2.1345572968066544,0.6385553627495916
Lots-of-LoRAs,task1592,1.5099655071436358,2.1872085531012178,0.6772430459575822
Lots-of-LoRAs,task1592,1.5010483769760306,2.0383159391192125,0.537267562143182
Lots-of-LoRAs,task1592,1.5236028260207235,2.157292997442093,0.6336901714213695
Lots-of-LoRAs,task1592,1.6591781006809578,2.1003699288379565,0.4411918281569984
Lots-of-LoRAs,task1592,1.523031741249463,2.4215617645364333,0.8985300232869702
Lots-of-LoRAs,task1592,1.448940786602721,2.445612751088951,0.9966719644862302
Lots-of-LoRAs,task1592,1.5977388100927938,2.445612751088951,0.8478739409961576
Lots-of-LoRAs,task1592,1.6024925001109438,2.485927591941955,0.8834350918310111
Lots-of-LoRAs,task1592,1.4755649444495647,2.4872392669721406,1.0116743225225757
Lots-of-LoRAs,task1592,1.6371932663202833,2.4953464205920985,0.8581531542718156
Lots-of-LoRAs,task1592,1.6408014975159677,2.4953464205920985,0.854544923076131
Lots-of-LoRAs,task1592,1.580438053858007,2.50412200281176,0.9236839489537527
Lots-of-LoRAs,task1592,1.7517946547701984,2.6859126764340546,0.9341180216638563
Lots-of-LoRAs,task1592,1.7081645735692523,2.6652242559847124,0.9570596824154599
Lots-of-LoRAs,task1592,1.7399415152634938,2.607268958466366,0.8673274432028723
Lots-of-LoRAs,task1592,1.7027340644459104,2.672666789390868,0.9699327249449576
Lots-of-LoRAs,task1592,1.5744551010612933,2.72630922651828,1.1518541254569867
Lots-of-LoRAs,task1592,1.5742320705988124,2.7716215228569725,1.1973894522581598
Lots-of-LoRAs,task1592,1.4448454873487786,2.872138174785966,1.4272926874371874
Lots-of-LoRAs,task1592,1.5293518534462534,2.859530763538188,1.3301789100919348
Lots-of-LoRAs,task1592,1.4759193328327753,2.964043591779053,1.488124258946278
Lots-of-LoRAs,task1592,1.6612828996984734,3.149993857081827,1.4887109573833535
Lots-of-LoRAs,task1592,1.8114883702652078,3.0165762664317985,1.2050878961665907
Lots-of-LoRAs,task1592,1.6556950914167496,3.0075572803873785,1.3518621889706286
Lots-of-LoRAs,task1592,1.6506805858787048,3.114225077182969,1.4635444913042641
Lots-of-LoRAs,task1592,1.6328725385451246,2.864021895846371,1.2311493573012464
Lots-of-LoRAs,task1592,1.8347647068718846,3.085406839170991,1.2506421322991061
Lots-of-LoRAs,task1592,1.913799712660364,3.2387458819457504,1.3249461692853863
Lots-of-LoRAs,task1592,1.7188716016625984,3.2387458819457504,1.5198742802831524
Lots-of-LoRAs,task1592,1.7592298632372967,3.7131583366111833,1.9539284733738864
Lots-of-LoRAs,task1592,1.887214333875564,3.627172907532923,1.7399585736573588
Lots-of-LoRAs,task1592,1.6487467263855915,3.4111877259766676,1.7624409995910764
Lots-of-LoRAs,task1592,1.6800086328017925,3.832795778043457,2.152787145241665
Lots-of-LoRAs,task1592,1.5696886126012604,3.595837534993807,2.026148922392547
Lots-of-LoRAs,task1592,1.7961964058782116,3.5363415810021883,1.7401451751239765
Lots-of-LoRAs,task1592,1.5861111214211878,3.360024457910591,1.7739133364894033
Lots-of-LoRAs,task1592,1.4766283207682662,3.7122788627487293,2.2356505419804633
Lots-of-LoRAs,task1592,1.6432895879043343,3.5732196994521965,1.9299301115478622
Lots-of-LoRAs,task1592,1.5285658019551334,3.9164875224387763,2.387921720483643
Lots-of-LoRAs,task1592,1.3832461618250906,3.9164875224387763,2.5332413606136854
Lots-of-LoRAs,task1592,1.24101145774664,3.6086805488840694,2.3676690911374294
Lots-of-LoRAs,task1592,1.185776849283508,3.441470271372022,2.2556934220885143
Lots-of-LoRAs,task1592,1.0178220525248736,3.441470271372022,2.4236482188471484
Lots-of-LoRAs,task1592,1.2484483184086692,3.6183896640894475,2.3699413456807785
Lots-of-LoRAs,task1592,1.1730215768597048,4.205324313252862,3.0323027363931576
Lots-of-LoRAs,task1592,1.218773491836414,4.042873267256124,2.8240997754197106
Lots-of-LoRAs,task1592,1.0694802086106798,4.202044978653652,3.132564770042973
Lots-of-LoRAs,task1592,1.065012201891238,3.4274873575487423,2.3624751556575045
Lots-of-LoRAs,task1592,1.0500742467386819,3.3816239095216156,2.3315496627829333
Lots-of-LoRAs,task1592,0.9272428186845552,3.596235432122535,2.6689926134379798
Lots-of-LoRAs,task1592,0.9335841553307496,3.5897442365829964,2.6561600812522466
Lots-of-LoRAs,task1592,1.445072922023324,4.696709725779479,3.2516368037561554
Lots-of-LoRAs,task1592,1.0969433979961705,3.7619348869107685,2.664991488914598
Lots-of-LoRAs,task1592,1.2947294890897285,3.5812987343211713,2.286569245231443
Lots-of-LoRAs,task1592,1.2838368208242188,3.6813542745505052,2.3975174537262864
Lots-of-LoRAs,task1592,0.8737022064799435,3.4212447650821534,2.54754255860221
Lots-of-LoRAs,task1592,1.1320521537536714,3.831616925781137,2.6995647720274656
Lots-of-LoRAs,task1592,0.9344070555760844,3.0784090091460703,2.144001953569986
Lots-of-LoRAs,task1592,1.332009362421955,3.64385779083004,2.311848428408085
Lots-of-LoRAs,task1592,0.6886498676605712,3.268921274415421,2.5802714067548496
Lots-of-LoRAs,task1592,-0.12554767116875656,2.9084098399224385,3.033957511091195
Lots-of-LoRAs,task1592,-0.1970760338978516,2.3049166221470605,2.501992656044912
Lots-of-LoRAs,task1592,-1.1612589013560908,2.3049166221470605,3.4661755235031513
LoRARetriever,anli_r1_10templates,-1.5334468534917334,-1.6130158997976811,-0.07956904630594773
LoRARetriever,anli_r1_10templates,-1.5732820107017418,-1.4693249540834519,0.10395705661828997
LoRARetriever,anli_r1_10templates,-1.5546102153311536,-1.452883757553547,0.10172645777760658
LoRARetriever,anli_r1_10templates,-1.4142984454689562,-1.3645673123865474,0.04973113308240903
LoRARetriever,anli_r1_10templates,-1.121079705212467,-1.3091949014799065,-0.1881151962674397
LoRARetriever,anli_r1_10templates,-0.828498739834278,-1.1452787812365246,-0.3167800414022465
LoRARetriever,anli_r1_10templates,-0.3496736216842769,-0.5415368549793251,-0.1918632332950482
LoRARetriever,anli_r1_10templates,-0.037375139959280435,-0.003473017195715224,0.0339021227635654
LoRARetriever,anli_r1_10templates,0.3100063234379489,0.35404530145443336,0.04403897801648467
LoRARetriever,anli_r1_10templates,0.523603624606004,0.6306696036829623,0.10706597907695842
LoRARetriever,anli_r1_10templates,0.6563761463245613,1.0257978928441587,0.3694217465195975
LoRARetriever,anli_r1_10templates,0.6305493312503616,1.156104060934001,0.5255547296836394
LoRARetriever,anli_r1_10templates,0.6292222407053946,1.4184112050397195,0.7891889643343246
LoRARetriever,anli_r1_10templates,0.7027635443209986,1.4548860479279946,0.7521225036069957
LoRARetriever,anli_r1_10templates,0.7128303054013997,1.457486717473241,0.7446564120718416
LoRARetriever,anli_r1_10templates,1.0105587185898417,1.4496366115785875,0.4390778929887457
LoRARetriever,anli_r1_10templates,0.7827261126146674,1.6697412024357596,0.8870150898210922
LoRARetriever,anli_r1_10templates,1.0694518886797237,1.7699777773434306,0.700525888663707
LoRARetriever,anli_r1_10templates,1.2257748606933712,2.285899867044766,1.0601250063513947
LoRARetriever,anli_r1_10templates,1.33189983871139,2.517824663957695,1.185924825246305
LoRARetriever,anli_r1_10templates,1.1360329553326098,2.4885275692046447,1.3524946138720348
LoRARetriever,anli_r1_10templates,1.167438336677415,2.510228311642689,1.3427899749652739
LoRARetriever,anli_r1_10templates,1.1935620492691976,2.8655265864520763,1.6719645371828786
LoRARetriever,anli_r1_10templates,1.1672169973740234,2.591591104925971,1.4243741075519474
LoRARetriever,anli_r1_10templates,1.3569531176614924,2.9665788919562464,1.609625774294754
LoRARetriever,anli_r1_10templates,1.312069862818579,2.789158066106048,1.4770882032874695
LoRARetriever,anli_r1_10templates,1.3107043010763801,2.8648102976353265,1.554105996558946
LoRARetriever,anli_r1_10templates,1.366656760850861,2.8420567184189736,1.4753999575681127
LoRARetriever,anli_r1_10templates,1.6018268649208482,2.952100224426129,1.3502733595052807
LoRARetriever,anli_r1_10templates,1.5597768250155186,3.001362447042493,1.4415856220269745
LoRARetriever,anli_r1_10templates,1.7892326386201185,2.7407575713090764,0.9515249326889579
LoRARetriever,anli_r1_10templates,1.724304171852985,3.1321474590076925,1.4078432871547075
LoRARetriever,anli_r1_10templates,1.788267636228364,2.9672731766617604,1.1790055404333966
LoRARetriever,anli_r1_10templates,1.8624982810543158,3.4216127965029646,1.5591145154486488
LoRARetriever,anli_r1_10templates,1.634585605234088,3.1563015734491255,1.5217159682150372
LoRARetriever,anli_r1_10templates,1.4225418851713034,3.077359672569528,1.6548177873982246
LoRARetriever,anli_r1_10templates,1.3221816224338694,3.000203569906765,1.6780219474728955
LoRARetriever,anli_r1_10templates,1.6009220453666337,3.118729478570158,1.5178074332035243
LoRARetriever,anli_r1_10templates,1.5993509714514649,3.1790124828879307,1.579661511436466
LoRARetriever,anli_r1_10templates,1.3503543252667634,3.3445101396974195,1.9941558144306561
LoRARetriever,anli_r1_10templates,1.4414274226182782,3.430386544367859,1.988959121749581
LoRARetriever,anli_r1_10templates,1.541403395208414,3.3002415248167134,1.7588381296082995
LoRARetriever,anli_r1_10templates,1.5931965668350772,3.039484989992221,1.4462884231571445
LoRARetriever,anli_r1_10templates,1.6259046106024966,3.1332927495691494,1.5073881389666528
LoRARetriever,anli_r1_10templates,1.6737004942932776,3.1954231523772565,1.5217226580839789
LoRARetriever,anli_r1_10templates,1.2516373665542229,3.296419633977137,2.044782267422914
LoRARetriever,anli_r1_10templates,1.5810955350409321,3.236303545992474,1.655208010951542
LoRARetriever,anli_r1_10templates,1.5509113390007863,3.376929068371449,1.8260177293706625
LoRARetriever,anli_r1_10templates,1.4299578627977603,3.4351427857823045,2.0051849229845446
LoRARetriever,anli_r1_10templates,1.1779966865187452,2.9293699318610646,1.7513732453423192
LoRARetriever,anli_r1_10templates,1.3567713378969497,3.1599641084624426,1.8031927705654929
LoRARetriever,anli_r1_10templates,1.1702050286095411,3.213978770490737,2.043773741881196
LoRARetriever,anli_r1_10templates,1.0885160356237502,3.1814217468260195,2.0929057112022695
LoRARetriever,anli_r1_10templates,0.7072749502389399,3.0157106575449273,2.3084357073059873
LoRARetriever,anli_r1_10templates,0.639612949088019,3.1157128652360595,2.476099916148041
LoRARetriever,anli_r1_10templates,0.46898024024871027,2.9353095416208186,2.4663293013721086
LoRARetriever,anli_r1_10templates,0.218488082028939,2.950508254917529,2.73202017288859
LoRARetriever,anli_r1_10templates,-0.20051494255364602,2.8523370898538842,3.05285203240753
LoRARetriever,anli_r1_10templates,-0.39130387222024676,2.3533884536968164,2.7446923259170632
LoRARetriever,anli_r1_10templates,-1.255133496457343,2.4731970488380233,3.7283305452953663
LoRARetriever,anli_r1_10templates,-1.5028518187577022,2.1142928387201776,3.61714465747788
LoRARetriever,anli_r1_10templates,-2.077963801116054,1.7497013581191672,3.827665159235221
LoRARetriever,anli_r1_10templates,-3.0752350185666453,1.352895302643984,4.428130321210629
LoRARetriever,anli_r2_10templates,-1.409506337941838,-1.3625131635830658,0.04699317435877214
LoRARetriever,anli_r2_10templates,-1.3762250431269367,-1.1791327152962656,0.19709232783067118
LoRARetriever,anli_r2_10templates,-1.303261570378653,-1.0195848418246094,0.2836767285540437
LoRARetriever,anli_r2_10templates,-1.1125155891780698,-1.0209454705789212,0.09157011859914876
LoRARetriever,anli_r2_10templates,-0.8511375355337466,-0.9935679028873791,-0.14243036735363246
LoRARetriever,anli_r2_10templates,-0.6942257472488761,-0.744418526118385,-0.05019277886950886
LoRARetriever,anli_r2_10templates,-0.2664637483675343,-0.3004416341021687,-0.03397788573463425
LoRARetriever,anli_r2_10templates,-0.08323178801250358,0.08648782914772843,0.169719617160232
LoRARetriever,anli_r2_10templates,0.2365450370418669,0.211970705033851,-0.024574332008016026
LoRARetriever,anli_r2_10templates,0.5060963149544904,0.4996750739430641,-0.006421241011426311
LoRARetriever,anli_r2_10templates,0.6658367153053842,0.9139596174290002,0.2481229021236159
LoRARetriever,anli_r2_10templates,0.35287164056291564,0.8647830626893627,0.5119114221264469
LoRARetriever,anli_r2_10templates,0.45704446486918116,1.3757646641191554,0.9187201992499742
LoRARetriever,anli_r2_10templates,0.7365946503854264,1.2964482142809286,0.559853563895502
LoRARetriever,anli_r2_10templates,0.9611389637167761,1.7818913490291588,0.8207523853123829
LoRARetriever,anli_r2_10templates,0.8191673590647954,1.7013439973228344,0.882176638258039
LoRARetriever,anli_r2_10templates,0.9075058184973985,1.7823245570793453,0.8748187385819466
LoRARetriever,anli_r2_10templates,0.9580110881128463,1.9610965250356687,1.0030854369228224
LoRARetriever,anli_r2_10templates,0.8647573601727905,2.205966859206829,1.3412094990340382
LoRARetriever,anli_r2_10templates,0.8560195283725113,2.232141215977188,1.3761216876046771
LoRARetriever,anli_r2_10templates,0.8203314959432402,2.5329800407623075,1.7126485448190676
LoRARetriever,anli_r2_10templates,0.7230991999182187,2.354264539723249,1.63116533980503
LoRARetriever,anli_r2_10templates,0.905078200289887,2.572301121719016,1.6672229214291292
LoRARetriever,anli_r2_10templates,0.9636065741611641,2.4782179283227945,1.5146113541616304
LoRARetriever,anli_r2_10templates,0.8963138942425655,2.3071399375413697,1.4108260432988042
LoRARetriever,anli_r2_10templates,0.8831981322503208,2.5651748195618107,1.6819766873114899
LoRARetriever,anli_r2_10templates,0.926026371362501,2.439547464794804,1.5135210934323031
LoRARetriever,anli_r2_10templates,0.7926808883562372,2.824409191813108,2.0317283034568705
LoRARetriever,anli_r2_10templates,0.9786615272514373,2.491723863440079,1.5130623361886417
LoRARetriever,anli_r2_10templates,1.0677761525296923,2.8860538748831575,1.8182777223534652
LoRARetriever,anli_r2_10templates,1.1052588284353488,2.9061920162305412,1.8009331877951926
LoRARetriever,anli_r2_10templates,1.2102338160038941,2.694983561805838,1.4847497458019443
LoRARetriever,anli_r2_10templates,1.200621212083766,2.95947741708123,1.7588562049974639
LoRARetriever,anli_r2_10templates,1.1576693135673835,2.8253823910140965,1.6677130774467128
LoRARetriever,anli_r2_10templates,1.1159286118026632,2.8680887768645014,1.7521601650618381
LoRARetriever,anli_r2_10templates,1.2475716654774007,2.822914781840603,1.5753431163632021
LoRARetriever,anli_r2_10templates,1.347926312142323,3.1128786260031616,1.7649523138608385
LoRARetriever,anli_r2_10templates,1.2619337338676972,3.2982956860456625,2.0363619521779652
LoRARetriever,anli_r2_10templates,1.3176853058509101,2.968439643357577,1.650754337506667
LoRARetriever,anli_r2_10templates,1.482483691451855,3.177134827298749,1.694651135846894
LoRARetriever,anli_r2_10templates,1.4162739506003295,3.5392972638666733,2.1230233132663443
LoRARetriever,anli_r2_10templates,1.2019184454916887,3.423872405380334,2.2219539598886455
LoRARetriever,anli_r2_10templates,1.3393811047368067,3.3085782239839876,1.9691971192471809
LoRARetriever,anli_r2_10templates,1.1911842014079495,3.488408691515558,2.297224490107608
LoRARetriever,anli_r2_10templates,1.5419775618657636,3.3823425902320796,1.840365028366316
LoRARetriever,anli_r2_10templates,1.3588242320836987,3.2062988419141236,1.8474746098304249
LoRARetriever,anli_r2_10templates,1.2109888981622128,3.3253782884463674,2.1143893902841544
LoRARetriever,anli_r2_10templates,1.3343697806338224,3.3332803122010533,1.9989105315672306
LoRARetriever,anli_r2_10templates,1.2405826742501842,3.0342005924478452,1.7936179181976608
LoRARetriever,anli_r2_10templates,1.1449996606490815,2.909693157024585,1.7646934963755037
LoRARetriever,anli_r2_10templates,1.013493962356834,3.338936171479712,2.3254422091228784
LoRARetriever,anli_r2_10templates,0.9242041932420216,3.0008826326770066,2.076678439434985
LoRARetriever,anli_r2_10templates,0.6787467222352087,2.9557437748089916,2.2769970525737833
LoRARetriever,anli_r2_10templates,0.5593172361201879,2.8591968567309944,2.2998796206108065
LoRARetriever,anli_r2_10templates,0.4395227184233356,2.9523873712412994,2.5128646528179637
LoRARetriever,anli_r2_10templates,0.32583095521760636,2.91963725811055,2.593806302892944
LoRARetriever,anli_r2_10templates,0.18982681979083416,2.7125052715854343,2.5226784517946004
LoRARetriever,anli_r2_10templates,-0.06724569771766221,2.596658943798884,2.663904641516546
LoRARetriever,anli_r2_10templates,-0.3574429645463448,2.666397110787915,3.02384007533426
LoRARetriever,anli_r2_10templates,-0.5559123626193881,2.5386031976218884,3.0945155602412764
LoRARetriever,anli_r2_10templates,-1.1275860690451918,2.1922594286588666,3.3198454977040583
LoRARetriever,anli_r2_10templates,-1.5785966448033353,1.9324863784958617,3.511083023299197
LoRARetriever,anli_r2_10templates,-2.493650183403981,1.0727158176725111,3.5663660010764917
LoRARetriever,anli_r3_10templates,-1.6135940093687955,-1.5916990307167775,0.021894978652018175
LoRARetriever,anli_r3_10templates,-1.7063972786578525,-1.503809818715776,0.20258745994207672
LoRARetriever,anli_r3_10templates,-1.83198953089624,-1.2695052360708519,0.562484294825388
LoRARetriever,anli_r3_10templates,-1.7068067718593172,-1.2195454893499493,0.48726128250936773
LoRARetriever,anli_r3_10templates,-1.525275014749638,-1.1110645806076263,0.4142104341420117
LoRARetriever,anli_r3_10templates,-1.0776811771900021,-0.987777317736066,0.08990385945393616
LoRARetriever,anli_r3_10templates,-0.9727756343927418,-0.7512886905250046,0.22148694386773737
LoRARetriever,anli_r3_10templates,-0.5121125171296383,-0.6192115386666174,-0.10709902153697903
LoRARetriever,anli_r3_10templates,-0.271005505653108,-0.4048650840887731,-0.13385957843566498
LoRARetriever,anli_r3_10templates,-0.3670115434714974,-0.0833165516799173,0.28369499179158003
LoRARetriever,anli_r3_10templates,-0.12319738609294761,-0.07602337883784926,0.04717400725509826
LoRARetriever,anli_r3_10templates,-0.08797399930807752,0.1040225845198708,0.19199658382794832
LoRARetriever,anli_r3_10templates,-0.07718762217014132,0.35170519327400873,0.42889281544415
LoRARetriever,anli_r3_10templates,-0.3190877031755649,0.5700611577196517,0.8891488608952167
LoRARetriever,anli_r3_10templates,0.07933680191333295,0.7250868902195455,0.6457500883062128
LoRARetriever,anli_r3_10templates,0.16064442603245555,0.8427393368094088,0.6820949107769533
LoRARetriever,anli_r3_10templates,0.15663071787033045,0.9849783260805145,0.8283476082101842
LoRARetriever,anli_r3_10templates,-0.053281630596584736,1.139038603668277,1.1923202342648618
LoRARetriever,anli_r3_10templates,-0.10838041214351883,1.2815809051221125,1.3899613172656313
LoRARetriever,anli_r3_10templates,0.13485371560464182,1.8319523530850288,1.697098637480387
LoRARetriever,anli_r3_10templates,0.1316890878218034,1.9057796938815945,1.7740906060597912
LoRARetriever,anli_r3_10templates,0.20936179029826607,2.0658957622670724,1.8565339719688063
LoRARetriever,anli_r3_10templates,0.3694439847898339,1.9948625161448799,1.6254185313550458
LoRARetriever,anli_r3_10templates,0.4602808204614601,2.067277178467884,1.6069963580064237
LoRARetriever,anli_r3_10templates,0.5273878600013041,2.3538325629964465,1.8264447029951425
LoRARetriever,anli_r3_10templates,0.6704942061969663,2.2266883174289536,1.556194111231987
LoRARetriever,anli_r3_10templates,0.6696145721577604,2.345229362790473,1.6756147906327123
LoRARetriever,anli_r3_10templates,0.6212554471498088,2.383769894035177,1.762514446885368
LoRARetriever,anli_r3_10templates,0.8170841508029593,2.0821582880397433,1.2650741372367842
LoRARetriever,anli_r3_10templates,0.8240112257000602,2.402275363415666,1.5782641377156055
LoRARetriever,anli_r3_10templates,1.0831379722651033,2.324589948009805,1.2414519757447013
LoRARetriever,anli_r3_10templates,1.0120444745598927,2.1287926037075633,1.1167481291476709
LoRARetriever,anli_r3_10templates,1.3103671737350866,2.4875154897286174,1.1771483159935303
LoRARetriever,anli_r3_10templates,0.9618743972550061,2.544853384118349,1.5829789868633433
LoRARetriever,anli_r3_10templates,0.6440568800378003,2.6227017249517544,1.978644844913954
LoRARetriever,anli_r3_10templates,1.1691754618958932,3.0571579489172045,1.8879824870213116
LoRARetriever,anli_r3_10templates,1.2619811748740863,3.0976634013381554,1.8356822264640689
LoRARetriever,anli_r3_10templates,1.1725785014183936,2.9391365520767425,1.7665580506583487
LoRARetriever,anli_r3_10templates,1.4140848442067084,2.767429538763945,1.3533446945572365
LoRARetriever,anli_r3_10templates,1.308404289953104,3.227670982238272,1.9192666922851678
LoRARetriever,arc_challenge_10templates,0.30357833235239723,0.40141071149939206,0.09783237914699469
LoRARetriever,arc_challenge_10templates,0.1823535443112823,0.2865537463519191,0.10420020204063656
LoRARetriever,arc_challenge_10templates,-0.020532816794703854,0.17780515805274255,0.19833797484744642
LoRARetriever,arc_challenge_10templates,-0.221548494876253,0.08414582451075664,0.3056943193870094
LoRARetriever,arc_challenge_10templates,-0.38477031049828686,-0.09519270637763105,0.28957760412065586
LoRARetriever,arc_challenge_10templates,-0.40015545180306267,-0.40190521748980773,-0.0017497656867449258
LoRARetriever,arc_challenge_10templates,-0.3620858272100212,-0.5515237035705788,-0.18943787636055762
LoRARetriever,arc_challenge_10templates,-0.0860871966230391,-0.6891157782530307,-0.6030285816299916
LoRARetriever,arc_challenge_10templates,-0.04032747719895676,-0.7302353641843641,-0.6899078869854073
LoRARetriever,arc_challenge_10templates,0.2408572044159697,-0.5604663128316089,-0.8013235172475784
LoRARetriever,arc_challenge_10templates,0.7033042108266854,0.06542880654372814,-0.6378754042829574
LoRARetriever,arc_challenge_10templates,1.0852192318330636,0.31315454699793865,-0.7720646848351251
LoRARetriever,arc_challenge_10templates,0.8814766241176601,0.77885874163533,-0.10261788248233024
LoRARetriever,arc_challenge_10templates,0.9701189552954993,0.5945278577942167,-0.37559109750128283
LoRARetriever,arc_challenge_10templates,1.1569321792005662,0.6984049302915467,-0.4585272489090193
LoRARetriever,arc_challenge_10templates,1.2845037149182128,0.8139221731890638,-0.4705815417291491
LoRARetriever,arc_challenge_10templates,1.4111186918258696,1.0738981915377357,-0.33722050028813394
LoRARetriever,arc_challenge_10templates,1.2752739645124411,1.2293364899466879,-0.04593747456575332
LoRARetriever,arc_challenge_10templates,1.209701369984873,1.460510524991929,0.2508091550070558
LoRARetriever,arc_challenge_10templates,1.237841731747118,1.6631106242160956,0.42526889246897753
LoRARetriever,arc_challenge_10templates,1.4995603491368261,1.7633111657567284,0.2637508166199023
LoRARetriever,arc_challenge_10templates,1.146847129596407,1.7461449565038423,0.5992978269074354
LoRARetriever,arc_challenge_10templates,0.9945385285685404,1.635421505875492,0.6408829773069515
LoRARetriever,arc_challenge_10templates,1.1667128587569737,2.3700845326848,1.2033716739278262
LoRARetriever,arc_challenge_10templates,1.2931839088403816,2.1976565032459074,0.9044725944055261
LoRARetriever,arc_challenge_10templates,1.1989557961583268,2.5644908239922533,1.3655350278339262
LoRARetriever,arc_challenge_10templates,1.2311574026139378,2.560598614437988,1.3294412118240502
LoRARetriever,arc_challenge_10templates,1.2598515677553357,2.4821971978085564,1.222345630053221
LoRARetriever,arc_challenge_10templates,1.0565381730677303,2.5108939234849577,1.454355750417227
LoRARetriever,arc_challenge_10templates,1.2305935674742,2.8338956101502903,1.6033020426760902
LoRARetriever,arc_challenge_10templates,1.1061957695571794,2.4374355345220904,1.3312397649649108
LoRARetriever,arc_challenge_10templates,1.2358359319466983,2.8587798866304492,1.622943954683751
LoRARetriever,arc_challenge_10templates,1.2748437277236269,2.8752261085247848,1.6003823808011581
LoRARetriever,arc_challenge_10templates,1.6565578688801126,2.8718914920087038,1.215333623128591
LoRARetriever,arc_challenge_10templates,1.4919136822220305,2.9764673537674744,1.484553671545444
LoRARetriever,arc_challenge_10templates,1.5621608379619694,2.627212264104916,1.0650514261429462
LoRARetriever,arc_challenge_10templates,1.4615685639645446,2.9659173999601802,1.5043488359956358
LoRARetriever,arc_challenge_10templates,1.527224808895406,3.0671182724501023,1.5398934635546964
LoRARetriever,arc_challenge_10templates,1.510001686679347,3.120314310688642,1.610312624009295
LoRARetriever,arc_challenge_10templates,1.4624901848430651,2.996142063999112,1.533651879156047
LoRARetriever,bool_q_10templates,-3.692929837512986,-3.1016113206701528,0.591318516842833
LoRARetriever,bool_q_10templates,-4.005859386598234,-3.582135875302963,0.4237235112952715
LoRARetriever,bool_q_10templates,-3.986348650044897,-3.4434601432152716,0.5428885068296254
LoRARetriever,bool_q_10templates,-3.7531772677036233,-3.737667608116735,0.01550965958688852
LoRARetriever,bool_q_10templates,-2.657200024104826,-3.5185633298162284,-0.8613633057114027
LoRARetriever,bool_q_10templates,-2.1151568366296782,-2.8202206954251525,-0.7050638587954743
LoRARetriever,bool_q_10templates,-1.6267138209701908,-1.9915035415568125,-0.36478972058662174
LoRARetriever,bool_q_10templates,-1.268548330936295,-1.1475794020965253,0.12096892883976959
LoRARetriever,bool_q_10templates,-0.7455315091766133,-0.5083820334484098,0.23714947572820347
LoRARetriever,bool_q_10templates,-0.0289080807081945,-0.10073603780750275,-0.07182795709930825
LoRARetriever,bool_q_10templates,-0.1533330606928195,0.33014348478891575,0.48347654548173524
LoRARetriever,bool_q_10templates,0.05055542611608065,0.5423715980230992,0.4918161719070186
LoRARetriever,bool_q_10templates,0.07657889527355746,0.9667490656700599,0.8901701703965024
LoRARetriever,bool_q_10templates,0.23538128802802727,1.5750781913536944,1.3396969033256672
LoRARetriever,bool_q_10templates,0.561319409612135,1.8128152849830272,1.2514958753708922
LoRARetriever,bool_q_10templates,0.5682198555861311,2.3094407482733477,1.741220892687217
LoRARetriever,bool_q_10templates,0.6293236892690995,2.7109611858056337,2.0816374965365343
LoRARetriever,bool_q_10templates,0.3660284872224552,2.969438951451403,2.603410464228948
LoRARetriever,bool_q_10templates,0.5354850435118552,3.2810224574326554,2.7455374139208
LoRARetriever,bool_q_10templates,0.5894960316668815,3.0827528770736614,2.4932568454067803
LoRARetriever,bool_q_10templates,0.9063159402463867,3.110864424589424,2.2045484843430376
LoRARetriever,bool_q_10templates,0.8478555741208157,3.3925468132078347,2.544691239087019
LoRARetriever,bool_q_10templates,0.7936436980987448,3.131727357098099,2.3380836589993543
LoRARetriever,bool_q_10templates,1.07370427207861,3.3985901285613274,2.3248858564827173
LoRARetriever,bool_q_10templates,0.7552008956152131,3.6643738651592863,2.9091729695440733
LoRARetriever,bool_q_10templates,0.8111286593118848,3.5290163845531,2.7178877252412152
LoRARetriever,bool_q_10templates,0.8526428706323336,3.3545883470740843,2.5019454764417506
LoRARetriever,bool_q_10templates,1.2461157624851784,4.8037328341523695,3.557617071667191
LoRARetriever,bool_q_10templates,1.2029095549220037,3.802535875059581,2.599626320137577
LoRARetriever,bool_q_10templates,1.139159549984618,3.637936875679019,2.498777325694401
LoRARetriever,bool_q_10templates,0.9657592546295457,3.6531612224835714,2.6874019678540257
LoRARetriever,bool_q_10templates,1.3357314020427669,4.154037188157815,2.8183057861150487
LoRARetriever,bool_q_10templates,1.707057809791188,3.767004321856622,2.0599465120654337
LoRARetriever,bool_q_10templates,1.0140078500288796,3.428862265185925,2.4148544151570457
LoRARetriever,bool_q_10templates,1.343035193174542,3.7703475356362945,2.4273123424617524
LoRARetriever,bool_q_10templates,1.9437149109164096,3.97377478085336,2.03005986993695
LoRARetriever,bool_q_10templates,1.5687539719039072,4.035302749655579,2.4665487777516715
LoRARetriever,bool_q_10templates,1.6362421617957335,3.6273217290384046,1.991079567242671
LoRARetriever,bool_q_10templates,1.5777181674956673,4.121629719638531,2.543911552142864
LoRARetriever,bool_q_10templates,1.3125463242732966,4.588732175675052,3.276185851401755
LoRARetriever,common_gen_10templates,-1.229548622559552,-1.164181368649356,0.06536725391019586
LoRARetriever,common_gen_10templates,-1.0308949242800498,-1.1541786893698194,-0.1232837650897697
LoRARetriever,common_gen_10templates,-1.0373502328385906,-1.0543241673392478,-0.016973934500657217
LoRARetriever,common_gen_10templates,-0.6244529794942785,-0.8334279011675988,-0.20897492167332019
LoRARetriever,common_gen_10templates,-0.1960903795999226,-0.6166911983909341,-0.42060081879101147
LoRARetriever,common_gen_10templates,0.19069541914980595,-0.07077024322817907,-0.2614656623779851
LoRARetriever,common_gen_10templates,0.6897987409744305,0.13606688418791815,-0.5537318567865123
LoRARetriever,common_gen_10templates,1.0558347699693522,0.6447685800266763,-0.4110661899426763
LoRARetriever,common_gen_10templates,1.3312283211909504,0.9727523930397962,-0.35847592815115414
LoRARetriever,common_gen_10templates,1.40122504836221,1.3766793970741023,-0.024545651288107827
LoRARetriever,common_gen_10templates,1.6701328892040845,1.518670962697178,-0.15146192650690674
LoRARetriever,common_gen_10templates,1.5221464415075698,1.861371705386689,0.33922526387911917
LoRARetriever,common_gen_10templates,1.5445570740155807,2.3341288863057654,0.7895718122901844
LoRARetriever,common_gen_10templates,1.6130447961028613,2.52176225230756,0.9087174562046987
LoRARetriever,common_gen_10templates,1.5851760478941481,2.717454120974309,1.1322780730801607
LoRARetriever,common_gen_10templates,1.7536226370611576,2.908381805263688,1.1547591682025304
LoRARetriever,common_gen_10templates,1.6517134590372913,3.104607372558068,1.4528939135207766
LoRARetriever,common_gen_10templates,1.7320865188382397,3.142005383869021,1.4099188650307817
LoRARetriever,common_gen_10templates,1.7469783948814117,3.207674544777349,1.4606961498959374
LoRARetriever,common_gen_10templates,1.9098395861706559,3.236066316031062,1.326226729860406
LoRARetriever,common_gen_10templates,1.972793193168465,3.3726737385998313,1.3998805454313663
LoRARetriever,common_gen_10templates,1.9524178518158837,3.500527841424182,1.548109989608298
LoRARetriever,common_gen_10templates,1.968453271775431,3.5612850072982924,1.5928317355228614
LoRARetriever,common_gen_10templates,1.7508430466343483,3.53603929852951,1.7851962518951618
LoRARetriever,common_gen_10templates,1.816977486530399,3.384308845650751,1.5673313591203522
LoRARetriever,common_gen_10templates,1.8574887440715813,3.5050783283261073,1.6475895842545258
LoRARetriever,common_gen_10templates,2.016425595570623,3.7536564776502,1.7372308820795774
LoRARetriever,common_gen_10templates,2.0997753430505703,3.5419123225315428,1.4421369794809722
LoRARetriever,common_gen_10templates,2.1050220808538223,3.68811156769648,1.5830894868426577
LoRARetriever,common_gen_10templates,1.898698537675176,3.61301239541643,1.7143138577412542
LoRARetriever,common_gen_10templates,2.1724338486810737,3.5980914433046025,1.4256575946235286
LoRARetriever,common_gen_10templates,2.1034185131204777,3.6076906345340483,1.5042721214135706
LoRARetriever,common_gen_10templates,2.0353142693064967,3.6266978403962944,1.5913835710897979
LoRARetriever,common_gen_10templates,2.029682285219598,3.6126389746898813,1.5829566894702833
LoRARetriever,common_gen_10templates,2.045199244112428,3.5570264082881007,1.5118271641756729
LoRARetriever,common_gen_10templates,2.006788251954246,3.629939349781895,1.6231510978276487
LoRARetriever,common_gen_10templates,2.0925818646262067,3.6693181285536447,1.5767362639274383
LoRARetriever,common_gen_10templates,2.069370008539859,3.622317472907837,1.552947464367978
LoRARetriever,common_gen_10templates,2.099564027731864,3.707356230813248,1.6077922030813838
LoRARetriever,common_gen_10templates,2.1270129698705365,3.6506795552727866,1.5236665854022502
LoRARetriever,copa_10templates,-0.5547306820086881,-0.3899722985765089,0.1647583834321791
LoRARetriever,copa_10templates,-0.5928195289088426,-0.31796734904948415,0.2748521798593584
LoRARetriever,copa_10templates,-0.7736174305453868,-0.35481458824953604,0.41880284229585074
LoRARetriever,copa_10templates,-0.3678907509366053,-0.40264093857877514,-0.03475018764216977
LoRARetriever,copa_10templates,-0.4738560602265436,-0.39524059644838694,0.07861546377815658
LoRARetriever,copa_10templates,-0.28459651644384387,-0.5246393543052997,-0.24004283786145597
LoRARetriever,copa_10templates,-0.2387704485793958,-0.6058234810466325,-0.36705303246723675
LoRARetriever,copa_10templates,-0.292650317761075,-0.17284970963370166,0.11980060812737327
LoRARetriever,copa_10templates,0.16750576516973736,-0.18987648837187457,-0.357382253541612
LoRARetriever,copa_10templates,-0.04704901644062324,-0.19155538594454938,-0.14450636950392612
LoRARetriever,copa_10templates,0.0948457374067735,-0.04982751131990432,-0.14467324872667783
LoRARetriever,copa_10templates,0.44864745509218307,0.0879673463600543,-0.36068010873212863
LoRARetriever,copa_10templates,0.41183191540120123,0.39931763391266106,-0.012514281488540118
LoRARetriever,copa_10templates,0.23806002992440742,0.5285820218060294,0.2905219918816221
LoRARetriever,copa_10templates,0.287674879215407,0.6269870925305532,0.339312213315146
LoRARetriever,copa_10templates,0.3605890189251395,1.0202290191434162,0.6596400002182765
LoRARetriever,copa_10templates,0.3661933213895358,1.3775044965307546,1.0113111751412187
LoRARetriever,copa_10templates,0.36871541035134775,1.770253142221795,1.4015377318704472
LoRARetriever,copa_10templates,0.41726047262481114,1.960638634417814,1.5433781617930027
LoRARetriever,copa_10templates,0.4387743279639712,1.9952454394865162,1.556471111522545
LoRARetriever,copa_10templates,0.5693632246231651,1.817552390722097,1.2481891660989317
LoRARetriever,copa_10templates,0.3901387381553247,2.053956456182159,1.6638177180268343
LoRARetriever,copa_10templates,0.707112093338995,2.1731621473980076,1.4660500540590125
LoRARetriever,copa_10templates,0.4438824904869202,2.5394896399211513,2.095607149434231
LoRARetriever,copa_10templates,0.5046159638265237,2.4452304144885266,1.940614450662003
LoRARetriever,copa_10templates,0.6002285929507793,2.3738878437044653,1.7736592507536857
LoRARetriever,copa_10templates,0.7219196369139269,2.435320667339359,1.7134010304254317
LoRARetriever,copa_10templates,0.5954516670247554,2.422241718204433,1.8267900511796775
LoRARetriever,copa_10templates,0.8019393425078115,2.4808981008821767,1.678958758374365
LoRARetriever,copa_10templates,0.9413693526131884,2.438753239021689,1.4973838864085
LoRARetriever,copa_10templates,1.1163382750655086,2.6634603610674814,1.547122086001973
LoRARetriever,copa_10templates,0.7764890636129864,3.1877791060849514,2.4112900424719648
LoRARetriever,copa_10templates,0.9483985253239977,2.7051518538345523,1.7567533285105548
LoRARetriever,copa_10templates,1.3749819308349918,2.891672680835747,1.5166907500007556
LoRARetriever,copa_10templates,1.3838865779616785,2.7575265846607366,1.3736400066990582
LoRARetriever,copa_10templates,1.3777304856097088,2.715128754188671,1.3373982685789625
LoRARetriever,copa_10templates,1.5719669365977251,2.89879087762223,1.3268239410245048
LoRARetriever,copa_10templates,1.824775521608009,3.0126263082594487,1.1878507866514396
LoRARetriever,copa_10templates,1.4349080169481765,2.882838172205682,1.4479301552575057
LoRARetriever,copa_10templates,1.3394794598994246,2.9613743762930502,1.6218949163936254
LoRARetriever,cosmos_qa_10templates,-2.4635173447758127,-2.0695225358352753,0.3939948089405378
LoRARetriever,cosmos_qa_10templates,-2.500265337902522,-1.8652260429179333,0.635039294984589
LoRARetriever,cosmos_qa_10templates,-2.160022150149893,-1.8459762999680651,0.314045850181828
LoRARetriever,cosmos_qa_10templates,-1.805251391981261,-1.9005488402882507,-0.0952974483069896
LoRARetriever,cosmos_qa_10templates,-1.3885479244804415,-1.870777795001248,-0.4822298705208066
LoRARetriever,cosmos_qa_10templates,-1.0478902277281674,-1.6705610781617748,-0.6226708504336071
LoRARetriever,cosmos_qa_10templates,-0.5959326654169955,-1.4999995970521478,-0.9040669316351523
LoRARetriever,cosmos_qa_10templates,-0.16476693051274385,-1.2219968765668248,-1.0572299460540808
LoRARetriever,cosmos_qa_10templates,0.12386613928429041,-0.6202037863351042,-0.7440699256193943
LoRARetriever,cosmos_qa_10templates,0.3588935514273621,-0.23367244029429257,-0.5925659917216547
LoRARetriever,cosmos_qa_10templates,0.3278588948296168,0.19343902270949698,-0.13441987212011955
LoRARetriever,cosmos_qa_10templates,0.5198647049667477,0.29610498355592246,-0.22375972141082517
LoRARetriever,cosmos_qa_10templates,0.5684625535739201,0.6294888558343402,0.061026302260420225
LoRARetriever,cosmos_qa_10templates,0.7081215302926543,0.7864942101654624,0.07837267987280798
LoRARetriever,cosmos_qa_10templates,0.8188186005896291,1.1448693872587394,0.32605078666911036
LoRARetriever,cosmos_qa_10templates,0.8319804571249311,1.3617037049628946,0.5297232478379637
LoRARetriever,cosmos_qa_10templates,0.7499647672604643,1.361185746885962,0.6112209796254975
LoRARetriever,cosmos_qa_10templates,0.9170519867497612,1.3453172076820652,0.4282652209323042
LoRARetriever,cosmos_qa_10templates,1.2397294605875133,1.428095975544297,0.18836651495678383
LoRARetriever,cosmos_qa_10templates,1.35912909385251,1.8567548231372242,0.4976257292847144
LoRARetriever,cosmos_qa_10templates,1.0201523898536449,1.7442366951568233,0.7240843053031785
LoRARetriever,cosmos_qa_10templates,1.4313185456135211,1.7998524779182246,0.3685339323047033
LoRARetriever,cosmos_qa_10templates,1.2347400708014187,2.5806174123856067,1.3458773415841878
LoRARetriever,cosmos_qa_10templates,1.4292709431073647,2.225456229187259,0.7961852860798941
LoRARetriever,cosmos_qa_10templates,1.5484950269674636,2.2531900546602524,0.7046950276927891
LoRARetriever,cosmos_qa_10templates,1.7170731943270494,2.2152132286336506,0.4981400343066012
LoRARetriever,cosmos_qa_10templates,1.737330673159072,2.3807629255315788,0.6434322523725063
LoRARetriever,cosmos_qa_10templates,2.139897508983765,2.5451656265027007,0.40526811751893604
LoRARetriever,cosmos_qa_10templates,1.872447408274122,2.489483535631381,0.6170361273572588
LoRARetriever,cosmos_qa_10templates,1.9232309541738917,2.344605116736531,0.4213741625626395
LoRARetriever,cosmos_qa_10templates,1.8645331175099895,2.848678456550664,0.9841453390406744
LoRARetriever,cosmos_qa_10templates,1.8623338720641678,2.843846729234705,0.9815128571705373
LoRARetriever,cosmos_qa_10templates,2.237669275669308,3.4017476135983893,1.1640783379290813
LoRARetriever,cosmos_qa_10templates,1.9936623526206323,2.999167489504932,1.0055051368842998
LoRARetriever,cosmos_qa_10templates,2.0959400795131407,3.084583321478426,0.9886432419652856
LoRARetriever,cosmos_qa_10templates,2.071775926294585,2.9518421998592066,0.8800662735646213
LoRARetriever,cosmos_qa_10templates,1.6331838545998576,2.817326901369191,1.184143046769333
LoRARetriever,cosmos_qa_10templates,1.7854295918156078,3.005046856133903,1.2196172643182952
LoRARetriever,cosmos_qa_10templates,2.160876287191509,3.0849029769370104,0.924026689745502
LoRARetriever,cosmos_qa_10templates,1.6978594481357323,2.8546990132161363,1.156839565080404
LoRARetriever,cosmos_qa_10templates,1.8192189420335176,2.9875892486885434,1.1683703066550255
LoRARetriever,cosmos_qa_10templates,1.5122337944843711,3.2138891667796097,1.7016553722952383
LoRARetriever,cosmos_qa_10templates,1.5611694065558581,2.9234560346921667,1.3622866281363089
LoRARetriever,cosmos_qa_10templates,1.4217904063897884,2.9657016915823426,1.5439112851925543
LoRARetriever,cosmos_qa_10templates,1.3829606480881131,3.2238514594743357,1.8408908113862223
LoRARetriever,cosmos_qa_10templates,1.314427464174739,2.9158198319434847,1.6013923677687454
LoRARetriever,dart_10templates,-1.2147199420688197,-1.348361728285218,-0.13364178621639844
LoRARetriever,dart_10templates,-0.8719277602876958,-1.3232529089382459,-0.45132514865055
LoRARetriever,dart_10templates,-0.6617070190622169,-1.2541582440371484,-0.5924512249749317
LoRARetriever,dart_10templates,-0.340972341758182,-1.242050855228672,-0.9010785134704902
LoRARetriever,dart_10templates,0.08408745550882636,-0.959460285207602,-1.0435477407164282
LoRARetriever,dart_10templates,0.326436712661665,-0.5314499513401656,-0.8578866640018307
LoRARetriever,dart_10templates,0.6639503483197515,0.02646308321654509,-0.6374872651032064
LoRARetriever,dart_10templates,1.0198045661132993,0.8886289790293312,-0.13117558708396815
LoRARetriever,dart_10templates,1.4670702445758403,1.0940736553268986,-0.37299658924894163
LoRARetriever,dart_10templates,1.506093802154248,1.4336468735918055,-0.07244692856244271
LoRARetriever,dart_10templates,1.5475709168785743,1.8594384405540523,0.3118675236754779
LoRARetriever,dart_10templates,1.6086879199984276,2.067189550878817,0.4585016308803899
LoRARetriever,dart_10templates,1.6498527146800022,2.435813202513942,0.7859604878339397
LoRARetriever,dart_10templates,1.6688853482226975,2.5533389517063125,0.8844536034836149
LoRARetriever,dart_10templates,1.823071204576268,2.5729376361223677,0.7498664315460997
LoRARetriever,dart_10templates,1.8980297553562762,2.6853721247866287,0.7873423694303524
LoRARetriever,dart_10templates,1.7634783591986471,2.7933275731226703,1.0298492139240232
LoRARetriever,dart_10templates,1.8759260990498896,2.8632912119094405,0.987365112859551
LoRARetriever,dart_10templates,1.8885262966529988,2.960371619006917,1.0718453223539184
LoRARetriever,dart_10templates,1.9602636791832901,3.0634821863691473,1.1032185071858571
LoRARetriever,dart_10templates,1.9346276061225693,3.2163422327753826,1.281714626652813
LoRARetriever,dart_10templates,1.973375369665094,3.3193055847141872,1.3459302150490933
LoRARetriever,dart_10templates,2.1230305244396024,3.378795315252724,1.255764790813122
LoRARetriever,dart_10templates,2.098248873628279,3.371975449985087,1.273726576356808
LoRARetriever,dart_10templates,2.0812428865824404,3.4175967707955492,1.3363538842131089
LoRARetriever,dart_10templates,1.914622933087635,3.5024380687832615,1.587815135695626
LoRARetriever,dart_10templates,2.006436550651772,3.5704432671623647,1.5640067165105929
LoRARetriever,dart_10templates,2.0246982428735687,3.5058951561072496,1.481196913233681
LoRARetriever,dart_10templates,2.01056055114706,3.462604352485371,1.4520438013383108
LoRARetriever,dart_10templates,2.041747125046154,3.6105308589725693,1.5687837339264152
LoRARetriever,dart_10templates,2.0883155962798217,3.601406636916759,1.5130910406369376
LoRARetriever,dart_10templates,2.16309977775132,3.5690793017281024,1.405979523976782
LoRARetriever,dart_10templates,1.9474859187840383,3.4930768131924737,1.5455908944084353
LoRARetriever,dart_10templates,1.9277001550180939,3.650274209122714,1.72257405410462
LoRARetriever,dart_10templates,2.0319757485350762,3.617747450754326,1.5857717022192497
LoRARetriever,dart_10templates,2.031638910626092,3.6654379038224967,1.633798993196405
LoRARetriever,dart_10templates,1.8877435584050848,3.5897330298991563,1.701989471494072
LoRARetriever,dart_10templates,1.9893364650270882,3.655573373585681,1.6662369085585929
LoRARetriever,dart_10templates,1.9577748650619253,3.6995548071697106,1.7417799421077855
LoRARetriever,dart_10templates,2.001198230060167,3.5910733947062248,1.5898751646460578
LoRARetriever,drop_10templates,-1.6568225292424041,-1.600131345723208,0.056691183519196185
LoRARetriever,drop_10templates,-1.5128416573082266,-1.5209289821694978,-0.008087324861271155
LoRARetriever,drop_10templates,-1.0673133625994458,-1.3863844926703899,-0.31907113007094406
LoRARetriever,drop_10templates,-0.37710457674469505,-1.2100417663453735,-0.8329371896006786
LoRARetriever,drop_10templates,0.09731932150424175,-0.761844293009416,-0.8591636145136579
LoRARetriever,drop_10templates,0.5674161114183134,0.7046788727654195,0.13726276134710613
LoRARetriever,drop_10templates,1.0307577324819528,1.0510394968418266,0.02028176435987403
LoRARetriever,drop_10templates,1.5509476500229422,1.401136329768335,-0.1498113202546071
LoRARetriever,drop_10templates,1.881183286622383,1.5175548613847814,-0.36362842523760164
LoRARetriever,drop_10templates,1.8736809357738997,1.598152180590044,-0.2755287551838558
LoRARetriever,drop_10templates,1.9548988407558305,1.7313495842929032,-0.22354925646292728
LoRARetriever,drop_10templates,1.9902879880295763,1.879474180873377,-0.11081380715619951
LoRARetriever,drop_10templates,2.083622714786846,2.379418582804543,0.2957958680176973
LoRARetriever,drop_10templates,2.0603837464028136,2.604025624920094,0.5436418785172802
LoRARetriever,drop_10templates,2.228070293626361,2.5919163624504695,0.3638460688241086
LoRARetriever,drop_10templates,2.134642823417581,2.7343114815433296,0.5996686581257484
LoRARetriever,drop_10templates,2.0747518872438815,2.7665244316104887,0.6917725443666072
LoRARetriever,drop_10templates,1.9905064569212632,2.82924967457868,0.8387432176574168
LoRARetriever,drop_10templates,2.0651805280616693,3.1589675914385715,1.0937870633769022
LoRARetriever,drop_10templates,2.126184178045095,3.22942295973396,1.1032387816888651
LoRARetriever,drop_10templates,2.252857826708276,3.113038758617982,0.8601809319097062
LoRARetriever,drop_10templates,2.109416887471517,3.145502951566378,1.0360860640948613
LoRARetriever,drop_10templates,2.298048447952605,3.2949624058249247,0.9969139578723201
LoRARetriever,drop_10templates,2.2842769411930752,3.4159669522798564,1.1316900110867811
LoRARetriever,drop_10templates,2.2969144046261674,3.394326562067346,1.097412157441179
LoRARetriever,drop_10templates,2.188522334888828,3.5671078690726787,1.3785855341838502
LoRARetriever,drop_10templates,2.3372599830751453,3.415448098638316,1.0781881155631712
LoRARetriever,drop_10templates,2.448126624346561,3.367454215335325,0.9193275909887638
LoRARetriever,drop_10templates,2.3110382824157885,3.591312539158481,1.2802742567426924
LoRARetriever,drop_10templates,2.3632747106891854,3.450532613680622,1.0872579029914362
LoRARetriever,drop_10templates,2.392454406081977,3.487334300734438,1.0948798946524616
LoRARetriever,drop_10templates,2.2337200374900466,3.403725868716439,1.1700058312263926
LoRARetriever,drop_10templates,2.153756453441486,3.583907800620085,1.4301513471785985
LoRARetriever,drop_10templates,2.388700273074107,3.4129815556407515,1.0242812825666443
LoRARetriever,drop_10templates,2.228847628815601,3.5624346165214464,1.3335869877058457
LoRARetriever,drop_10templates,2.1248491854248472,3.5383242224727818,1.413475037047934
LoRARetriever,drop_10templates,2.036015517027711,3.594906521940712,1.5588910049130003
LoRARetriever,drop_10templates,2.261332453775794,3.457809242578434,1.1964767888026402
LoRARetriever,drop_10templates,2.1904964318051223,3.513237963576726,1.322741531771604
LoRARetriever,drop_10templates,2.292128424463084,3.699365570779538,1.4072371463164541
LoRARetriever,drop_10templates,2.182779209926839,3.6559004075053085,1.4731211975784695
LoRARetriever,drop_10templates,2.1225242144262073,3.413400887634919,1.2908766732087116
LoRARetriever,drop_10templates,2.323292172994794,3.4220230086925545,1.0987308356977603
LoRARetriever,drop_10templates,2.2116929894438555,3.5396385188069246,1.3279455293630695
LoRARetriever,drop_10templates,2.031618041530702,3.4177086798748504,1.3860906383441485
LoRARetriever,drop_10templates,1.885246370450948,3.452756828109122,1.5675104576581744
LoRARetriever,drop_10templates,1.8713253810660024,3.3089702532578453,1.4376448721918431
LoRARetriever,drop_10templates,1.846197968941149,3.539431334055335,1.6932333651141858
LoRARetriever,drop_10templates,1.7878614119896945,3.4347857221397256,1.646924310150031
LoRARetriever,drop_10templates,1.6632630792543466,3.3200973818570785,1.656834302602732
LoRARetriever,drop_10templates,1.621755075551219,3.300638984359962,1.6788839088087435
LoRARetriever,drop_10templates,1.588426320647776,3.3763891509857165,1.78796283033794
LoRARetriever,drop_10templates,1.5071184364138726,3.2407028516849485,1.7335844152710762
LoRARetriever,drop_10templates,1.4287041354327241,3.221994785022066,1.793290649589342
LoRARetriever,drop_10templates,1.2660620387015993,3.2867019455924735,2.0206399068908745
LoRARetriever,drop_10templates,1.1288352956060248,3.102162992622034,1.9733276970160094
LoRARetriever,drop_10templates,0.8779807564466953,3.033251594248157,2.155270837801462
LoRARetriever,drop_10templates,0.6558337737934876,2.941358243685825,2.285524469892337
LoRARetriever,drop_10templates,0.36423316866216277,2.791997342303509,2.427764173641346
LoRARetriever,drop_10templates,0.09218386288483284,2.8392462980919855,2.7470624352071527
LoRARetriever,drop_10templates,-0.2963299782010743,2.41228232617152,2.7086123043725943
LoRARetriever,drop_10templates,-0.8318705482254688,2.2823309210152027,3.1142014692406716
LoRARetriever,drop_10templates,-1.5656077256989298,1.575877466733164,3.141485192432094
LoRARetriever,e2e_nlg_10templates,-1.213446570929356,-1.5329459932612162,-0.31949942233186024
LoRARetriever,e2e_nlg_10templates,-0.9455622923227044,-1.4543499730751033,-0.5087876807523989
LoRARetriever,e2e_nlg_10templates,-0.5806842354437483,-1.2317590581594748,-0.6510748227157267
LoRARetriever,e2e_nlg_10templates,-0.19723176315625723,-1.0730100013231438,-0.8757782381668866
LoRARetriever,e2e_nlg_10templates,0.258946837731192,-0.7372568680495201,-0.9962037057807122
LoRARetriever,e2e_nlg_10templates,0.6190167725068066,0.06200300629955523,-0.5570137662072515
LoRARetriever,e2e_nlg_10templates,1.025991580092281,0.9494309414741271,-0.0765606386181539
LoRARetriever,e2e_nlg_10templates,1.2765235168194085,1.1865583084686315,-0.08996520835077708
LoRARetriever,e2e_nlg_10templates,1.5514063333889498,1.3199842994360576,-0.23142203395289213
LoRARetriever,e2e_nlg_10templates,1.7381973445058228,1.5182338738862147,-0.21996347061960805
LoRARetriever,e2e_nlg_10templates,1.5669526387808108,1.603149933496128,0.036197294715317116
LoRARetriever,e2e_nlg_10templates,1.6466633747517672,1.916176893851089,0.26951351909932186
LoRARetriever,e2e_nlg_10templates,1.678601763204519,2.1094325020171514,0.43083073881263234
LoRARetriever,e2e_nlg_10templates,1.8182723937885281,2.389538431103189,0.5712660373146607
LoRARetriever,e2e_nlg_10templates,1.658853698800483,2.818657373197207,1.1598036743967242
LoRARetriever,e2e_nlg_10templates,1.68547909650418,2.9297449091095067,1.2442658126053265
LoRARetriever,e2e_nlg_10templates,1.833824284699763,2.9879428715619385,1.1541185868621755
LoRARetriever,e2e_nlg_10templates,1.911277487962512,3.161575190766347,1.2502977028038351
LoRARetriever,e2e_nlg_10templates,1.9725382988712197,3.249797741791032,1.2772594429198125
LoRARetriever,e2e_nlg_10templates,1.9048110658749842,3.211868775196859,1.307057709321875
LoRARetriever,e2e_nlg_10templates,1.704241391945726,3.2547716372291093,1.5505302452833831
LoRARetriever,e2e_nlg_10templates,1.65493545641216,3.2982834271144434,1.6433479707022833
LoRARetriever,e2e_nlg_10templates,1.877424557607706,3.3851585006588394,1.5077339430511336
LoRARetriever,e2e_nlg_10templates,1.8314692155361572,3.345739796297351,1.5142705807611943
LoRARetriever,e2e_nlg_10templates,1.868924155448699,3.40698802169713,1.538063866248431
LoRARetriever,e2e_nlg_10templates,1.8195085145135446,3.3052758614633406,1.485767346949796
LoRARetriever,e2e_nlg_10templates,1.552493994525276,3.4154653265475248,1.8629713320222487
LoRARetriever,e2e_nlg_10templates,1.8771980727474613,3.418089244753249,1.5408911720057874
LoRARetriever,e2e_nlg_10templates,1.81787479621159,3.4566056300550194,1.6387308338434294
LoRARetriever,e2e_nlg_10templates,1.8123892922035607,3.450311490539277,1.6379221983357164
LoRARetriever,e2e_nlg_10templates,1.8401138716851442,3.610677078887772,1.7705632072026276
LoRARetriever,e2e_nlg_10templates,1.9796958926770578,3.594178024424758,1.6144821317477003
LoRARetriever,e2e_nlg_10templates,1.9473440484629154,3.5362445442788615,1.5889004958159458
LoRARetriever,e2e_nlg_10templates,1.8770611418982401,3.6352917997657106,1.7582306578674702
LoRARetriever,e2e_nlg_10templates,1.907025951144126,3.629231389740116,1.7222054385959902
LoRARetriever,e2e_nlg_10templates,1.86024682780616,3.618043379351307,1.7577965515451475
LoRARetriever,e2e_nlg_10templates,1.811310285818024,3.6507512055152245,1.8394409196972008
LoRARetriever,e2e_nlg_10templates,1.8646823878150818,3.613183766314194,1.7485013784991124
LoRARetriever,e2e_nlg_10templates,2.0372669694068675,3.6447049950627046,1.6074380256558372
LoRARetriever,e2e_nlg_10templates,1.7862240428097496,3.6087444860038103,1.8225204431940607
LoRARetriever,glue_mrpc_10templates,-1.253822293002544,-1.1189858910965924,0.13483640190595161
LoRARetriever,glue_mrpc_10templates,-1.3533196397468874,-1.0013667563402613,0.351952883406626
LoRARetriever,glue_mrpc_10templates,-1.5814740167587757,-1.171252301247751,0.41022171551102493
LoRARetriever,glue_mrpc_10templates,-1.6878423860564455,-1.2017980862100344,0.4860442998464112
LoRARetriever,glue_mrpc_10templates,-1.584592831360125,-1.2531804577761436,0.33141237358398107
LoRARetriever,glue_mrpc_10templates,-1.532466454293168,-1.1952001784744275,0.33726627581874047
LoRARetriever,glue_mrpc_10templates,-1.3289490734250047,-1.2031643999893111,0.1257846734356934
LoRARetriever,glue_mrpc_10templates,-1.036321932391188,-1.0410244907826804,-0.004702558391492345
LoRARetriever,glue_mrpc_10templates,-0.6761388272608756,-0.5372207637568213,0.13891806350405447
LoRARetriever,glue_mrpc_10templates,-0.43710445719986374,-0.2730096342626056,0.1640948229372582
LoRARetriever,glue_mrpc_10templates,-0.4729938793453215,-0.06702244059053417,0.4059714387547874
LoRARetriever,glue_mrpc_10templates,-0.25935853700112105,0.3047645514376412,0.564123088438762
LoRARetriever,glue_mrpc_10templates,-0.2953408569782413,0.6589387557615894,0.9542796127398306
LoRARetriever,glue_mrpc_10templates,-0.2233326012534331,0.9114531734468869,1.1347857747003198
LoRARetriever,glue_mrpc_10templates,-0.010217492401690264,0.8881574057405229,0.8983748981422133
LoRARetriever,glue_mrpc_10templates,-0.21768698871089762,1.2747064866564022,1.4923934753672998
LoRARetriever,glue_mrpc_10templates,-0.006862756866779174,1.628161155141846,1.6350239120086252
LoRARetriever,glue_mrpc_10templates,0.060977053617104315,2.374888498993478,2.3139114453763736
LoRARetriever,glue_mrpc_10templates,-0.006318439439849948,2.314803546331232,2.3211219857710823
LoRARetriever,glue_mrpc_10templates,0.21770499368523677,2.6616560135806466,2.44395101989541
LoRARetriever,glue_mrpc_10templates,0.13886553591830098,2.817790360458691,2.6789248245403896
LoRARetriever,glue_mrpc_10templates,-0.010169913495493394,2.889081271519336,2.8992511850148293
LoRARetriever,glue_mrpc_10templates,-0.09179683302066073,2.579997255307634,2.6717940883282947
LoRARetriever,glue_mrpc_10templates,0.20919447072513467,2.705851313871461,2.4966568431463263
LoRARetriever,glue_mrpc_10templates,0.24924658106849648,3.2481758807706163,2.99892929970212
LoRARetriever,glue_mrpc_10templates,0.28896485386428544,3.0487597210409882,2.759794867176703
LoRARetriever,glue_mrpc_10templates,0.07128746152977457,3.257125668223518,3.185838206693744
LoRARetriever,glue_mrpc_10templates,0.3784184273190408,3.5965479998898418,3.218129572570801
LoRARetriever,glue_mrpc_10templates,0.2941116390740949,3.1392898178806896,2.8451781788065946
LoRARetriever,glue_mrpc_10templates,0.1145074010723885,2.844216124898319,2.7297087238259308
LoRARetriever,glue_mrpc_10templates,0.2190599100478241,3.4104352558534874,3.191375345805663
LoRARetriever,glue_mrpc_10templates,0.38847416043927907,2.9729584859826965,2.5844843255434173
LoRARetriever,glue_mrpc_10templates,0.20348593362558964,2.8145319753796563,2.6110460417540664
LoRARetriever,glue_mrpc_10templates,0.18303828452899995,3.133151589376671,2.950113304847671
LoRARetriever,glue_mrpc_10templates,0.0959233485885434,3.0330482208907643,2.9371248723022214
LoRARetriever,glue_mrpc_10templates,0.3166432822414589,2.9882301138866065,2.6715868316451474
LoRARetriever,glue_mrpc_10templates,0.27880039450002664,2.3660096582696286,2.087209263769602
LoRARetriever,glue_mrpc_10templates,0.3917781816636254,3.365210518138428,2.9734323364748025
LoRARetriever,glue_mrpc_10templates,0.45653741750326093,2.698118844744413,2.241581427241152
LoRARetriever,glue_mrpc_10templates,0.20609248644163278,3.163650504600614,2.957558018158981
LoRARetriever,glue_qqp_10templates,-1.8457443991644955,-1.634090337319364,0.21165406184513166
LoRARetriever,glue_qqp_10templates,-1.7291674698415311,-1.763933560199737,-0.03476609035820581
LoRARetriever,glue_qqp_10templates,-1.6566779621325225,-1.536247702272938,0.12043025985958446
LoRARetriever,glue_qqp_10templates,-1.5470030606154528,-1.433297904365238,0.11370515625021459
LoRARetriever,glue_qqp_10templates,-1.4135655223988648,-1.4714081929884506,-0.057842670589586
LoRARetriever,glue_qqp_10templates,-1.1579785928231414,-1.5352781094083245,-0.37729951658518324
LoRARetriever,glue_qqp_10templates,-0.920940227620247,-1.17476876769406,-0.25382854007381284
LoRARetriever,glue_qqp_10templates,-0.5706229869740489,-0.7685009705088788,-0.19787798353483
LoRARetriever,glue_qqp_10templates,-0.3474932171569893,-0.5293970228094441,-0.1819038056524549
LoRARetriever,glue_qqp_10templates,-0.25038624922163377,-0.14409668395233213,0.10628956526930164
LoRARetriever,glue_qqp_10templates,0.007311107310999769,0.03848325508202343,0.031172147771023624
LoRARetriever,glue_qqp_10templates,-0.07578781537462194,0.3732369108928234,0.4490247262674454
LoRARetriever,glue_qqp_10templates,-0.05836220436754024,0.5260340469512902,0.5843962513188307
LoRARetriever,glue_qqp_10templates,0.09236500184087079,0.808975437705535,0.7166104358646642
LoRARetriever,glue_qqp_10templates,0.23593027992587207,1.3276445747937737,1.0917142948679015
LoRARetriever,glue_qqp_10templates,0.21744088366317418,1.7870195460631928,1.5695786624000185
LoRARetriever,glue_qqp_10templates,0.36493040892029693,1.852752898218789,1.487822489298492
LoRARetriever,glue_qqp_10templates,0.4019632648987436,2.145177213247812,1.7432139483490685
LoRARetriever,glue_qqp_10templates,0.41513875167344105,2.25189149915036,1.8367527474769185
LoRARetriever,glue_qqp_10templates,0.4725445740790368,2.8658437751741372,2.3932992010951004
LoRARetriever,glue_qqp_10templates,0.6033383763475095,2.420710549545875,1.8173721731983654
LoRARetriever,glue_qqp_10templates,0.33627324131640607,2.7435761010339816,2.4073028597175754
LoRARetriever,glue_qqp_10templates,0.5069226785091531,2.8684538244962243,2.3615311459870716
LoRARetriever,glue_qqp_10templates,0.43822753893677874,3.046911609643665,2.6086840707068863
LoRARetriever,glue_qqp_10templates,0.37478955710730144,3.0827910178986233,2.708001460791322
LoRARetriever,glue_qqp_10templates,0.35854317464841184,3.1562029193021797,2.7976597446537683
LoRARetriever,glue_qqp_10templates,0.42028195398070395,3.0653868442039562,2.6451048902232523
LoRARetriever,glue_qqp_10templates,0.502310261608929,2.9324575181308,2.430147256521871
LoRARetriever,glue_qqp_10templates,0.7829003360633645,3.0471547114729485,2.264254375409584
LoRARetriever,glue_qqp_10templates,0.7582466884305686,3.1816055910136436,2.423358902583075
LoRARetriever,glue_qqp_10templates,0.9365623993995084,3.2774005112530493,2.3408381118535413
LoRARetriever,glue_qqp_10templates,0.815699301951656,3.0323097695158476,2.2166104675641916
LoRARetriever,glue_qqp_10templates,0.5903196793212144,3.060220656746721,2.4699009774255067
LoRARetriever,glue_qqp_10templates,0.545510615292736,2.893825187485401,2.3483145721926646
LoRARetriever,glue_qqp_10templates,0.8729392762513989,3.1127684372047804,2.2398291609533816
LoRARetriever,glue_qqp_10templates,0.9673575089428269,2.737712284027773,1.770354775084946
LoRARetriever,glue_qqp_10templates,1.1199214913040114,2.8781664464812,1.7582449551771884
LoRARetriever,glue_qqp_10templates,1.1843942773331613,3.094032085315222,1.9096378079820608
LoRARetriever,glue_qqp_10templates,1.0808746777561238,2.568019878347982,1.4871452005918582
LoRARetriever,glue_qqp_10templates,1.0862720855465053,3.007591888073056,1.9213198025265505
LoRARetriever,hellaswag_10templates,-1.9906539062146316,-1.6321990471963044,0.3584548590183269
LoRARetriever,hellaswag_10templates,-2.0877109612778035,-1.5274294754495708,0.5602814858282328
LoRARetriever,hellaswag_10templates,-1.613890622805355,-1.4208810081579377,0.19300961464741712
LoRARetriever,hellaswag_10templates,-1.687421939375877,-1.3057389704470903,0.38168296892878645
LoRARetriever,hellaswag_10templates,-1.151985742333181,-1.6721680045012637,-0.5201822621680826
LoRARetriever,hellaswag_10templates,-0.8020555623851653,-1.5126801687489206,-0.7106246063637555
LoRARetriever,hellaswag_10templates,-0.3472844392274308,-0.7033262611046129,-0.35604182187718214
LoRARetriever,hellaswag_10templates,0.45820388019821345,0.09448958085910854,-0.3637142993391051
LoRARetriever,hellaswag_10templates,0.996348011476711,0.05941980515099775,-0.9369282063257132
LoRARetriever,hellaswag_10templates,1.0164751055961714,0.30843221651956004,-0.7080428890766114
LoRARetriever,hellaswag_10templates,1.2700783754849791,0.8108146417445128,-0.45926373374046625
LoRARetriever,hellaswag_10templates,1.1963638993968504,0.9069920043377037,-0.28937189505914707
LoRARetriever,hellaswag_10templates,1.3041459799324389,1.1350833259012985,-0.16906265403114024
LoRARetriever,hellaswag_10templates,1.0992423182688018,1.099146399712421,-9.591855638065938e-05
LoRARetriever,hellaswag_10templates,1.3007206764054824,1.4825667753270075,0.18184609892152512
LoRARetriever,hellaswag_10templates,1.166723893806689,1.566799838082669,0.4000759442759799
LoRARetriever,hellaswag_10templates,1.3568812180105114,2.2315431768169756,0.8746619588064642
LoRARetriever,hellaswag_10templates,1.5042357196950689,2.226815349958786,0.7225796302637173
LoRARetriever,hellaswag_10templates,1.2310092057400748,2.0498481882160164,0.818838982475942
LoRARetriever,hellaswag_10templates,1.3965788286110337,2.2887220443559486,0.8921432157449152
LoRARetriever,hellaswag_10templates,1.279916162085448,2.3827119138790236,1.1027957517935756
LoRARetriever,hellaswag_10templates,1.0588462645778476,2.335107706202984,1.2762614416251366
LoRARetriever,hellaswag_10templates,1.2736417129051953,2.62615854638536,1.3525168334801645
LoRARetriever,hellaswag_10templates,1.2093167052233897,2.640829229008274,1.4315125237848845
LoRARetriever,hellaswag_10templates,1.306519804588578,2.775836339659514,1.4693165350709358
LoRARetriever,hellaswag_10templates,1.3445920555550581,2.8847567658254407,1.5401647102703826
LoRARetriever,hellaswag_10templates,1.1114366258835517,2.3916851877911727,1.280248561907621
LoRARetriever,hellaswag_10templates,1.3612333555273348,2.7008065916829502,1.3395732361556154
LoRARetriever,hellaswag_10templates,1.2223718849177707,2.762396157850474,1.5400242729327034
LoRARetriever,hellaswag_10templates,1.2019935427261719,2.8194484987157096,1.6174549559895375
LoRARetriever,hellaswag_10templates,1.3569670707080739,2.9631348419217716,1.606167771213698
LoRARetriever,hellaswag_10templates,1.3492979337823445,2.973244174670082,1.6239462408877376
LoRARetriever,hellaswag_10templates,1.7160606335209663,2.8794843521122684,1.1634237185913021
LoRARetriever,hellaswag_10templates,1.5512147984272204,2.934042462052537,1.3828276636253167
LoRARetriever,hellaswag_10templates,1.7294328272228967,3.0486768866657714,1.3192440594428745
LoRARetriever,hellaswag_10templates,1.6423615510855676,3.194294638977812,1.5519330878922444
LoRARetriever,hellaswag_10templates,1.9460227281924198,3.253914681869533,1.3078919536771132
LoRARetriever,hellaswag_10templates,2.0983971641390013,3.101812190808563,1.0034150266695618
LoRARetriever,hellaswag_10templates,1.7823720052265577,3.712282339540994,1.9299103343144366
LoRARetriever,hellaswag_10templates,1.6653529479401816,3.0685282774890883,1.4031753295489064
LoRARetriever,imdb_reviews_10templates,-1.7115608885381834,-1.614778864269263,0.0967820242689203
LoRARetriever,imdb_reviews_10templates,-1.7430483418183937,-1.665264675858677,0.0777836659597166
LoRARetriever,imdb_reviews_10templates,-1.7549335018939423,-1.687637174252186,0.06729632764175594
LoRARetriever,imdb_reviews_10templates,-1.308712605734551,-1.7766594432105358,-0.46794683747598487
LoRARetriever,imdb_reviews_10templates,-1.0484794992046624,-1.614747307659011,-0.5662678084543484
LoRARetriever,imdb_reviews_10templates,-0.49000140274464465,-1.1136454372778346,-0.6236440345331901
LoRARetriever,imdb_reviews_10templates,0.16011611241965076,-0.35708427157664757,-0.5172003839962984
LoRARetriever,imdb_reviews_10templates,0.540551829957013,0.4840166697085066,-0.0565351602485064
LoRARetriever,imdb_reviews_10templates,0.9599159574977678,0.7778740736674575,-0.18204188383031036
LoRARetriever,imdb_reviews_10templates,0.9865905881598763,0.9882659762230613,0.0016753880631849298
LoRARetriever,imdb_reviews_10templates,1.0096987939612463,1.3614716088015353,0.35177281484028905
LoRARetriever,imdb_reviews_10templates,0.8996511790017683,1.3627837684024846,0.46313258940071633
LoRARetriever,imdb_reviews_10templates,0.8511725631085643,1.8636916220817408,1.0125190589731767
LoRARetriever,imdb_reviews_10templates,1.0929985308258712,2.1635008004716108,1.0705022696457398
LoRARetriever,imdb_reviews_10templates,1.2156043490642883,2.189976554744029,0.9743722056797409
LoRARetriever,imdb_reviews_10templates,1.0158161663519176,2.3564920653991597,1.340675899047242
LoRARetriever,imdb_reviews_10templates,1.1005054807968426,2.7726398132720655,1.6721343324752231
LoRARetriever,imdb_reviews_10templates,0.9786166258554031,3.065934339222778,2.0873177133673746
LoRARetriever,imdb_reviews_10templates,1.1381139479558398,2.8130354660862538,1.6749215181304136
LoRARetriever,imdb_reviews_10templates,1.11086893893749,2.986050932897759,1.8751819939602692
LoRARetriever,imdb_reviews_10templates,1.1738792883431528,2.9175447444811207,1.743665456137968
LoRARetriever,imdb_reviews_10templates,0.8983798373358941,2.9644788378622056,2.066099000526312
LoRARetriever,imdb_reviews_10templates,1.1494154148391513,2.8714559472581946,1.7220405324190435
LoRARetriever,imdb_reviews_10templates,1.3084547541940317,3.067380588758044,1.7589258345640126
LoRARetriever,imdb_reviews_10templates,1.359989408398212,3.2223413726817443,1.862351964283532
LoRARetriever,imdb_reviews_10templates,1.39900387226248,3.4280054488956795,2.0290015766331995
LoRARetriever,imdb_reviews_10templates,1.2774760093809083,3.4155559947653895,2.1380799853844814
LoRARetriever,imdb_reviews_10templates,1.4925526570668872,3.302707031826236,1.8101543747593487
LoRARetriever,imdb_reviews_10templates,1.5899483075468903,3.2362556636813307,1.6463073561344406
LoRARetriever,imdb_reviews_10templates,1.4912949883125393,3.4917697433181774,2.000474755005638
LoRARetriever,imdb_reviews_10templates,1.5176151505268345,3.412036203212864,1.8944210526860294
LoRARetriever,imdb_reviews_10templates,1.4152715297965157,3.4064659464637335,1.9911944166672177
LoRARetriever,imdb_reviews_10templates,1.5002237240314547,3.346781939022491,1.8465582149910362
LoRARetriever,imdb_reviews_10templates,1.5920395264713316,3.3846607504889965,1.7926212240176644
LoRARetriever,imdb_reviews_10templates,1.6004174286914128,3.3706994545483133,1.7702820258569
LoRARetriever,imdb_reviews_10templates,1.664364328640623,3.4727730068789153,1.8084086782382922
LoRARetriever,imdb_reviews_10templates,1.3875545490019603,3.3666027668793626,1.9790482178774027
LoRARetriever,imdb_reviews_10templates,1.3443309499142286,3.276316856636064,1.931985906721835
LoRARetriever,imdb_reviews_10templates,1.4369843622540517,3.279411509490136,1.842427147236084
LoRARetriever,imdb_reviews_10templates,1.6400259726173931,3.5230012643611035,1.8829752917437104
LoRARetriever,imdb_reviews_10templates,1.5432107305619667,3.4521818913586033,1.9089711607966364
LoRARetriever,imdb_reviews_10templates,1.667526823632359,3.318548578621797,1.6510217549894377
LoRARetriever,imdb_reviews_10templates,1.6805375747014033,3.2040581348866355,1.5235205601852322
LoRARetriever,imdb_reviews_10templates,1.4333064587215578,3.5222052001515936,2.0888987414300355
LoRARetriever,imdb_reviews_10templates,1.5734269868454338,3.5548656795918543,1.9814386927464207
LoRARetriever,mnli_mismatched_10templates,-1.2421435715101194,-0.965152603458439,0.2769909680516805
LoRARetriever,mnli_mismatched_10templates,-1.424862774412254,-1.0751560914190463,0.3497066829932076
LoRARetriever,mnli_mismatched_10templates,-1.6431226524051048,-1.0075956357231368,0.635527016681968
LoRARetriever,mnli_mismatched_10templates,-1.1955681144288361,-1.2296395418638386,-0.03407142743500234
LoRARetriever,mnli_mismatched_10templates,-0.8267571336997572,-1.2625330174016167,-0.43577588370185955
LoRARetriever,mnli_mismatched_10templates,-0.2242382266224519,-0.9046059089678197,-0.6803676823453677
LoRARetriever,mnli_mismatched_10templates,0.07318018746625897,0.08756057914200313,0.014380391675744356
LoRARetriever,mnli_mismatched_10templates,0.6046220922037633,0.2792679256590076,-0.3253541665447559
LoRARetriever,mnli_mismatched_10templates,0.7496737855643227,0.33518667304662325,-0.41448711251769954
LoRARetriever,mnli_mismatched_10templates,0.5303058932923955,0.44402905309178653,-0.08627684020060901
LoRARetriever,mnli_mismatched_10templates,0.46553515863285144,0.5307866309909652,0.06525147235811392
LoRARetriever,mnli_mismatched_10templates,0.9332371449194243,0.7847288375778252,-0.14850830734159923
LoRARetriever,mnli_mismatched_10templates,0.7574366077862681,0.9373742329314877,0.1799376251452196
LoRARetriever,mnli_mismatched_10templates,0.832291527639424,1.3453280272584736,0.5130364996190496
LoRARetriever,mnli_mismatched_10templates,0.817877130241569,1.1616968302079025,0.34381969996633344
LoRARetriever,mnli_mismatched_10templates,0.8345732626001843,1.8845829247533932,1.0500096621532091
LoRARetriever,mnli_mismatched_10templates,0.9900687313305448,1.7892838277827021,0.799215096452157
LoRARetriever,mnli_mismatched_10templates,0.8283877623271036,1.885409643252347,1.0570218809252434
LoRARetriever,mnli_mismatched_10templates,0.6598274669559298,1.9942419922890096,1.3344145253330797
LoRARetriever,mnli_mismatched_10templates,1.1806104766363381,2.1786473733927343,0.9980368967563961
LoRARetriever,mnli_mismatched_10templates,0.8001488776072241,2.3592364678157867,1.5590875902085624
LoRARetriever,mnli_mismatched_10templates,1.4305204258037292,2.9076368746345405,1.4771164488308115
LoRARetriever,mnli_mismatched_10templates,1.3321480062769522,2.808089549865899,1.4759415435889467
LoRARetriever,mnli_mismatched_10templates,0.8852312026831427,2.435857290217622,1.5506260875344788
LoRARetriever,mnli_mismatched_10templates,1.0135685559739087,2.7933456755778434,1.7797771196039345
LoRARetriever,mnli_mismatched_10templates,1.1615703405516242,2.2106368777962397,1.0490665372446153
LoRARetriever,mnli_mismatched_10templates,1.1995177639573553,2.7423637528750353,1.54284598891768
LoRARetriever,mnli_mismatched_10templates,1.1631621324001025,2.9442132918320616,1.781051159431959
LoRARetriever,mnli_mismatched_10templates,1.8098304292574021,3.148920336043983,1.3390899067865802
LoRARetriever,mnli_mismatched_10templates,1.5752088849948136,3.239208406372507,1.6639995213776932
LoRARetriever,mnli_mismatched_10templates,1.595784308043736,3.943993391051779,2.348209083008043
LoRARetriever,mnli_mismatched_10templates,0.8281283629803657,3.1025191755036094,2.274390812523244
LoRARetriever,mnli_mismatched_10templates,0.9996031800868094,3.1022050927434544,2.1026019126566453
LoRARetriever,mnli_mismatched_10templates,0.7654038458155119,3.6051853692755356,2.8397815234600237
LoRARetriever,mnli_mismatched_10templates,1.1931031259259486,2.808384043968557,1.6152809180426086
LoRARetriever,mnli_mismatched_10templates,1.3460123864347298,3.260849254521197,1.914836868086467
LoRARetriever,mnli_mismatched_10templates,1.2823133619042357,3.515654298024695,2.23334093612046
LoRARetriever,mnli_mismatched_10templates,1.0023832932952692,2.5918711479953283,1.589487854700059
LoRARetriever,mnli_mismatched_10templates,1.4945718883521226,2.952015618070277,1.4574437297181542
LoRARetriever,mnli_mismatched_10templates,1.1869831902054928,2.9715853675121413,1.7846021773066485
LoRARetriever,multirc_10templates,-0.8908781249835414,-0.42184004661790314,0.46903807836563843
LoRARetriever,multirc_10templates,-1.026812964487918,-0.49460284854520936,0.5322101159427086
LoRARetriever,multirc_10templates,-1.107274097892786,-0.564698535313369,0.5425755625794169
LoRARetriever,multirc_10templates,-0.8902446437344406,-0.4316236428628781,0.4586210008715625
LoRARetriever,multirc_10templates,-0.6206744231811849,-0.2246078502935921,0.39606657288759284
LoRARetriever,multirc_10templates,-0.16383612738781517,0.30175479118305687,0.4655909185708722
LoRARetriever,multirc_10templates,-0.07711577415213464,-0.19256020633734403,-0.11544443218520949
LoRARetriever,multirc_10templates,0.3995672189139664,0.5051411661576879,0.10557394724372152
LoRARetriever,multirc_10templates,0.5035414912455676,0.7354053259472381,0.23186383470167046
LoRARetriever,multirc_10templates,0.7512630497769425,0.8047094694412817,0.05344641966433927
LoRARetriever,multirc_10templates,0.7555374097646906,0.8883034776524044,0.1327660678877137
LoRARetriever,multirc_10templates,0.5529606206358715,1.2140759462683821,0.6611153256325107
LoRARetriever,multirc_10templates,0.6464396620556817,1.1164858382747882,0.47004617621910644
LoRARetriever,multirc_10templates,0.5431309658394864,1.6015933521013064,1.05846238626182
LoRARetriever,multirc_10templates,0.4203069004817688,1.8218528694387945,1.401545968957026
LoRARetriever,multirc_10templates,0.4077317678166501,2.154460606584003,1.7467288387673525
LoRARetriever,multirc_10templates,0.483780459263776,2.06815064525137,1.5843701859875938
LoRARetriever,multirc_10templates,0.42816030967920626,2.3320249939856703,1.9038646843064642
LoRARetriever,multirc_10templates,0.24292307290019843,2.533845535091303,2.290922462191105
LoRARetriever,multirc_10templates,0.27367355527330217,2.6053553459557603,2.3316817906824583
LoRARetriever,multirc_10templates,0.34802626685427973,2.781001326141533,2.4329750592872537
LoRARetriever,multirc_10templates,0.34368633162162304,2.4810043055146376,2.1373179738930146
LoRARetriever,multirc_10templates,0.20989681243459432,2.775895290035098,2.5659984776005036
LoRARetriever,multirc_10templates,0.1954514915130505,3.0277907369797146,2.832339245466664
LoRARetriever,multirc_10templates,0.36382026666762823,2.781479854859087,2.4176595881914587
LoRARetriever,multirc_10templates,0.16061231879563162,2.9503974521216474,2.7897851333260153
LoRARetriever,multirc_10templates,0.4460645851701315,2.9003717654837144,2.454307180313583
LoRARetriever,multirc_10templates,0.5876198094330335,3.344082814010453,2.7564630045774194
LoRARetriever,multirc_10templates,0.655236529293295,3.478400960419471,2.8231644311261763
LoRARetriever,multirc_10templates,0.5358295748623076,2.95443238896645,2.4186028141041422
LoRARetriever,multirc_10templates,0.5188770853075376,3.1888989070002474,2.6700218216927096
LoRARetriever,multirc_10templates,0.5874615688623285,3.2773567407855566,2.689895171923228
LoRARetriever,multirc_10templates,0.37944332051152985,3.5201873315164254,3.1407440110048954
LoRARetriever,multirc_10templates,0.5483074698353532,3.1636540977250793,2.615346627889726
LoRARetriever,multirc_10templates,0.7116506600041598,3.2553629245549063,2.543712264550747
LoRARetriever,multirc_10templates,0.7715302234385658,2.770447101630334,1.998916878191768
LoRARetriever,multirc_10templates,0.790009999842232,3.2570428692278526,2.467032869385621
LoRARetriever,multirc_10templates,0.6939995698857104,2.9973341135926845,2.3033345437069745
LoRARetriever,multirc_10templates,0.6990979630260924,2.8747437391033746,2.175645776077282
LoRARetriever,multirc_10templates,0.7664084896660539,3.3335780592530084,2.5671695695869547
LoRARetriever,multirc_10templates,0.9061245120514231,2.816360352549437,1.910235840498014
LoRARetriever,multirc_10templates,0.8808256850354492,3.2790946925258595,2.3982690074904105
LoRARetriever,multirc_10templates,0.930205152244568,2.966870940002225,2.036665787757657
LoRARetriever,multirc_10templates,0.9629896433658732,3.0205973021223813,2.0576076587565084
LoRARetriever,multirc_10templates,1.120411676015045,2.8077699375888217,1.6873582615737763
LoRARetriever,multirc_10templates,0.9957254151846926,2.861406598339586,1.8656811831548936
LoRARetriever,multirc_10templates,0.9788058949955165,3.004821348404142,2.026015453408626
LoRARetriever,multirc_10templates,1.3011271315109583,2.7471139981909984,1.4459868666800402
LoRARetriever,multirc_10templates,1.0665446108164143,2.906791421498073,1.8402468106816587
LoRARetriever,multirc_10templates,0.9435337054893032,3.239629042102369,2.296095336613066
LoRARetriever,multirc_10templates,0.9570720144078168,3.397423265148895,2.4403512507410783
LoRARetriever,multirc_10templates,0.9051011450443324,3.2328538876243433,2.3277527425800106
LoRARetriever,multirc_10templates,0.7468330740413246,3.1293192420460176,2.382486168004693
LoRARetriever,multirc_10templates,0.7688302958803372,2.6083256565869335,1.8394953607065962
LoRARetriever,multirc_10templates,0.6400261222262161,2.9205218538095434,2.280495731583327
LoRARetriever,multirc_10templates,0.4186935454847966,2.624413015488958,2.205719470004161
LoRARetriever,multirc_10templates,0.059645699505999114,2.4604129335986604,2.4007672340926614
LoRARetriever,multirc_10templates,-0.014116722545128808,2.258412860466191,2.27252958301132
LoRARetriever,multirc_10templates,-0.168696314139358,2.230447359093555,2.399143673232913
LoRARetriever,multirc_10templates,-0.5583622925264189,2.3326687598798936,2.8910310524063125
LoRARetriever,multirc_10templates,-1.269059200084166,2.007319467582123,3.276378667666289
LoRARetriever,multirc_10templates,-1.6998302162400198,1.9135554863695372,3.613385702609557
LoRARetriever,multirc_10templates,-2.3137672833880707,0.9994024884388634,3.3131697718269337
LoRARetriever,natural_questions_10templates,-1.2610291935710995,-1.2637798184632372,-0.00275062489213766
LoRARetriever,natural_questions_10templates,-1.009101574498704,-1.1432542323156747,-0.13415265781697092
LoRARetriever,natural_questions_10templates,-0.6804687217279647,-0.8922663440373333,-0.21179762230936855
LoRARetriever,natural_questions_10templates,-0.017854478041820193,-0.40406025821148717,-0.38620578016966683
LoRARetriever,natural_questions_10templates,0.843368593191435,0.14038838185860353,-0.7029802113328314
LoRARetriever,natural_questions_10templates,1.2842557386487565,0.6944497102048126,-0.5898060284439438
LoRARetriever,natural_questions_10templates,1.7771550295206506,1.6613293278154742,-0.1158257017051765
LoRARetriever,natural_questions_10templates,1.9834191920962974,2.0601863952013613,0.07676720310506394
LoRARetriever,natural_questions_10templates,1.902954044705721,2.310922894453724,0.4079688497480032
LoRARetriever,natural_questions_10templates,1.9857146172710178,2.692799491564995,0.707084874293977
LoRARetriever,natural_questions_10templates,2.008819854463694,2.909878369086592,0.9010585146228979
LoRARetriever,natural_questions_10templates,2.0132018749709375,3.044202199322014,1.0310003243510761
LoRARetriever,natural_questions_10templates,1.96611920343611,3.420839488549277,1.454720285113167
LoRARetriever,natural_questions_10templates,2.017390911653583,3.4582536663061383,1.440862754652555
LoRARetriever,natural_questions_10templates,2.120466427498254,3.60318925142124,1.4827228239229857
LoRARetriever,natural_questions_10templates,2.1025010659242787,3.510143951283899,1.4076428853596203
LoRARetriever,natural_questions_10templates,2.0526866051218193,3.613641850209654,1.5609552450878346
LoRARetriever,natural_questions_10templates,1.9642207630725539,3.5746572553758473,1.6104364923032932
LoRARetriever,natural_questions_10templates,1.9890980322737788,3.6011384446608674,1.6120404123870886
LoRARetriever,natural_questions_10templates,2.107222937255002,3.5672852073101944,1.4600622700551917
LoRARetriever,natural_questions_10templates,2.0707332590717544,3.380533322511419,1.3098000634396647
LoRARetriever,natural_questions_10templates,1.9988649607162916,3.644296779006067,1.6454318182897751
LoRARetriever,natural_questions_10templates,2.009758543737967,3.6511449017320134,1.6413863579940464
LoRARetriever,natural_questions_10templates,2.04563079993662,3.5692132651065847,1.5235824651699648
LoRARetriever,natural_questions_10templates,2.1387522164165254,3.7648565803226637,1.626104363906138
LoRARetriever,natural_questions_10templates,2.1925892994197764,3.780853726667395,1.5882644272476187
LoRARetriever,natural_questions_10templates,2.234016735997586,3.612903834260609,1.3788870982630228
LoRARetriever,natural_questions_10templates,2.3000281693712914,3.660493884467052,1.3604657150957606
LoRARetriever,natural_questions_10templates,2.026125679562166,3.690619813877118,1.664494134314952
LoRARetriever,natural_questions_10templates,1.9927517139477173,3.815512278811009,1.8227605648632916
LoRARetriever,natural_questions_10templates,2.016682933801264,3.642967847992554,1.6262849141912898
LoRARetriever,natural_questions_10templates,1.998551738452455,3.693039381486118,1.694487643033663
LoRARetriever,natural_questions_10templates,2.1093000887613425,3.796928381524667,1.6876282927633244
LoRARetriever,natural_questions_10templates,2.0569413944628825,3.7995730762591355,1.7426316817962528
LoRARetriever,natural_questions_10templates,2.007923712556096,3.7473134412765843,1.739389728720489
LoRARetriever,natural_questions_10templates,2.0616587645439926,3.7034566285178214,1.6417978639738289
LoRARetriever,natural_questions_10templates,1.9557050303389325,3.7118365944944993,1.7561315641555668
LoRARetriever,natural_questions_10templates,1.9471539918759901,3.7174533276094293,1.7702993357334393
LoRARetriever,natural_questions_10templates,1.9574087705229908,3.749983492175488,1.7925747216524972
LoRARetriever,natural_questions_10templates,1.9033091720362112,3.762605588377544,1.8592964163413332
LoRARetriever,openbookqa_10templates,-2.1090063718972965,-2.021022192591,0.08798417930629693
LoRARetriever,openbookqa_10templates,-1.7286781313879414,-1.949983496925083,-0.22130536553714164
LoRARetriever,openbookqa_10templates,-1.1798200615417673,-1.892596689962437,-0.7127766284206697
LoRARetriever,openbookqa_10templates,-0.645976184661539,-1.9087074905815333,-1.262731305919994
LoRARetriever,openbookqa_10templates,-0.2259682180708181,-1.7885857929738742,-1.562617574903056
LoRARetriever,openbookqa_10templates,0.5266432791121304,-1.290165613631027,-1.8168088927431576
LoRARetriever,openbookqa_10templates,0.8103843651600768,0.18831124812529842,-0.6220731170347785
LoRARetriever,openbookqa_10templates,1.3965201939891696,0.8164460055650035,-0.5800741884241662
LoRARetriever,openbookqa_10templates,1.4887420209234585,0.9971113171701829,-0.49163070375327556
LoRARetriever,openbookqa_10templates,1.685415619378129,1.0356821884589869,-0.649733430919142
LoRARetriever,openbookqa_10templates,1.7799091889988095,1.3395530813973429,-0.4403561076014667
LoRARetriever,openbookqa_10templates,1.5437039990032324,1.2787024591503855,-0.26500153985284697
LoRARetriever,openbookqa_10templates,2.016826028807853,1.5337681757776138,-0.48305785303023935
LoRARetriever,openbookqa_10templates,1.8796298762282864,2.296687300471755,0.4170574242434687
LoRARetriever,openbookqa_10templates,2.1818485791029487,2.219324173777278,0.037475594674329586
LoRARetriever,openbookqa_10templates,2.0989382207815104,2.455942686465848,0.3570044656843376
LoRARetriever,openbookqa_10templates,1.9700188480749414,2.9397754526091466,0.9697566045342052
LoRARetriever,openbookqa_10templates,2.190995841648086,2.8739291359055126,0.6829332942574265
LoRARetriever,openbookqa_10templates,2.1215527494277624,3.298715349751011,1.1771626003232483
LoRARetriever,openbookqa_10templates,2.297718169816792,2.8925787270251426,0.5948605572083508
LoRARetriever,openbookqa_10templates,2.344671285730031,3.034714209483978,0.6900429237539465
LoRARetriever,openbookqa_10templates,2.3790145019875286,3.149593025029569,0.7705785230420408
LoRARetriever,openbookqa_10templates,2.6070108100076315,3.275468927760601,0.6684581177529694
LoRARetriever,openbookqa_10templates,2.517698599283757,3.317543318743195,0.7998447194594384
LoRARetriever,openbookqa_10templates,2.3836841092170946,3.373655768958023,0.9899716597409279
LoRARetriever,openbookqa_10templates,2.3657490599395716,3.1017367310315858,0.7359876710920142
LoRARetriever,openbookqa_10templates,2.2687239474414875,2.9626842889248057,0.6939603414833181
LoRARetriever,openbookqa_10templates,2.3153145418067163,3.3097217054161843,0.9944071636094683
LoRARetriever,openbookqa_10templates,2.348217988067318,3.255934258289653,0.907716270222335
LoRARetriever,openbookqa_10templates,2.433549137187404,3.1862891313577664,0.7527399941703626
LoRARetriever,openbookqa_10templates,2.4922231963704378,3.2992964457194875,0.8070732493490498
LoRARetriever,openbookqa_10templates,2.1991823281141234,3.638327158210124,1.4391448300960008
LoRARetriever,openbookqa_10templates,2.3328557966961836,3.485949273042549,1.1530934763463656
LoRARetriever,openbookqa_10templates,2.301131934788421,3.3590454631069377,1.0579135283185166
LoRARetriever,openbookqa_10templates,2.218910161930164,3.2540470990690187,1.0351369371388548
LoRARetriever,openbookqa_10templates,2.1359693512753024,3.112607341689404,0.9766379904141014
LoRARetriever,openbookqa_10templates,2.0302458312771687,3.1602183616695365,1.1299725303923678
LoRARetriever,openbookqa_10templates,2.1254913727669877,3.349578389673465,1.2240870169064775
LoRARetriever,openbookqa_10templates,1.9851495087042008,3.3997775883393175,1.4146280796351165
LoRARetriever,openbookqa_10templates,2.181595743911745,3.3847691995674434,1.2031734556556986
LoRARetriever,para_crawl_enes_10templates,-1.0901989075576193,-0.9039338189483571,0.18626508860926222
LoRARetriever,para_crawl_enes_10templates,-0.8858757209207635,-0.872281873870074,0.013593847050689535
LoRARetriever,para_crawl_enes_10templates,-0.4602917157588532,-0.689873697476559,-0.22958198171770583
LoRARetriever,para_crawl_enes_10templates,-0.044323720282190476,-0.47840699210975185,-0.43408327182756135
LoRARetriever,para_crawl_enes_10templates,0.4500303759819018,-0.16473873869713607,-0.6147691146790378
LoRARetriever,para_crawl_enes_10templates,1.2618716436559316,0.5305308257836254,-0.7313408178723065
LoRARetriever,para_crawl_enes_10templates,1.9529460106248173,1.2328396221672924,-0.7201063884575247
LoRARetriever,para_crawl_enes_10templates,2.3093439313144337,1.9009966563606895,-0.408347274953744
LoRARetriever,para_crawl_enes_10templates,2.3200049160592116,2.026451316673318,-0.29355359938589376
LoRARetriever,para_crawl_enes_10templates,2.445402543786287,2.1698295625785433,-0.27557298120774393
LoRARetriever,para_crawl_enes_10templates,2.4528462293283253,2.4817412780627985,0.028895048734473124
LoRARetriever,para_crawl_enes_10templates,2.2666978214087,2.732900695118338,0.46620287370963787
LoRARetriever,para_crawl_enes_10templates,2.323231491047476,3.097642899710124,0.7744114086626487
LoRARetriever,para_crawl_enes_10templates,2.515112784688744,3.198814484847877,0.6837017001591333
LoRARetriever,para_crawl_enes_10templates,2.5008566560900003,3.397055773278868,0.896199117188868
LoRARetriever,para_crawl_enes_10templates,2.5700409296675817,3.401339252903512,0.8312983232359306
LoRARetriever,para_crawl_enes_10templates,2.616234094512638,3.4133357862565945,0.7971016917439564
LoRARetriever,para_crawl_enes_10templates,2.6316856961723825,3.681191696285481,1.0495060001130982
LoRARetriever,para_crawl_enes_10templates,2.5942200074018222,3.647502876828731,1.0532828694269092
LoRARetriever,para_crawl_enes_10templates,2.635942148663934,3.54871488748886,0.9127727388249262
LoRARetriever,para_crawl_enes_10templates,2.7019087399063775,3.607181893291579,0.905273153385202
LoRARetriever,para_crawl_enes_10templates,2.5277303769694264,3.599666997777976,1.0719366208085495
LoRARetriever,para_crawl_enes_10templates,2.560877591168195,3.644064773725402,1.083187182557207
LoRARetriever,para_crawl_enes_10templates,2.5525618169875157,3.6113107908347057,1.0587489738471905
LoRARetriever,para_crawl_enes_10templates,2.523330420727724,3.674836904091266,1.1515064833635422
LoRARetriever,para_crawl_enes_10templates,2.619703208323157,3.591135630815068,0.9714324224919112
LoRARetriever,para_crawl_enes_10templates,2.674166742573452,3.4814075755415526,0.8072408329681005
LoRARetriever,para_crawl_enes_10templates,2.4872871872301943,3.609964702868757,1.1226775156385629
LoRARetriever,para_crawl_enes_10templates,2.557413007340456,3.6240821921566173,1.0666691848161611
LoRARetriever,para_crawl_enes_10templates,2.5775591853665225,3.6141550151146085,1.036595829748086
LoRARetriever,para_crawl_enes_10templates,2.6190632537099674,3.592173412252828,0.9731101585428604
LoRARetriever,para_crawl_enes_10templates,2.522923507022959,3.6564906047065344,1.1335670976835754
LoRARetriever,para_crawl_enes_10templates,2.6144047730334155,3.633504889315086,1.0191001162816702
LoRARetriever,para_crawl_enes_10templates,2.5761528500640165,3.7720082081594426,1.1958553580954263
LoRARetriever,para_crawl_enes_10templates,2.623953225197092,3.702732697887604,1.0787794726905118
LoRARetriever,para_crawl_enes_10templates,2.4928048782686565,3.678076502581557,1.1852716243129005
LoRARetriever,para_crawl_enes_10templates,2.4829699686397477,3.7894195195057123,1.3064495508659648
LoRARetriever,para_crawl_enes_10templates,2.4810788307572818,3.577905724405359,1.0968268936480772
LoRARetriever,para_crawl_enes_10templates,2.3982436953267907,3.694658006073835,1.2964143107470445
LoRARetriever,para_crawl_enes_10templates,2.339784434089118,3.6382008477532657,1.2984164136641478
LoRARetriever,paws_wiki_10templates,-1.7798775716217272,-1.7650930498629926,0.01478452175873487
LoRARetriever,paws_wiki_10templates,-2.0058828000630253,-1.6694160523510464,0.3364667477119793
LoRARetriever,paws_wiki_10templates,-2.088295252459369,-1.753453709424882,0.3348415430344869
LoRARetriever,paws_wiki_10templates,-2.1967293473249923,-1.872467357373505,0.32426198995148764
LoRARetriever,paws_wiki_10templates,-2.0977838429781115,-1.9959086750704007,0.10187516790771084
LoRARetriever,paws_wiki_10templates,-1.7970204354406103,-2.183606507669979,-0.38658607222936864
LoRARetriever,paws_wiki_10templates,-1.3559366006183018,-1.7917992063546084,-0.4358626057363069
LoRARetriever,paws_wiki_10templates,-1.0786993928894928,-1.2800872283194489,-0.201387835429956
LoRARetriever,paws_wiki_10templates,-0.6879303745514114,-0.8368568538128643,-0.14892647926145294
LoRARetriever,paws_wiki_10templates,-0.4027384564458211,-0.40355881032404467,-0.0008203538782235552
LoRARetriever,paws_wiki_10templates,-0.36628913044993655,-0.04239852755418493,0.3238906028957516
LoRARetriever,paws_wiki_10templates,-0.20806201223550685,0.3443286893231923,0.5523907015586994
LoRARetriever,paws_wiki_10templates,-0.2712284641383211,0.7831286683944305,1.0543571325327514
LoRARetriever,paws_wiki_10templates,0.04321322409517505,0.9200181792326466,0.8768049551374717
LoRARetriever,paws_wiki_10templates,0.28503383261639775,1.0640580928091925,0.7790242601927946
LoRARetriever,paws_wiki_10templates,0.3157134249839275,1.204800255792817,0.8890868308088896
LoRARetriever,paws_wiki_10templates,0.3899385819098976,1.7538251739729356,1.363886592063038
LoRARetriever,paws_wiki_10templates,0.7856184619041959,1.8081999900604655,1.0225815281562698
LoRARetriever,paws_wiki_10templates,0.6142834549941572,1.8893189656626665,1.2750355106685094
LoRARetriever,paws_wiki_10templates,0.8276289387005124,2.091030591967367,1.2634016532668546
LoRARetriever,paws_wiki_10templates,0.7243451832378385,2.101640155477437,1.3772949722395984
LoRARetriever,paws_wiki_10templates,1.078925885321917,2.0744177456541997,0.9954918603322824
LoRARetriever,paws_wiki_10templates,0.8637554971782895,2.1153160342932145,1.2515605371149252
LoRARetriever,paws_wiki_10templates,0.5223681932071282,2.4329037748767637,1.9105355816696352
LoRARetriever,paws_wiki_10templates,0.6568013454588912,2.7411510627006956,2.084349717241804
LoRARetriever,paws_wiki_10templates,0.9040039424761098,3.1233298169088934,2.219325874432784
LoRARetriever,paws_wiki_10templates,0.7460552011495908,3.0238346702412313,2.2777794690916404
LoRARetriever,paws_wiki_10templates,0.7889647768411969,2.9555346479090896,2.1665698710678924
LoRARetriever,paws_wiki_10templates,0.7157976629525705,3.465883849159885,2.7500861862073145
LoRARetriever,paws_wiki_10templates,0.7276566762191728,3.5747335207856894,2.8470768445665167
LoRARetriever,paws_wiki_10templates,0.9578031808659184,3.237662552106737,2.2798593712408186
LoRARetriever,paws_wiki_10templates,0.9407105612846055,3.276400860113984,2.335690298829378
LoRARetriever,paws_wiki_10templates,0.8586457766501571,3.241743258004251,2.3830974813540937
LoRARetriever,paws_wiki_10templates,1.1024232237824665,2.910053495166107,1.8076302713836403
LoRARetriever,paws_wiki_10templates,1.207947507701291,2.9038449930104338,1.6958974853091429
LoRARetriever,paws_wiki_10templates,1.351103679659643,2.999432846473309,1.6483291668136657
LoRARetriever,paws_wiki_10templates,1.0586838488233103,2.924979767536757,1.8662959187134465
LoRARetriever,paws_wiki_10templates,0.8852097380446308,3.3652808157878753,2.4800710777432444
LoRARetriever,paws_wiki_10templates,0.8470883829483109,3.466559936362403,2.6194715534140918
LoRARetriever,paws_wiki_10templates,0.9165487049479587,3.145479358460937,2.2289306535129785
LoRARetriever,piqa_10templates,-1.3582936665557086,-1.3789110038111434,-0.02061733725543491
LoRARetriever,piqa_10templates,-0.8090675100961178,-1.342613961351533,-0.5335464512554156
LoRARetriever,piqa_10templates,-0.21082350344327397,-1.1879473118328303,-0.9771238083895564
LoRARetriever,piqa_10templates,0.44767604771971053,-1.0631515233588122,-1.5108275710785226
LoRARetriever,piqa_10templates,0.7752825962149342,-0.6857650799320778,-1.461047676147012
LoRARetriever,piqa_10templates,1.0678470418037906,0.2630359349710811,-0.8048111068327095
LoRARetriever,piqa_10templates,1.3307541895834332,0.8646716303573683,-0.46608255922606484
LoRARetriever,piqa_10templates,1.6412958836842073,1.5288740132357845,-0.11242187044842268
LoRARetriever,piqa_10templates,1.6881176480568865,1.5728132135682888,-0.11530443448859745
LoRARetriever,piqa_10templates,1.6071538078044012,1.8361100398337713,0.22895623202936993
LoRARetriever,piqa_10templates,1.6171222241750651,2.2845540813289946,0.6674318571539288
LoRARetriever,piqa_10templates,1.8087420748238627,2.5509269053308277,0.7421848305069646
LoRARetriever,piqa_10templates,1.7811305633655201,2.5035542490396234,0.7224236856741033
LoRARetriever,piqa_10templates,1.7990122872870182,2.6546655042293867,0.8556532169423684
LoRARetriever,piqa_10templates,1.87644028561189,2.720302587263221,0.843862301651331
LoRARetriever,piqa_10templates,1.7697550842325047,3.0124949376000814,1.2427398533675764
LoRARetriever,piqa_10templates,1.7674405988574078,2.95142030283171,1.1839797039743023
LoRARetriever,piqa_10templates,1.9235081812329322,3.5625473889227988,1.6390392076898663
LoRARetriever,piqa_10templates,1.960609875296864,3.645187054307534,1.68457717901067
LoRARetriever,piqa_10templates,1.9189877306599104,3.7362427708298855,1.817255040169975
LoRARetriever,piqa_10templates,1.9014550043032818,3.5767483502096415,1.6752933459063597
LoRARetriever,piqa_10templates,2.038724912934634,3.5161908341355583,1.4774659212009245
LoRARetriever,piqa_10templates,1.9763296156518735,3.73089524665719,1.7545656310053166
LoRARetriever,piqa_10templates,2.07022363363331,3.76896869062994,1.6987450569966298
LoRARetriever,piqa_10templates,1.996982697399604,3.751282956925143,1.754300259525539
LoRARetriever,piqa_10templates,2.2247363651403442,3.7446278390533974,1.5198914739130527
LoRARetriever,piqa_10templates,2.211462543247725,3.8702538432434532,1.658791299995728
LoRARetriever,piqa_10templates,2.113639806723991,3.9467533449735472,1.833113538249556
LoRARetriever,piqa_10templates,2.208013500979327,3.595262498167899,1.3872489971885715
LoRARetriever,piqa_10templates,2.2594875234613916,3.6576393159094582,1.3981517924480666
LoRARetriever,piqa_10templates,2.26441974040915,3.9040267386881267,1.6396069982789763
LoRARetriever,piqa_10templates,2.3358629224957985,3.707442772904434,1.3715798504086358
LoRARetriever,piqa_10templates,2.27234662015268,3.715576480350409,1.4432298601977294
LoRARetriever,piqa_10templates,2.0473580444257395,3.8721270696345766,1.8247690252088373
LoRARetriever,piqa_10templates,2.379476502769581,3.898636899120296,1.5191603963507152
LoRARetriever,piqa_10templates,2.31060416528635,3.5998168142719744,1.2892126489856244
LoRARetriever,piqa_10templates,2.294821431859464,3.623779144827309,1.3289577129678454
LoRARetriever,piqa_10templates,2.228146546698582,3.8386219538714252,1.610475407172843
LoRARetriever,piqa_10templates,2.1690818537780108,3.865188556257105,1.6961067024790946
LoRARetriever,piqa_10templates,2.0758065142630127,3.691010974460835,1.6152044601978228
LoRARetriever,record_10templates,-2.3813433150470544,-2.173883379939581,0.20745993510747324
LoRARetriever,record_10templates,-2.3319989166612283,-2.168598695477903,0.16340022118332523
LoRARetriever,record_10templates,-2.071068745920476,-2.1115366585082542,-0.04046791258777834
LoRARetriever,record_10templates,-1.5915755106359177,-1.936336240027721,-0.344760729391803
LoRARetriever,record_10templates,-0.9496969325136748,-1.608573028036852,-0.658876095523177
LoRARetriever,record_10templates,-0.041125172831627296,-1.2485987433164967,-1.2074735704848694
LoRARetriever,record_10templates,0.6353731920377103,-0.3088223730543635,-0.9441955650920736
LoRARetriever,record_10templates,0.842932594671504,0.9181659893931243,0.07523339472162027
LoRARetriever,record_10templates,0.9595024864561555,1.1503739106067734,0.19087142415061792
LoRARetriever,record_10templates,1.1360799419386718,1.565729108530356,0.429649166591684
LoRARetriever,record_10templates,1.0781618194989315,1.808514389247937,0.7303525697490052
LoRARetriever,record_10templates,1.1060398290856832,1.9335902119912518,0.8275503829055684
LoRARetriever,record_10templates,1.2303393058101184,2.106964523450586,0.8766252176404676
LoRARetriever,record_10templates,1.2818280791997765,2.364450793200078,1.0826227140003013
LoRARetriever,record_10templates,1.7164796091939984,2.335712562709959,0.6192329535159605
LoRARetriever,record_10templates,1.6964113757967128,2.3907678972604076,0.6943565214636948
LoRARetriever,record_10templates,2.107584119585108,2.7716032025498896,0.6640190829647817
LoRARetriever,record_10templates,1.897278101964833,2.9231299938204263,1.025851891855593
LoRARetriever,record_10templates,2.1827635311381126,3.076877133255464,0.8941136021173515
LoRARetriever,record_10templates,2.0854505129945196,3.2564619821240295,1.1710114691295097
LoRARetriever,record_10templates,2.2100751192588963,3.0859372137933745,0.8758620945344782
LoRARetriever,record_10templates,2.243866424984047,3.247188802646779,1.0033223776627316
LoRARetriever,record_10templates,2.2394680602644685,3.2685302446979296,1.029062184433461
LoRARetriever,record_10templates,2.3126798128463264,3.35235952776286,1.039679714916534
LoRARetriever,record_10templates,2.5880643841061084,3.1436640476241804,0.5555996635180721
LoRARetriever,record_10templates,2.3286865562248122,3.2485621990157463,0.919875642790934
LoRARetriever,record_10templates,2.290120370126584,3.412962047122124,1.12284167699554
LoRARetriever,record_10templates,2.11352174740418,3.4160061614425388,1.3024844140383587
LoRARetriever,record_10templates,2.0362856381628167,3.471924063729229,1.4356384255664125
LoRARetriever,record_10templates,1.9941385184005744,3.351648346293585,1.3575098278930107
LoRARetriever,record_10templates,2.2399901671494438,3.257594871962052,1.0176047048126085
LoRARetriever,record_10templates,2.1038535796778564,3.312038389942387,1.2081848102645312
LoRARetriever,record_10templates,2.1594958129534687,3.36418734334619,1.2046915303927213
LoRARetriever,record_10templates,2.1496220997671354,3.230111906179349,1.080489806412214
LoRARetriever,record_10templates,1.8653234059540174,3.3690947403886873,1.50377133443467
LoRARetriever,record_10templates,1.959334294288895,3.712707560082765,1.75337326579387
LoRARetriever,record_10templates,1.932216605914346,3.5780738505038987,1.6458572445895525
LoRARetriever,record_10templates,1.9303423095475725,3.33772408760995,1.4073817780623774
LoRARetriever,record_10templates,2.0103511776024523,3.2813598341803387,1.2710086565778862
LoRARetriever,record_10templates,1.7905583072157325,3.5146985905396337,1.724140283323901
LoRARetriever,sentiment140_10templates,-2.6663135753657836,-1.9146996318435672,0.7516139435222164
LoRARetriever,sentiment140_10templates,-2.7223020119573538,-1.828454289560497,0.8938477223968565
LoRARetriever,sentiment140_10templates,-2.392694552368644,-1.7038624777008642,0.6888320746677797
LoRARetriever,sentiment140_10templates,-2.013647843979378,-1.8356362105137511,0.178011633465627
LoRARetriever,sentiment140_10templates,-1.8058962417011488,-1.7363366835037997,0.06955955819734906
LoRARetriever,sentiment140_10templates,-1.6276718746662577,-1.4226859350431702,0.2049859396230877
LoRARetriever,sentiment140_10templates,-1.0229037445060758,-1.113439360852157,-0.09053561634608114
LoRARetriever,sentiment140_10templates,-0.4972968287452086,-0.37333545350819153,0.12396137523701706
LoRARetriever,sentiment140_10templates,-0.31445825779635594,0.011778970942917664,0.3262372287392738
LoRARetriever,sentiment140_10templates,0.031160911638144665,0.48985543720872776,0.45869452557058327
LoRARetriever,sentiment140_10templates,0.44901494663240543,0.4743896815142751,0.0253747348818696
LoRARetriever,sentiment140_10templates,0.41441987100050676,0.793763552663205,0.37934368166269805
LoRARetriever,sentiment140_10templates,0.6818627717978776,1.1049187538155472,0.4230559820176698
LoRARetriever,sentiment140_10templates,0.7824143578571096,1.4168239272464722,0.6344095693893628
LoRARetriever,sentiment140_10templates,0.9033301940645323,1.5350552958203794,0.631725101755847
LoRARetriever,sentiment140_10templates,0.7950754990283085,2.0515357228081856,1.256460223779877
LoRARetriever,sentiment140_10templates,0.8468001944062187,2.0195183976472997,1.1727182032410812
LoRARetriever,sentiment140_10templates,1.1011168554237813,2.548010684808419,1.4468938293846376
LoRARetriever,sentiment140_10templates,0.9399672343321611,2.6014527297061427,1.6614854953739817
LoRARetriever,sentiment140_10templates,1.0673360581224673,2.826158892266998,1.7588228341445307
LoRARetriever,sentiment140_10templates,0.9971121257545283,2.9184035063530676,1.9212913805985394
LoRARetriever,sentiment140_10templates,1.016956431719777,2.7189424884795255,1.7019860567597485
LoRARetriever,sentiment140_10templates,1.0317392634381297,2.4937728934051884,1.4620336299670584
LoRARetriever,sentiment140_10templates,1.1852128224093879,2.8513002757330415,1.6660874533236536
LoRARetriever,sentiment140_10templates,1.2224108953795438,2.709502228103259,1.487091332723715
LoRARetriever,sentiment140_10templates,1.1404340422235602,2.6479329329458654,1.507498890722305
LoRARetriever,sentiment140_10templates,1.3380243181653235,2.896181273511715,1.5581569553463912
LoRARetriever,sentiment140_10templates,1.0105319237369,2.8457882388313602,1.83525631509446
LoRARetriever,sentiment140_10templates,1.081570157562662,2.6990634809788467,1.617493323416185
LoRARetriever,sentiment140_10templates,1.2404636969832028,2.9114984053291377,1.671034708345935
LoRARetriever,sentiment140_10templates,1.3329731509720912,3.1603086773738323,1.8273355264017408
LoRARetriever,sentiment140_10templates,1.265174222552336,3.2471104585307544,1.9819362359784187
LoRARetriever,sentiment140_10templates,1.1053932863252691,2.962368907160533,1.856975620835264
LoRARetriever,sentiment140_10templates,0.9684908879735868,3.343986092172098,2.3754952041985113
LoRARetriever,sentiment140_10templates,1.3543027220248771,3.462318005057288,2.1080152830324113
LoRARetriever,sentiment140_10templates,1.581140803796582,3.4217590445514516,1.84061824075487
LoRARetriever,sentiment140_10templates,1.379968973402066,3.677402721627645,2.297433748225579
LoRARetriever,sentiment140_10templates,1.5751418803222481,3.472710549659894,1.8975686693376457
LoRARetriever,sentiment140_10templates,1.3446411801331875,3.4933899268159645,2.148748746682777
LoRARetriever,sentiment140_10templates,1.3806382403855009,3.1881591096196775,1.807520869234177
LoRARetriever,snli_10templates,-2.2505610146005988,-2.3133946641042638,-0.06283364950366482
LoRARetriever,snli_10templates,-2.033412251578749,-2.3173892777529668,-0.2839770261742174
LoRARetriever,snli_10templates,-1.8392822381517353,-2.092324740990816,-0.25304250283908053
LoRARetriever,snli_10templates,-1.5482115970766674,-2.0461658893322463,-0.49795429225557886
LoRARetriever,snli_10templates,-0.9650386262076573,-1.434214145517223,-0.4691755193095655
LoRARetriever,snli_10templates,-0.32724720429703,-0.6299378237460737,-0.3026906194490434
LoRARetriever,snli_10templates,0.13353195352119107,0.11867413595580709,-0.01485781756538375
LoRARetriever,snli_10templates,0.2009110387371289,0.1708702422194719,-0.03004079651765696
LoRARetriever,snli_10templates,0.4428341591017515,0.3107828410753032,-0.1320513180264484
LoRARetriever,snli_10templates,0.7724960346797173,0.43977539649466507,-0.3327206381850521
LoRARetriever,snli_10templates,0.8982803469402885,0.5940947158741752,-0.3041856310661134
LoRARetriever,snli_10templates,0.8936466617010416,0.7916711360256434,-0.10197552567539815
LoRARetriever,snli_10templates,1.1004608643024734,1.3388882327616354,0.23842736845916185
LoRARetriever,snli_10templates,1.0933379120669484,1.420542540547463,0.3272046284805144
LoRARetriever,snli_10templates,1.327563136025485,1.7626411779393327,0.43507804191384775
LoRARetriever,snli_10templates,1.1815903044835112,2.042647476557672,0.861057172074161
LoRARetriever,snli_10templates,1.6581750282015217,2.282586421978093,0.6244113937765714
LoRARetriever,snli_10templates,1.7576848552966622,2.358280751064474,0.6005958957678115
LoRARetriever,snli_10templates,1.4636203759380537,2.3565998484252937,0.8929794724872399
LoRARetriever,snli_10templates,1.4601701425383802,2.3966217594445918,0.9364516169062115
LoRARetriever,snli_10templates,1.5190405131958025,2.663035007735491,1.1439944945396883
LoRARetriever,snli_10templates,1.7051544149067408,2.7529850322900686,1.0478306173833278
LoRARetriever,snli_10templates,1.463571153969094,2.946351379620088,1.482780225650994
LoRARetriever,snli_10templates,1.5862806148090023,2.6826515630038514,1.0963709481948491
LoRARetriever,snli_10templates,1.4208929732659523,3.2503348099733884,1.829441836707436
LoRARetriever,snli_10templates,1.6297112832537715,3.2970601555476406,1.667348872293869
LoRARetriever,snli_10templates,1.4721058742349742,3.5333918866600276,2.0612860124250534
LoRARetriever,snli_10templates,1.455900586336156,3.1863353474649867,1.730434761128831
LoRARetriever,snli_10templates,1.4392759690654509,2.8656890098122028,1.4264130407467521
LoRARetriever,snli_10templates,1.3429288654955975,3.306666164101935,1.9637372986063375
LoRARetriever,snli_10templates,1.6062965857423048,2.9789680348586662,1.3726714491163616
LoRARetriever,snli_10templates,1.678805570553993,3.2350598636746937,1.5562542931207006
LoRARetriever,snli_10templates,1.97831652952112,3.100420023400119,1.1221034938789989
LoRARetriever,snli_10templates,1.5097648906637084,3.611845805578773,2.102080914915065
LoRARetriever,snli_10templates,1.4638610788641426,3.0679873192105145,1.6041262403463716
LoRARetriever,snli_10templates,1.4793096858534915,3.1112648522050605,1.631955166351569
LoRARetriever,snli_10templates,1.5842470299172493,3.63477193317399,2.0505249032567403
LoRARetriever,snli_10templates,1.6211977233328383,3.3317855167503083,1.71058779341747
LoRARetriever,snli_10templates,0.9961481919665914,3.505689860367117,2.509541668400525
LoRARetriever,snli_10templates,1.3768541304058939,3.3815792650787224,2.0047251346728285
LoRARetriever,squad_v1_10templates,-2.1429295810702382,-2.2502275297408483,-0.10729794867060989
LoRARetriever,squad_v1_10templates,-2.121024132146419,-2.0749674649050944,0.0460566672413244
LoRARetriever,squad_v1_10templates,-1.588983194226692,-1.8498587096568164,-0.2608755154301243
LoRARetriever,squad_v1_10templates,-1.1274335283296257,-1.5151504187209144,-0.3877168903912885
LoRARetriever,squad_v1_10templates,-0.4791047468372536,-1.1567856302451751,-0.6776808834079214
LoRARetriever,squad_v1_10templates,0.3375601390965806,-0.10925951441250628,-0.446819653509087
LoRARetriever,squad_v1_10templates,0.663284684356933,0.21608407778128255,-0.4472006065756504
LoRARetriever,squad_v1_10templates,1.0439782222883205,1.031409377979606,-0.012568844308714413
LoRARetriever,squad_v1_10templates,1.2458581131473496,1.3648150415550986,0.11895692840774916
LoRARetriever,squad_v1_10templates,1.6471118512072473,1.8128853281134951,0.16577347690624786
LoRARetriever,squad_v1_10templates,1.5533431825829196,1.900274893146607,0.3469317105636873
LoRARetriever,squad_v1_10templates,1.8277559804138266,2.2128557326886478,0.38509975227482107
LoRARetriever,squad_v1_10templates,1.785123340812959,2.2425952830129625,0.4574719422000036
LoRARetriever,squad_v1_10templates,1.8436502859156167,2.5567610638241134,0.7131107779084969
LoRARetriever,squad_v1_10templates,1.8908153108169998,3.0794891339893056,1.1886738231723057
LoRARetriever,squad_v1_10templates,1.7848995779158188,2.8868428860540263,1.1019433081382073
LoRARetriever,squad_v1_10templates,1.7265173834981713,2.7978889076603166,1.071371524162145
LoRARetriever,squad_v1_10templates,1.932765809881764,2.84213729352426,0.9093714836424961
LoRARetriever,squad_v1_10templates,1.8846978748752825,2.9211468283572795,1.0364489534819965
LoRARetriever,squad_v1_10templates,1.938356185792307,3.09089736754217,1.1525411817498628
LoRARetriever,squad_v1_10templates,1.7890909732411777,3.189574029984058,1.4004830567428803
LoRARetriever,squad_v1_10templates,2.2003157414188914,3.2115682310020945,1.0112524895832031
LoRARetriever,squad_v1_10templates,2.153020819377143,3.083284092155285,0.9302632727781416
LoRARetriever,squad_v1_10templates,1.6564497588621094,3.220280078360288,1.5638303194981784
LoRARetriever,squad_v1_10templates,1.766807494730842,3.5002634347247876,1.7334559399939455
LoRARetriever,squad_v1_10templates,1.8936731770801711,3.362014939617775,1.468341762537604
LoRARetriever,squad_v1_10templates,1.9474264753140944,3.411870841351449,1.4644443660373543
LoRARetriever,squad_v1_10templates,1.8646924044373723,3.467050273177463,1.6023578687400906
LoRARetriever,squad_v1_10templates,1.7757031176394997,3.4060367313878355,1.6303336137483357
LoRARetriever,squad_v1_10templates,1.9984897370517558,3.515333208246845,1.5168434711950896
LoRARetriever,squad_v1_10templates,2.266987121290195,3.318299855431398,1.051312734141203
LoRARetriever,squad_v1_10templates,2.1496604945690607,3.4252883158178586,1.2756278212487977
LoRARetriever,squad_v1_10templates,2.10827858619922,3.7869579472791606,1.6786793610799402
LoRARetriever,squad_v1_10templates,2.1440712167054454,3.479033185901977,1.334961969196532
LoRARetriever,squad_v1_10templates,2.217228538623921,3.711543716392266,1.494315177768345
LoRARetriever,squad_v1_10templates,2.307105742769822,3.674609637141014,1.367503894371192
LoRARetriever,squad_v1_10templates,2.105639208281428,3.5566828409890734,1.4510436327076457
LoRARetriever,squad_v1_10templates,2.4534683088181786,3.5475368559019205,1.0940685470837421
LoRARetriever,squad_v1_10templates,2.1520056057636814,3.692633113186058,1.5406275074223765
LoRARetriever,squad_v1_10templates,2.1927223600843573,3.5721397906900334,1.3794174306056761
LoRARetriever,squad_v2_10templates,-2.0370372068137304,-1.9826933757009908,0.054343831112739556
LoRARetriever,squad_v2_10templates,-2.037984561419646,-1.9260392985359245,0.11194526288372167
LoRARetriever,squad_v2_10templates,-1.9006295636437716,-1.8753466637091007,0.025282899934670935
LoRARetriever,squad_v2_10templates,-1.6050414960880388,-1.7803051607888263,-0.17526366470078744
LoRARetriever,squad_v2_10templates,-1.3344226901260396,-1.5309103963644926,-0.19648770623845294
LoRARetriever,squad_v2_10templates,-0.7101573454086845,-1.1925499462845204,-0.4823926008758359
LoRARetriever,squad_v2_10templates,-0.3259179489274096,-0.7677779233130105,-0.44185997438560104
LoRARetriever,squad_v2_10templates,-0.10908740436969862,-0.28632967449353364,-0.177242270123835
LoRARetriever,squad_v2_10templates,0.2206752369172917,0.1520016484442342,-0.06867358847305746
LoRARetriever,squad_v2_10templates,0.6447006960977015,0.43446652261966384,-0.21023417347803786
LoRARetriever,squad_v2_10templates,0.7216890658920391,0.8043577532973563,0.08266868740531709
LoRARetriever,squad_v2_10templates,0.745777424293441,1.1056367846462436,0.3598593603528026
LoRARetriever,squad_v2_10templates,0.7763807038098228,1.261134983038016,0.48475427922819325
LoRARetriever,squad_v2_10templates,0.6851964462590333,1.4729337175474189,0.7877372712883854
LoRARetriever,squad_v2_10templates,0.6464732070833404,1.969942304495953,1.3234690974126124
LoRARetriever,squad_v2_10templates,0.5609821833791951,2.266858646404455,1.7058764630252599
LoRARetriever,squad_v2_10templates,0.5454897724066737,2.5517109564195706,2.006221184012897
LoRARetriever,squad_v2_10templates,0.5752356423014752,2.621657556710181,2.0464219144087057
LoRARetriever,squad_v2_10templates,0.48396972078825357,2.7314704707926927,2.247500750004439
LoRARetriever,squad_v2_10templates,0.46829422609804444,2.85803974203182,2.3897455159337757
LoRARetriever,squad_v2_10templates,0.6563195191705332,3.057039245096711,2.4007197259261774
LoRARetriever,squad_v2_10templates,0.700357378768195,3.1212438320610385,2.4208864532928436
LoRARetriever,squad_v2_10templates,0.7379282597021746,3.1261417243395364,2.388213464637362
LoRARetriever,squad_v2_10templates,0.652221600731964,3.513151696030409,2.8609300952984453
LoRARetriever,squad_v2_10templates,0.816269841132335,3.0675396482527453,2.2512698071204102
LoRARetriever,squad_v2_10templates,0.7537551336747126,3.234394246165372,2.4806391124906595
LoRARetriever,squad_v2_10templates,0.8663412623441361,3.1599568268335405,2.2936155644894045
LoRARetriever,squad_v2_10templates,0.7517923214767703,3.381177947229837,2.6293856257530663
LoRARetriever,squad_v2_10templates,0.9487365514038857,3.367949183160103,2.4192126317562175
LoRARetriever,squad_v2_10templates,1.0505660318629721,3.43892345445614,2.3883574225931676
LoRARetriever,squad_v2_10templates,1.136780802973477,3.3328794128004047,2.1960986098269273
LoRARetriever,squad_v2_10templates,1.000036675814426,3.265336231470735,2.2652995556563087
LoRARetriever,squad_v2_10templates,1.1461720682936718,3.5036599519858114,2.3574878836921394
LoRARetriever,squad_v2_10templates,1.1883292423731817,3.426872357004299,2.2385431146311174
LoRARetriever,squad_v2_10templates,1.2624728769420257,3.444248046100632,2.1817751691586067
LoRARetriever,squad_v2_10templates,1.2501567102196611,3.619732897398899,2.369576187179238
LoRARetriever,squad_v2_10templates,1.2321778562338668,3.468918552006248,2.2367406957723817
LoRARetriever,squad_v2_10templates,1.2270411190543171,3.664188089783558,2.437146970729241
LoRARetriever,squad_v2_10templates,1.372280598425933,3.7030880315184245,2.3308074330924913
LoRARetriever,squad_v2_10templates,1.319696859646917,3.645412390955322,2.325715531308405
LoRARetriever,sst2_10templates,-1.62074318709416,-0.6835462012602174,0.9371969858339426
LoRARetriever,sst2_10templates,-1.8539377958959675,-0.7715784022238897,1.082359393672078
LoRARetriever,sst2_10templates,-1.8401682151773424,-1.0029482744580298,0.8372199407193126
LoRARetriever,sst2_10templates,-1.6381183268806028,-1.1687093384121687,0.469408988468434
LoRARetriever,sst2_10templates,-1.106307161959037,-1.5875858877541549,-0.48127872579511793
LoRARetriever,sst2_10templates,-1.0082159003212388,-1.6176946418230207,-0.6094787415017819
LoRARetriever,sst2_10templates,-1.0871330234071872,-0.8257302884603113,0.26140273494687605
LoRARetriever,sst2_10templates,-0.5438344181622436,-0.5467655039697895,-0.002931085807545762
LoRARetriever,sst2_10templates,-0.0678265088349829,-0.17798329892983364,-0.11015679009485084
LoRARetriever,sst2_10templates,-0.11365588018069302,-0.02441790918713902,0.08923797099355406
LoRARetriever,sst2_10templates,-0.048877458672692484,0.24012621519726687,0.28900367386995934
LoRARetriever,sst2_10templates,-0.20853331430485791,0.990117673247212,1.1986509875520701
LoRARetriever,sst2_10templates,0.08637381115628788,1.5781441322631866,1.4917703211068984
LoRARetriever,sst2_10templates,0.23980175074197624,1.727507926243367,1.487706175501391
LoRARetriever,sst2_10templates,0.4351720931752265,2.345808476958604,1.910636383783378
LoRARetriever,sst2_10templates,0.17562814086823794,2.3478054437897864,2.1721773029215483
LoRARetriever,sst2_10templates,0.28043511059344883,2.3219895118019984,2.0415544012085496
LoRARetriever,sst2_10templates,0.46026101225195076,2.162480975933821,1.7022199636818702
LoRARetriever,sst2_10templates,0.31880342299950865,2.1013088647014033,1.7825054417018948
LoRARetriever,sst2_10templates,0.22415055260617406,3.337859928363026,3.113709375756852
LoRARetriever,sst2_10templates,0.4353382373101355,2.464766206426279,2.029427969116144
LoRARetriever,sst2_10templates,0.2625805896920537,2.8842400616298725,2.621659471937819
LoRARetriever,sst2_10templates,0.266834249980746,3.2996071484735525,3.0327728984928064
LoRARetriever,sst2_10templates,0.3746685225688096,2.976838168845326,2.6021696462765167
LoRARetriever,sst2_10templates,0.3582224739550784,3.3536547943849087,2.9954323204298303
LoRARetriever,sst2_10templates,0.24965401889374064,2.6001318433967238,2.350477824502983
LoRARetriever,sst2_10templates,0.6559240750212049,2.8911873261057655,2.235263251084561
LoRARetriever,sst2_10templates,0.3269905727230399,2.7186437962819676,2.3916532235589276
LoRARetriever,sst2_10templates,0.6770027760842618,3.5992428866902246,2.9222401106059626
LoRARetriever,sst2_10templates,0.7389526641181815,3.0571317562390248,2.318179092120843
LoRARetriever,sst2_10templates,1.0854959116981089,2.7351246235451843,1.6496287118470754
LoRARetriever,sst2_10templates,0.7175174420742063,3.1710663950461235,2.4535489529719174
LoRARetriever,sst2_10templates,0.6378552148825632,2.7013756004437512,2.063520385561188
LoRARetriever,sst2_10templates,0.4295868356528528,2.827939556812438,2.3983527211595854
LoRARetriever,sst2_10templates,0.49716939291849166,3.08892450943178,2.5917551165132884
LoRARetriever,sst2_10templates,0.41916592850874196,2.9329983980595724,2.5138324695508305
LoRARetriever,sst2_10templates,0.5889739017509739,3.242275161138616,2.653301259387642
LoRARetriever,sst2_10templates,0.6798203387361279,2.7732036632689745,2.0933833245328466
LoRARetriever,sst2_10templates,0.6355386477331536,2.782239525510553,2.1467008777773997
LoRARetriever,sst2_10templates,0.6191352681736914,2.675709334858699,2.0565740666850076
LoRARetriever,story_cloze_10templates,-0.5786916545590057,-0.8508496886593008,-0.27215803410029515
LoRARetriever,story_cloze_10templates,-0.022508288180333666,-0.34483069440527286,-0.32232240622493935
LoRARetriever,story_cloze_10templates,0.4154838236835116,0.03090903984575274,-0.38457478383775895
LoRARetriever,story_cloze_10templates,0.682284967397591,0.4772186214363484,-0.2050663459612428
LoRARetriever,story_cloze_10templates,0.7747142825922435,0.6618506083054007,-0.11286367428684282
LoRARetriever,story_cloze_10templates,1.0570084134127682,1.166316162768145,0.10930774935537704
LoRARetriever,story_cloze_10templates,1.020324095743578,1.702618319430298,0.6822942236867199
LoRARetriever,story_cloze_10templates,1.0535481048591426,1.9418327454506616,0.8882846405915192
LoRARetriever,story_cloze_10templates,1.0437827636574988,2.5517928586005327,1.5080100949430342
LoRARetriever,story_cloze_10templates,1.0901899521626228,2.8198508604633075,1.7296609083006846
LoRARetriever,story_cloze_10templates,1.1254029812478887,3.014681584445623,1.8892786031977344
LoRARetriever,story_cloze_10templates,1.0764662277908246,3.2096870652281324,2.133220837437308
LoRARetriever,story_cloze_10templates,1.118839414628198,3.335083052946036,2.216243638317838
LoRARetriever,story_cloze_10templates,1.009386228236349,3.4694331867128665,2.460046958476518
LoRARetriever,story_cloze_10templates,1.0241206070891382,3.392420364607775,2.3682997575186366
LoRARetriever,story_cloze_10templates,1.0279149504028486,3.4406267388238736,2.412711788421025
LoRARetriever,story_cloze_10templates,1.0500576193568136,3.4560606223482333,2.4060030029914192
LoRARetriever,story_cloze_10templates,1.0685229015874247,3.5836064381114894,2.515083536524065
LoRARetriever,story_cloze_10templates,1.0843620974751493,3.4825069956191186,2.3981448981439693
LoRARetriever,story_cloze_10templates,1.1607288228246848,3.63369724015077,2.4729684173260855
LoRARetriever,story_cloze_10templates,1.1983087099728489,3.5998252127100985,2.4015165027372496
LoRARetriever,story_cloze_10templates,1.1151196341570893,3.556871958173571,2.4417523240164813
LoRARetriever,story_cloze_10templates,1.3878453576772396,3.5654409488574457,2.177595591180206
LoRARetriever,story_cloze_10templates,1.3625744493399163,3.71802966472473,2.355455215384813
LoRARetriever,story_cloze_10templates,1.2684193528223733,3.588625971170225,2.320206618347852
LoRARetriever,story_cloze_10templates,1.2831294881715076,3.520655184317537,2.2375256961460295
LoRARetriever,story_cloze_10templates,1.2687268311747546,3.545559109930863,2.276832278756108
LoRARetriever,story_cloze_10templates,1.3511797634054703,3.645135962258182,2.2939561988527113
LoRARetriever,story_cloze_10templates,1.5727466721134893,3.576968134606642,2.004221462493153
LoRARetriever,story_cloze_10templates,1.1214041105677313,3.6143927417479835,2.492988631180252
LoRARetriever,story_cloze_10templates,1.1651495061606418,3.7525349987078336,2.5873854925471917
LoRARetriever,story_cloze_10templates,1.2992231722663816,3.7566610504324123,2.4574378781660307
LoRARetriever,story_cloze_10templates,1.3102883104664542,3.7687882392577445,2.45849992879129
LoRARetriever,story_cloze_10templates,1.3880611853627598,3.660536047135184,2.2724748617724244
LoRARetriever,story_cloze_10templates,1.2518475651567917,3.759243141597539,2.5073955764407474
LoRARetriever,story_cloze_10templates,1.3772612844716563,3.725024891570273,2.3477636070986168
LoRARetriever,story_cloze_10templates,1.3017339957462832,3.607306754673586,2.305572758927303
LoRARetriever,story_cloze_10templates,1.3082913270984762,3.7165293178715424,2.4082379907730664
LoRARetriever,story_cloze_10templates,1.5668348181050986,3.6320944696229405,2.0652596515178416
LoRARetriever,story_cloze_10templates,1.453639898245885,3.7627291622261447,2.30908926398026
LoRARetriever,story_cloze_10templates,1.5807589106089597,3.668983292832142,2.0882243822231823
LoRARetriever,story_cloze_10templates,1.6967008467639944,3.645817267851213,1.9491164210872183
LoRARetriever,story_cloze_10templates,1.3838216215026853,3.564971476550721,2.181149855048036
LoRARetriever,story_cloze_10templates,1.4181662753808275,3.4590347567597477,2.04086848137892
LoRARetriever,story_cloze_10templates,1.3764356513690579,3.57332838783162,2.1968927364625626
LoRARetriever,story_cloze_10templates,1.4972767755833216,3.405539968382061,1.9082631927987392
LoRARetriever,story_cloze_10templates,1.4366969345156695,3.4584485245824625,2.0217515900667933
LoRARetriever,story_cloze_10templates,1.4557289342238315,3.37817568181393,1.9224467475900984
LoRARetriever,story_cloze_10templates,1.4583167385958857,3.3870765334909763,1.9287597948950903
LoRARetriever,story_cloze_10templates,1.624125587555009,3.4540952937258322,1.8299697061708238
LoRARetriever,story_cloze_10templates,1.362578385543445,3.3652204821539042,2.002642096610459
LoRARetriever,story_cloze_10templates,1.4811232768041767,3.284219144108483,1.8030958673043063
LoRARetriever,story_cloze_10templates,1.3514896473805382,3.2428998141864813,1.891410166805943
LoRARetriever,story_cloze_10templates,1.1488391648127623,3.2840870038669596,2.1352478390541973
LoRARetriever,story_cloze_10templates,1.115981812366748,3.1724520707039643,2.056470258337216
LoRARetriever,story_cloze_10templates,1.0829026473514634,3.1364042942607293,2.053501646909266
LoRARetriever,story_cloze_10templates,0.9304730973674196,2.9559162520532567,2.025443154685837
LoRARetriever,story_cloze_10templates,0.8206824583636029,2.905987869923678,2.0853054115600753
LoRARetriever,story_cloze_10templates,0.7623224870069171,2.6606960349735393,1.8983735479666224
LoRARetriever,story_cloze_10templates,0.39607921041272726,2.5868677785020884,2.190788568089361
LoRARetriever,story_cloze_10templates,0.06609286872926144,1.9135393981058098,1.8474465293765483
LoRARetriever,story_cloze_10templates,-0.41584567183800764,1.5612253888791616,1.9770710607171693
LoRARetriever,story_cloze_10templates,-1.053766377134136,0.8744192202998303,1.9281855974339661
LoRARetriever,stsb_10templates,-2.404630672224164,-2.4847396062177145,-0.08010893399355061
LoRARetriever,stsb_10templates,-2.4421395453223615,-2.431282349111862,0.010857196210499433
LoRARetriever,stsb_10templates,-2.089173970998771,-2.416066807588693,-0.32689283658992196
LoRARetriever,stsb_10templates,-1.5972053273968847,-2.122180957878313,-0.5249756304814284
LoRARetriever,stsb_10templates,-0.6521622698582816,-1.3684439110987396,-0.716281641240458
LoRARetriever,stsb_10templates,-0.26795279014179557,-0.2388492825613216,0.029103507580473843
LoRARetriever,stsb_10templates,0.1036132142334375,0.49855342534311897,0.3949402111096816
LoRARetriever,stsb_10templates,0.3291760926625155,0.7406051731369111,0.41142908047439575
LoRARetriever,stsb_10templates,0.4266596234119685,1.0425839362391722,0.6159243128272041
LoRARetriever,stsb_10templates,0.5283933814759811,1.261086418591014,0.7326930371150328
LoRARetriever,stsb_10templates,0.5264723428419921,1.7016206309770354,1.175148288135043
LoRARetriever,stsb_10templates,0.7381236041853325,1.8790025212719754,1.140878917086643
LoRARetriever,stsb_10templates,0.8979808143899194,2.4466396169864604,1.548658802596541
LoRARetriever,stsb_10templates,0.9379645178847066,2.6472727089147843,1.7093081910300778
LoRARetriever,stsb_10templates,1.1047475700768488,2.664067429576963,1.5593198595001145
LoRARetriever,stsb_10templates,1.0117150866892595,2.7922250480028326,1.780509961313573
LoRARetriever,stsb_10templates,1.1446750300194708,3.047712627334764,1.903037597315293
LoRARetriever,stsb_10templates,1.182602581434135,3.307766942951393,2.125164361517258
LoRARetriever,stsb_10templates,1.155705139861848,3.2530034771331064,2.097298337271259
LoRARetriever,stsb_10templates,1.1682480404496665,3.3262082744972767,2.1579602340476107
LoRARetriever,stsb_10templates,1.0047341120473992,3.2729115874577843,2.268177475410385
LoRARetriever,stsb_10templates,1.1592800930660885,3.2568374337775245,2.097557340711436
LoRARetriever,stsb_10templates,1.2477996895145136,3.417244597105015,2.1694449075905013
LoRARetriever,stsb_10templates,1.3141043455909411,3.23067010408421,1.916565758493269
LoRARetriever,stsb_10templates,1.2464274462487943,3.4850812091073116,2.238653762858517
LoRARetriever,stsb_10templates,1.472136423226295,3.716554941042311,2.244418517816016
LoRARetriever,stsb_10templates,1.8682938932901285,3.381800014207026,1.5135061209168978
LoRARetriever,stsb_10templates,1.2417547217421034,3.43164411463709,2.1898893928949867
LoRARetriever,stsb_10templates,1.4742714443488496,3.7320804014820728,2.257808957133223
LoRARetriever,stsb_10templates,1.5655129389041114,3.602638192544542,2.0371252536404305
LoRARetriever,stsb_10templates,1.5953567538577358,3.4000170157558096,1.8046602618980738
LoRARetriever,stsb_10templates,1.8044271624081822,3.6503847888335588,1.8459576264253768
LoRARetriever,stsb_10templates,2.2828010827562895,3.6196328281789305,1.3368317454226413
LoRARetriever,stsb_10templates,2.168041995228505,3.665343909523218,1.497301914294713
LoRARetriever,stsb_10templates,2.2520089473542857,3.573701827860639,1.321692880506353
LoRARetriever,stsb_10templates,1.7651548267464612,3.8216267600473297,2.0564719333008683
LoRARetriever,stsb_10templates,2.12488694597194,3.727866747702352,1.6029798017304122
LoRARetriever,stsb_10templates,2.1539837235716472,3.668366377008123,1.5143826534364762
LoRARetriever,stsb_10templates,2.038093913069172,3.952125915604619,1.9140320025354467
LoRARetriever,stsb_10templates,2.0443970885866904,3.7705644005005094,1.7261673119138188
LoRARetriever,trivia_qa_10templates,-1.5513602381778633,-1.2055406745485915,0.34581956362927185
LoRARetriever,trivia_qa_10templates,-1.668674160959483,-1.1463219977042602,0.522352163255223
LoRARetriever,trivia_qa_10templates,-1.4895878141890335,-1.068086311356738,0.4215015028322953
LoRARetriever,trivia_qa_10templates,-1.0760726990029836,-0.9175927698630095,0.15847992913997405
LoRARetriever,trivia_qa_10templates,-0.5287233257938699,-0.7071483887112237,-0.17842506291735374
LoRARetriever,trivia_qa_10templates,0.23210083502698273,-0.4090647805220013,-0.641165615548984
LoRARetriever,trivia_qa_10templates,0.8022342036640868,0.03718730730515341,-0.7650468963589333
LoRARetriever,trivia_qa_10templates,0.9639555451046314,0.9462559316295514,-0.017699613475079937
LoRARetriever,trivia_qa_10templates,1.2215099822974953,1.4499389567524623,0.22842897445496707
LoRARetriever,trivia_qa_10templates,1.5329753461668107,1.8664742041769256,0.333498858010115
LoRARetriever,trivia_qa_10templates,1.776786576988125,2.2776836982727517,0.5008971212846269
LoRARetriever,trivia_qa_10templates,1.7320598845333768,2.2964218939942764,0.5643620094608995
LoRARetriever,trivia_qa_10templates,1.8429338786358314,2.5409299360704023,0.6979960574345712
LoRARetriever,trivia_qa_10templates,1.827404912386695,3.051833253376356,1.2244283409896615
LoRARetriever,trivia_qa_10templates,1.793005008913349,3.4434701331402477,1.6504651242268988
LoRARetriever,trivia_qa_10templates,1.8730264809058519,3.4207186511685475,1.5476921702626953
LoRARetriever,trivia_qa_10templates,1.7248686308994698,2.9236499139998546,1.1987812831003848
LoRARetriever,trivia_qa_10templates,1.8128103406573899,3.3936338912653246,1.5808235506079344
LoRARetriever,trivia_qa_10templates,1.757985131584507,3.1538021142840433,1.3958169826995364
LoRARetriever,trivia_qa_10templates,1.610378807636379,3.583723107181331,1.9733442995449517
LoRARetriever,trivia_qa_10templates,1.6405165902150476,3.6662146109850067,2.025698020769959
LoRARetriever,trivia_qa_10templates,1.688002256853701,3.6336281901785767,1.9456259333248753
LoRARetriever,trivia_qa_10templates,1.6259576083516851,3.6212502850830686,1.9952926767313832
LoRARetriever,trivia_qa_10templates,1.8699894108716941,3.488529397944121,1.6185399870724269
LoRARetriever,trivia_qa_10templates,1.9232834839702386,3.7080268829313456,1.784743398961107
LoRARetriever,trivia_qa_10templates,1.662874973418615,3.621398211847905,1.9585232384292899
LoRARetriever,trivia_qa_10templates,1.6317470692008818,3.6060774403383222,1.9743303711374405
LoRARetriever,trivia_qa_10templates,1.5605301811465753,3.3805403092986235,1.8200101281520487
LoRARetriever,trivia_qa_10templates,1.6544340725507816,3.2621225275837777,1.6076884550329962
LoRARetriever,trivia_qa_10templates,1.7018062302521348,3.3362369468484205,1.634430716596286
LoRARetriever,trivia_qa_10templates,1.6218427247696836,3.579823348703789,1.9579806239341058
LoRARetriever,trivia_qa_10templates,1.614853895707757,3.3537085259081953,1.7388546302004386
LoRARetriever,trivia_qa_10templates,1.9578376789250655,3.5774611186551284,1.6196234397300628
LoRARetriever,trivia_qa_10templates,1.714571504797179,3.4612458882040915,1.7466743834069127
LoRARetriever,trivia_qa_10templates,1.8385990901186227,3.5586374295318124,1.7200383394131897
LoRARetriever,trivia_qa_10templates,1.721662478050803,3.560464494710537,1.838802016659734
LoRARetriever,trivia_qa_10templates,1.6610824860394897,3.2394727340276104,1.5783902479881207
LoRARetriever,trivia_qa_10templates,1.75347183758883,3.4740387653808713,1.7205669277920412
LoRARetriever,trivia_qa_10templates,1.852060021611227,3.2419943217396696,1.3899343001284425
LoRARetriever,trivia_qa_10templates,1.8671033084768618,3.1182309320436556,1.251127623566794
LoRARetriever,web_nlg_en_10templates,-1.6056875312405328,-1.6619491211567257,-0.05626158991619294
LoRARetriever,web_nlg_en_10templates,-1.4386587352585134,-1.580781475666546,-0.14212274040803236
LoRARetriever,web_nlg_en_10templates,-1.268871824996198,-1.5629312728967615,-0.2940594479005635
LoRARetriever,web_nlg_en_10templates,-0.9891501834658627,-1.4979016743293583,-0.5087514908634955
LoRARetriever,web_nlg_en_10templates,-0.3555468837629324,-1.3853130354922878,-1.0297661517293555
LoRARetriever,web_nlg_en_10templates,0.08019291516844805,-0.7937834368896347,-0.8739763520580827
LoRARetriever,web_nlg_en_10templates,0.596374020076607,0.25781492058998157,-0.3385590994866253
LoRARetriever,web_nlg_en_10templates,0.8987275402362872,0.7855460327760727,-0.1131815074602147
LoRARetriever,web_nlg_en_10templates,1.2176945580602285,1.1698414827356056,-0.04785307532462295
LoRARetriever,web_nlg_en_10templates,1.5235412840705422,1.3912897729008904,-0.13225151116965206
LoRARetriever,web_nlg_en_10templates,1.547300300103224,1.6173547718616,0.07005447175837601
LoRARetriever,web_nlg_en_10templates,1.7624356127417176,1.8685223309067096,0.106086718164992
LoRARetriever,web_nlg_en_10templates,1.8119821135119893,2.2016796173491797,0.3896975038371903
LoRARetriever,web_nlg_en_10templates,1.8060122162866237,2.507767183831094,0.7017549675444706
LoRARetriever,web_nlg_en_10templates,1.8080334569440137,2.616441006847818,0.8084075499038041
LoRARetriever,web_nlg_en_10templates,1.8080924990840417,2.738632927938195,0.9305404288541532
LoRARetriever,web_nlg_en_10templates,1.8750289908237592,3.0093178937832668,1.1342889029595074
LoRARetriever,web_nlg_en_10templates,1.8129850552812263,3.2435134124454756,1.4305283571642495
LoRARetriever,web_nlg_en_10templates,1.8502903743659418,3.237816660665143,1.387526286299201
LoRARetriever,web_nlg_en_10templates,1.8379749481147007,3.2708123261502893,1.4328373780355885
LoRARetriever,web_nlg_en_10templates,1.8194473368469504,3.2583704921994685,1.438923155352518
LoRARetriever,web_nlg_en_10templates,1.822230178380648,3.3991298929894342,1.5768997146087864
LoRARetriever,web_nlg_en_10templates,1.7419308981555643,3.252517942294146,1.5105870441385816
LoRARetriever,web_nlg_en_10templates,1.9623913236618653,3.4338043968172918,1.4714130731554262
LoRARetriever,web_nlg_en_10templates,1.9283045079013084,3.4930603557523647,1.5647558478510561
LoRARetriever,web_nlg_en_10templates,1.9235757374067044,3.6361029793903166,1.712527241983612
LoRARetriever,web_nlg_en_10templates,2.0078950615834463,3.5329330387781517,1.5250379771947058
LoRARetriever,web_nlg_en_10templates,1.9383760569770505,3.486321854949784,1.5479457979727334
LoRARetriever,web_nlg_en_10templates,1.94033580645243,3.4485911874140234,1.5082553809615937
LoRARetriever,web_nlg_en_10templates,1.9301307762803481,3.5099900580092664,1.5798592817289185
LoRARetriever,web_nlg_en_10templates,1.952786641756944,3.5070923056823875,1.5543056639254436
LoRARetriever,web_nlg_en_10templates,2.156158280147143,3.5424519681622666,1.3862936880151238
LoRARetriever,web_nlg_en_10templates,2.079396338347256,3.5446453067904202,1.4652489684431638
LoRARetriever,web_nlg_en_10templates,2.0244366621683003,3.598820309390898,1.5743836472225976
LoRARetriever,web_nlg_en_10templates,1.975347634325466,3.7157648575931264,1.7404172232676605
LoRARetriever,web_nlg_en_10templates,1.9100462131766942,3.592518087900767,1.6824718747240728
LoRARetriever,web_nlg_en_10templates,2.0238895400420285,3.6362955481364496,1.6124060080944211
LoRARetriever,web_nlg_en_10templates,2.074530417346935,3.741161268513006,1.6666308511660706
LoRARetriever,web_nlg_en_10templates,2.0874813341703002,3.601521827459722,1.5140404932894218
LoRARetriever,web_nlg_en_10templates,2.0566485087220188,3.6190005471203768,1.562352038398358
LoRARetriever,wmt14_enfr_10templates,-1.8074460468570632,-1.530968979004941,0.27647706785212234
LoRARetriever,wmt14_enfr_10templates,-1.6825966387266116,-1.374938316090225,0.3076583226363864
LoRARetriever,wmt14_enfr_10templates,-1.2299259266843288,-1.2879334025671059,-0.058007475882777146
LoRARetriever,wmt14_enfr_10templates,-0.815191698981885,-0.9991264526597504,-0.18393475367786535
LoRARetriever,wmt14_enfr_10templates,0.12411061172078912,-0.49972617682344905,-0.6238367885442382
LoRARetriever,wmt14_enfr_10templates,0.7967814564298964,0.21034642862422456,-0.586435027805672
LoRARetriever,wmt14_enfr_10templates,1.0373041596152432,1.032759912849938,-0.004544246765305059
LoRARetriever,wmt14_enfr_10templates,1.500911475810783,1.0153449433449495,-0.48556653246583364
LoRARetriever,wmt14_enfr_10templates,1.597855031403921,1.2814651860903123,-0.3163898453136086
LoRARetriever,wmt14_enfr_10templates,1.7481319663295503,1.8387336102569887,0.09060164392743837
LoRARetriever,wmt14_enfr_10templates,1.7606675685827646,2.0448304200664555,0.2841628514836908
LoRARetriever,wmt14_enfr_10templates,1.9394892526784826,2.33707701966594,0.3975877669874571
LoRARetriever,wmt14_enfr_10templates,1.9463854430120446,2.5589775861029618,0.6125921430909169
LoRARetriever,wmt14_enfr_10templates,1.8559157996522766,2.7739615885294517,0.9180457888771749
LoRARetriever,wmt14_enfr_10templates,1.9827413854642066,3.1112498243421176,1.1285084388779107
LoRARetriever,wmt14_enfr_10templates,1.98782252685458,3.2536940475569773,1.2658715207023976
LoRARetriever,wmt14_enfr_10templates,2.064328059796142,3.351934937994714,1.287606878198572
LoRARetriever,wmt14_enfr_10templates,2.0353184860942894,3.3773659163288503,1.3420474302345609
LoRARetriever,wmt14_enfr_10templates,1.9358421272048032,3.5214966453907905,1.5856545181859873
LoRARetriever,wmt14_enfr_10templates,1.9458617612327391,3.5786197731472016,1.6327580119144627
LoRARetriever,wmt14_enfr_10templates,1.9223595592590976,3.60251113888482,1.6801515796257223
LoRARetriever,wmt14_enfr_10templates,1.977123231664328,3.619039463591523,1.641916231927195
LoRARetriever,wmt14_enfr_10templates,2.0661535606954073,3.4770142749437736,1.410860714248366
LoRARetriever,wmt14_enfr_10templates,2.087341892532689,3.608675098123371,1.521333205590682
LoRARetriever,wmt14_enfr_10templates,1.971021361775821,3.7015354809675745,1.7305141191917532
LoRARetriever,wmt14_enfr_10templates,1.9604851889638646,3.678994628913172,1.7185094399493075
LoRARetriever,wmt14_enfr_10templates,1.9269289572758712,3.684362941269865,1.7574339839939934
LoRARetriever,wmt14_enfr_10templates,2.0260813679937484,3.6621029648937924,1.6360215969000442
LoRARetriever,wmt14_enfr_10templates,2.037339744492028,3.7318608246317244,1.6945210801396964
LoRARetriever,wmt14_enfr_10templates,1.8196639149869276,3.597051348970916,1.7773874339839886
LoRARetriever,wmt14_enfr_10templates,1.8726984312047419,3.5249961913061565,1.6522977601014148
LoRARetriever,wmt14_enfr_10templates,1.9006828233564497,3.544607336741928,1.6439245133854785
LoRARetriever,wmt14_enfr_10templates,1.902548696501954,3.559289275745119,1.6567405792431649
LoRARetriever,wmt14_enfr_10templates,1.974438422788064,3.6246556880446645,1.6502172652566007
LoRARetriever,wmt14_enfr_10templates,1.777198127960698,3.7686769728727016,1.9914788449120038
LoRARetriever,wmt14_enfr_10templates,1.8186728862466957,3.631320916345907,1.8126480300992112
LoRARetriever,wmt14_enfr_10templates,1.8946729858197668,3.6890100958882925,1.7943371100685255
LoRARetriever,wmt14_enfr_10templates,1.8916849625163794,3.6506328788394327,1.7589479163230535
LoRARetriever,wmt14_enfr_10templates,1.9773200283336363,3.6769746142794384,1.699654585945802
LoRARetriever,wmt14_enfr_10templates,2.006876842750913,3.67943512966443,1.6725582869135167
LoRARetriever,wmt16_translate_csen_10templates,-1.5647329322725874,-1.4964022246200082,0.0683307076525794
LoRARetriever,wmt16_translate_csen_10templates,-1.4541431363349404,-1.3652441734210288,0.08889896291391138
LoRARetriever,wmt16_translate_csen_10templates,-1.2611208696058167,-1.2215270854246552,0.03959378418116155
LoRARetriever,wmt16_translate_csen_10templates,-0.6412969242219737,-0.9336536843851531,-0.2923567601631794
LoRARetriever,wmt16_translate_csen_10templates,0.07035777297886904,-0.4275093956706633,-0.4978671686495325
LoRARetriever,wmt16_translate_csen_10templates,0.8494762341435015,0.37697970618264626,-0.4724965279608552
LoRARetriever,wmt16_translate_csen_10templates,1.4997220055443548,0.9573397005998728,-0.5423823049444818
LoRARetriever,wmt16_translate_csen_10templates,1.856406844287308,1.5644733654381549,-0.29193347884915294
LoRARetriever,wmt16_translate_csen_10templates,1.882125351363541,1.7604227855963528,-0.12170256576718821
LoRARetriever,wmt16_translate_csen_10templates,1.882524000475475,2.004354834628934,0.1218308341534591
LoRARetriever,wmt16_translate_csen_10templates,2.06747318975704,2.1361438656899048,0.06867067593286473
LoRARetriever,wmt16_translate_csen_10templates,2.00320618857811,2.4327955051234746,0.42958931654536453
LoRARetriever,wmt16_translate_csen_10templates,2.062223304747754,2.4855439817888794,0.42332067704112525
LoRARetriever,wmt16_translate_csen_10templates,2.1473657483144506,2.8924834184102566,0.745117670095806
LoRARetriever,wmt16_translate_csen_10templates,2.2092852931752627,2.9624774907000098,0.7531921975247471
LoRARetriever,wmt16_translate_csen_10templates,2.2155387920484735,3.1425825359537827,0.9270437439053094
LoRARetriever,wmt16_translate_csen_10templates,2.0923833536238456,3.339238693290535,1.24685533966669
LoRARetriever,wmt16_translate_csen_10templates,2.109472501586102,3.4178041094005547,1.3083316078144531
LoRARetriever,wmt16_translate_csen_10templates,2.153732376936703,3.477927741262052,1.324195364325349
LoRARetriever,wmt16_translate_csen_10templates,2.060460074499052,3.4345795353361352,1.3741194608370828
LoRARetriever,wmt16_translate_csen_10templates,2.108107847517029,3.366797524431823,1.2586896769147937
LoRARetriever,wmt16_translate_csen_10templates,2.1102502340180442,3.320075137462165,1.2098249034441202
LoRARetriever,wmt16_translate_csen_10templates,2.0892226415240405,3.429255582856047,1.3400329413320067
LoRARetriever,wmt16_translate_csen_10templates,2.0454936175822755,3.5308201093952274,1.4853264918129518
LoRARetriever,wmt16_translate_csen_10templates,2.005921074017042,3.578204450648824,1.572283376631782
LoRARetriever,wmt16_translate_csen_10templates,2.0973511837924073,3.6271734820476067,1.529822298255199
LoRARetriever,wmt16_translate_csen_10templates,2.133180012943269,3.560619910635952,1.427439897692683
LoRARetriever,wmt16_translate_csen_10templates,2.2906561598721704,3.715979592269723,1.425323432397552
LoRARetriever,wmt16_translate_csen_10templates,2.178714869607453,3.5556438264764645,1.3769289568690117
LoRARetriever,wmt16_translate_csen_10templates,2.1809684856267926,3.5787634381486444,1.3977949525218516
LoRARetriever,wmt16_translate_csen_10templates,2.1718136836584536,3.522173824232288,1.3503601405738346
LoRARetriever,wmt16_translate_csen_10templates,2.159104218067383,3.591886666356029,1.4327824482886462
LoRARetriever,wmt16_translate_csen_10templates,2.07425729924582,3.487466983153138,1.413209683907318
LoRARetriever,wmt16_translate_csen_10templates,2.1546572744831565,3.6431537871814563,1.4884965126982996
LoRARetriever,wmt16_translate_csen_10templates,2.198454775565276,3.570545109997818,1.3720903344325421
LoRARetriever,wmt16_translate_csen_10templates,2.132465210019321,3.4969757514310786,1.3645105414117578
LoRARetriever,wmt16_translate_csen_10templates,2.2301473306773,3.5130841197555647,1.2829367890782644
LoRARetriever,wmt16_translate_csen_10templates,2.221336769469463,3.6003581023891713,1.3790213329197083
LoRARetriever,wmt16_translate_csen_10templates,1.9384747135445524,3.571381980455133,1.6329072669105806
LoRARetriever,wmt16_translate_csen_10templates,2.1544212590528065,3.579867003164977,1.4254457441121706
LoRARetriever,wmt16_translate_deen_10templates,-1.6385845235489918,-1.4698667129259377,0.1687178106230538
LoRARetriever,wmt16_translate_deen_10templates,-1.4762819522827044,-1.2681020913133507,0.20817986096935373
LoRARetriever,wmt16_translate_deen_10templates,-1.0658210691723848,-0.905849236003789,0.15997183316859595
LoRARetriever,wmt16_translate_deen_10templates,-0.2215081810769694,-0.3994563602702127,-0.17794817919324352
LoRARetriever,wmt16_translate_deen_10templates,0.6504511153949928,0.09604407087419667,-0.5544070445207963
LoRARetriever,wmt16_translate_deen_10templates,1.02473879864991,0.7513826144132875,-0.2733561842366225
LoRARetriever,wmt16_translate_deen_10templates,1.237281143328675,1.046279077352723,-0.19100206597595193
LoRARetriever,wmt16_translate_deen_10templates,1.6798757896607803,1.3506338289266706,-0.32924196073410966
LoRARetriever,wmt16_translate_deen_10templates,1.9484148680661497,1.4407057199262345,-0.5077091481399153
LoRARetriever,wmt16_translate_deen_10templates,1.863187533319101,1.82419262176828,-0.03899491155082074
LoRARetriever,wmt16_translate_deen_10templates,1.8609003079170479,1.9425475333262985,0.08164722540925083
LoRARetriever,wmt16_translate_deen_10templates,1.9199324031751044,2.2963413799903543,0.3764089768152502
LoRARetriever,wmt16_translate_deen_10templates,1.9279735369045807,2.6209951156198255,0.6930215787152446
LoRARetriever,wmt16_translate_deen_10templates,1.9834581806689493,2.894011405957576,0.9105532252886269
LoRARetriever,wmt16_translate_deen_10templates,2.042724656619997,3.0070737274137236,0.964349070793727
LoRARetriever,wmt16_translate_deen_10templates,1.8883514593532582,3.250457401727376,1.3621059423741182
LoRARetriever,wmt16_translate_deen_10templates,2.0194589685903637,3.5121615840711238,1.49270261548076
LoRARetriever,wmt16_translate_deen_10templates,1.9293037701618205,3.4376875946390473,1.5083838244772265
LoRARetriever,wmt16_translate_deen_10templates,2.053786049850349,3.381489604932189,1.32770355508184
LoRARetriever,wmt16_translate_deen_10templates,2.050680346548263,3.4766902246384013,1.4260098780901382
LoRARetriever,wmt16_translate_deen_10templates,2.0567389624685237,3.5479762460370012,1.4912372835684777
LoRARetriever,wmt16_translate_deen_10templates,1.9570334237054026,3.675970892767483,1.7189374690620807
LoRARetriever,wmt16_translate_deen_10templates,1.8915251098254848,3.697751374302654,1.8062262644771692
LoRARetriever,wmt16_translate_deen_10templates,1.8927455573818472,3.5360032002250175,1.6432576428431704
LoRARetriever,wmt16_translate_deen_10templates,1.9038057382101348,3.689597157691115,1.7857914194809803
LoRARetriever,wmt16_translate_deen_10templates,1.9884256742371478,3.6017143462045698,1.613288671967422
LoRARetriever,wmt16_translate_deen_10templates,2.0479884942233646,3.811570055822459,1.7635815615990944
LoRARetriever,wmt16_translate_deen_10templates,1.9892044002922402,3.681045054851115,1.691840654558875
LoRARetriever,wmt16_translate_deen_10templates,1.8902411887482158,3.643991742066456,1.75375055331824
LoRARetriever,wmt16_translate_deen_10templates,1.8997573301201187,3.5992992232339844,1.6995418931138657
LoRARetriever,wmt16_translate_deen_10templates,1.8585311252958445,3.4974731762195024,1.6389420509236576
LoRARetriever,wmt16_translate_deen_10templates,1.9324342468184736,3.6585963115471625,1.7261620647286888
LoRARetriever,wmt16_translate_deen_10templates,2.0067394502744977,3.655754686540192,1.6490152362656942
LoRARetriever,wmt16_translate_deen_10templates,2.023843780929169,3.7271302592358344,1.7032864783066655
LoRARetriever,wmt16_translate_deen_10templates,1.9472042614189828,3.686398959289567,1.7391946978705841
LoRARetriever,wmt16_translate_deen_10templates,1.8521443845680496,3.696634291531346,1.8444899069632965
LoRARetriever,wmt16_translate_deen_10templates,1.8280696759389428,3.644422838335047,1.8163531623961042
LoRARetriever,wmt16_translate_deen_10templates,1.9211347364168316,3.6291629229511613,1.7080281865343294
LoRARetriever,wmt16_translate_deen_10templates,1.9230803987665284,3.637654576387541,1.7145741776210128
LoRARetriever,wmt16_translate_deen_10templates,2.0441377591481995,3.644307396575379,1.6001696374271799
LoRARetriever,wmt16_translate_fien_10templates,-1.2282786503476522,-1.057690442168324,0.1705882081793282
LoRARetriever,wmt16_translate_fien_10templates,-1.1963074412869468,-1.027059413692476,0.1692480275944708
LoRARetriever,wmt16_translate_fien_10templates,-1.0282880902632356,-0.9524220576124078,0.07586603265082784
LoRARetriever,wmt16_translate_fien_10templates,-0.7027011678043765,-0.8307249045944504,-0.12802373679007387
LoRARetriever,wmt16_translate_fien_10templates,-0.19325492230999644,-0.6298777153985978,-0.43662279308860125
LoRARetriever,wmt16_translate_fien_10templates,0.6390304912236215,0.16132623745686608,-0.47770425376675546
LoRARetriever,wmt16_translate_fien_10templates,0.8701364679452915,0.6960755998840811,-0.17406086806121043
LoRARetriever,wmt16_translate_fien_10templates,1.1953235910776805,1.223278876612973,0.027955285535292383
LoRARetriever,wmt16_translate_fien_10templates,1.4817291237824965,1.3174373657234173,-0.1642917580590792
LoRARetriever,wmt16_translate_fien_10templates,1.54453276609963,1.5132241940512456,-0.03130857204838447
LoRARetriever,wmt16_translate_fien_10templates,1.727014066039549,1.7185697317813748,-0.008444334258174003
LoRARetriever,wmt16_translate_fien_10templates,1.6584224772871903,1.9728778708372248,0.3144553935500346
LoRARetriever,wmt16_translate_fien_10templates,1.7255070164803021,2.3448108708458744,0.6193038543655723
LoRARetriever,wmt16_translate_fien_10templates,1.6884311744553353,2.510132668470999,0.8217014940156636
LoRARetriever,wmt16_translate_fien_10templates,1.6904633143479288,2.7984084807276273,1.1079451663796984
LoRARetriever,wmt16_translate_fien_10templates,1.6931454799418875,2.9796663494229843,1.2865208694810968
LoRARetriever,wmt16_translate_fien_10templates,1.713492462049597,3.1028777072586546,1.3893852452090576
LoRARetriever,wmt16_translate_fien_10templates,1.612693932396604,3.12027614791015,1.507582215513546
LoRARetriever,wmt16_translate_fien_10templates,1.6072734244106315,3.2019113012454503,1.5946378768348188
LoRARetriever,wmt16_translate_fien_10templates,1.6274351322901204,3.208309432031977,1.5808742997418566
LoRARetriever,wmt16_translate_fien_10templates,1.6568837329513562,3.288895697048223,1.6320119640968667
LoRARetriever,wmt16_translate_fien_10templates,1.5978877673598173,3.3147939710246397,1.7169062036648224
LoRARetriever,wmt16_translate_fien_10templates,1.6200407015713927,3.456761600594894,1.8367208990235013
LoRARetriever,wmt16_translate_fien_10templates,1.655253846376738,3.3438497672733414,1.6885959208966035
LoRARetriever,wmt16_translate_fien_10templates,1.7109782764037658,3.412238064765533,1.701259788361767
LoRARetriever,wmt16_translate_fien_10templates,1.6514572466372717,3.3710161568951866,1.719558910257915
LoRARetriever,wmt16_translate_fien_10templates,1.555808741547681,3.4663969057777653,1.9105881642300844
LoRARetriever,wmt16_translate_fien_10templates,1.60173869846735,3.554269360152497,1.9525306616851466
LoRARetriever,wmt16_translate_fien_10templates,1.7243704816408378,3.6193497317491317,1.8949792501082934
LoRARetriever,wmt16_translate_fien_10templates,1.4914496640835855,3.7023185341872633,2.210868870103678
LoRARetriever,wmt16_translate_fien_10templates,1.492467040199589,3.622856485110832,2.130389444911243
LoRARetriever,wmt16_translate_fien_10templates,1.5485021104321344,3.6070778461918938,2.0585757357597596
LoRARetriever,wmt16_translate_fien_10templates,1.5343306374510097,3.612977173545617,2.078646536094607
LoRARetriever,wmt16_translate_fien_10templates,1.7123273300225885,3.6326586189186028,1.920331288896014
LoRARetriever,wmt16_translate_fien_10templates,1.443754851310523,3.597663582260454,2.153908730949931
LoRARetriever,wmt16_translate_fien_10templates,1.4526002508867475,3.511446156769274,2.0588459058825266
LoRARetriever,wmt16_translate_fien_10templates,1.4517668083961546,3.4817148047960416,2.029947996399887
LoRARetriever,wmt16_translate_fien_10templates,1.645001637071939,3.751746163341614,2.106744526269675
LoRARetriever,wmt16_translate_fien_10templates,1.8332243667971027,3.615047914224579,1.7818235474274762
LoRARetriever,wmt16_translate_fien_10templates,1.8270898233314243,3.597849945980427,1.7707601226490026
LoRARetriever,wmt16_translate_roen_10templates,-1.2649648672447484,-0.7692025704947429,0.4957622967500054
LoRARetriever,wmt16_translate_roen_10templates,-1.0428234231257458,-0.9076589127548874,0.1351645103708586
LoRARetriever,wmt16_translate_roen_10templates,-0.580865435574239,-0.7824097882951696,-0.20154435272093055
LoRARetriever,wmt16_translate_roen_10templates,0.05239770613597508,-0.7864020985282022,-0.8387998046641774
LoRARetriever,wmt16_translate_roen_10templates,0.3816107760193199,-0.5183352271057446,-0.8999460031250647
LoRARetriever,wmt16_translate_roen_10templates,0.6634592086866077,-0.0646318281615044,-0.728091036848112
LoRARetriever,wmt16_translate_roen_10templates,0.904720387462072,0.667743111259986,-0.23697727620208606
LoRARetriever,wmt16_translate_roen_10templates,1.309378023246475,0.9549434875525047,-0.35443453569397015
LoRARetriever,wmt16_translate_roen_10templates,1.8326591396359484,1.20602330478284,-0.626635834853108
LoRARetriever,wmt16_translate_roen_10templates,1.9267051235600137,1.2564883059271028,-0.6702168176329111
LoRARetriever,wmt16_translate_roen_10templates,1.9277336612638103,2.1039388309458067,0.17620516968199632
LoRARetriever,wmt16_translate_roen_10templates,1.7120892821745683,2.1696986351404934,0.457609352965925
LoRARetriever,wmt16_translate_roen_10templates,1.8272558436003739,2.525727694553823,0.6984718509534493
LoRARetriever,wmt16_translate_roen_10templates,1.7964851577649885,2.671188266176602,0.8747031084116137
LoRARetriever,wmt16_translate_roen_10templates,1.920246939301934,2.755557306818779,0.835310367516845
LoRARetriever,wmt16_translate_roen_10templates,1.964459962258096,3.092689900232947,1.1282299379748504
LoRARetriever,wmt16_translate_roen_10templates,2.0086044592176178,3.099840273668905,1.091235814451287
LoRARetriever,wmt16_translate_roen_10templates,2.225615767824278,3.1486996404344847,0.923083872610207
LoRARetriever,wmt16_translate_roen_10templates,2.2908996674428104,3.2930737532927217,1.002174085849911
LoRARetriever,wmt16_translate_roen_10templates,2.338717829951388,3.4225020843668648,1.083784254415477
LoRARetriever,wmt16_translate_roen_10templates,2.2804548397075104,3.339446326842321,1.0589914871348105
LoRARetriever,wmt16_translate_roen_10templates,2.3997617194905256,3.483027844101174,1.0832661246106483
LoRARetriever,wmt16_translate_roen_10templates,2.3403410817154744,3.384706827342732,1.0443657456272577
LoRARetriever,wmt16_translate_roen_10templates,2.17110983174456,3.6323085537756414,1.4611987220310816
LoRARetriever,wmt16_translate_roen_10templates,2.1035769905341715,3.570321682078104,1.4667446915439326
LoRARetriever,wmt16_translate_roen_10templates,2.1893579128823695,3.581010358508089,1.3916524456257193
LoRARetriever,wmt16_translate_roen_10templates,2.1931078520790326,3.5897317460986535,1.3966238940196212
LoRARetriever,wmt16_translate_roen_10templates,2.2405900156077156,3.5814736472136888,1.3408836316059733
LoRARetriever,wmt16_translate_roen_10templates,2.1134235721853134,3.5694838134164324,1.456060241231119
LoRARetriever,wmt16_translate_roen_10templates,2.1420805395851987,3.6698886806185205,1.5278081410333222
LoRARetriever,wmt16_translate_roen_10templates,2.0377923830108298,3.44173895388125,1.4039465708704202
LoRARetriever,wmt16_translate_roen_10templates,2.2249589454868453,3.477067948895885,1.25210900340904
LoRARetriever,wmt16_translate_roen_10templates,2.206793289734467,3.5863803058600534,1.3795870161255865
LoRARetriever,wmt16_translate_roen_10templates,2.3502811214893535,3.4788864638529455,1.128605342363592
LoRARetriever,wmt16_translate_roen_10templates,2.058358330665201,3.5171346180709553,1.4587762874057544
LoRARetriever,wmt16_translate_roen_10templates,2.0872075865142596,3.517133141548723,1.4299255550344636
LoRARetriever,wmt16_translate_roen_10templates,2.142286026686315,3.5661192745328316,1.4238332478465168
LoRARetriever,wmt16_translate_roen_10templates,2.204296229525602,3.476031122288484,1.2717348927628822
LoRARetriever,wmt16_translate_roen_10templates,2.1140570988965277,3.5291634280959174,1.4151063291993897
LoRARetriever,wmt16_translate_roen_10templates,2.2344499206823714,3.5835953867617003,1.3491454660793292
LoRARetriever,wmt16_translate_ruen_10templates,-1.243183730546442,-1.0392690111611709,0.2039147193852714
LoRARetriever,wmt16_translate_ruen_10templates,-1.1335393394201778,-0.7738438522315756,0.35969548718860245
LoRARetriever,wmt16_translate_ruen_10templates,-0.9673393831218942,-0.6330100127115494,0.3343293704103447
LoRARetriever,wmt16_translate_ruen_10templates,-0.033880922735733225,-0.42178507380240515,-0.38790415106667203
LoRARetriever,wmt16_translate_ruen_10templates,0.5341003639942353,-0.06596655582196108,-0.6000669198161963
LoRARetriever,wmt16_translate_ruen_10templates,0.8913633026070887,0.6437985772439647,-0.24756472536312404
LoRARetriever,wmt16_translate_ruen_10templates,1.5387613469455426,1.1916744512104085,-0.34708689573513396
LoRARetriever,wmt16_translate_ruen_10templates,2.039307273801979,1.6927462554113637,-0.34656101839061515
LoRARetriever,wmt16_translate_ruen_10templates,2.1305654830447684,2.1274599074134746,-0.0031055756312938776
LoRARetriever,wmt16_translate_ruen_10templates,1.78848556225004,2.171521550783613,0.3830359885335731
LoRARetriever,wmt16_translate_ruen_10templates,1.9153930011633726,2.493077095514199,0.5776840943508267
LoRARetriever,wmt16_translate_ruen_10templates,2.1198923689611555,2.795918619591101,0.6760262506299457
LoRARetriever,wmt16_translate_ruen_10templates,2.1027351262915657,2.9262531935095515,0.8235180672179859
LoRARetriever,wmt16_translate_ruen_10templates,2.1504562246884995,3.0345791768234625,0.8841229521349631
LoRARetriever,wmt16_translate_ruen_10templates,2.1280814677942734,3.15004817421953,1.0219667064252564
LoRARetriever,wmt16_translate_ruen_10templates,2.1649678529886405,3.2630551022994423,1.0980872493108018
LoRARetriever,wmt16_translate_ruen_10templates,2.106286516522302,3.422100857119361,1.3158143405970593
LoRARetriever,wmt16_translate_ruen_10templates,2.1695762359941266,3.3381055474991896,1.1685293115050635
LoRARetriever,wmt16_translate_ruen_10templates,2.1034572402818834,3.49813165489612,1.3946744146142362
LoRARetriever,wmt16_translate_ruen_10templates,2.119860153545281,3.570845143197188,1.4509849896519076
LoRARetriever,wmt16_translate_ruen_10templates,1.8981729375669445,3.4819207727724444,1.5837478352054997
LoRARetriever,wmt16_translate_ruen_10templates,2.005628405877035,3.5680872062633484,1.5624588003863138
LoRARetriever,wmt16_translate_ruen_10templates,2.0026014654638065,3.4658362729643075,1.4632348075005008
LoRARetriever,wmt16_translate_ruen_10templates,2.08732092872254,3.5151549201837615,1.4278339914612217
LoRARetriever,wmt16_translate_ruen_10templates,2.1805034336590414,3.5985263467651003,1.418022913106059
LoRARetriever,wmt16_translate_ruen_10templates,2.132888495307077,3.5988221929739836,1.4659336976669064
LoRARetriever,wmt16_translate_ruen_10templates,2.247384433128389,3.7341243597174496,1.4867399265890606
LoRARetriever,wmt16_translate_ruen_10templates,2.197396175090935,3.667250834435234,1.469854659344299
LoRARetriever,wmt16_translate_ruen_10templates,2.0434005741979875,3.7555803383744473,1.7121797641764596
LoRARetriever,wmt16_translate_ruen_10templates,2.133684111538332,3.612054188547516,1.478370077009184
LoRARetriever,wmt16_translate_ruen_10templates,2.1783443259607957,3.710186821474701,1.531842495513905
LoRARetriever,wmt16_translate_ruen_10templates,2.2182082981471973,3.612433352987898,1.3942250548407
LoRARetriever,wmt16_translate_ruen_10templates,2.102721848613332,3.701710904293012,1.5989890556796797
LoRARetriever,wmt16_translate_ruen_10templates,2.0852957789745368,3.63730100162017,1.5520052226456336
LoRARetriever,wmt16_translate_ruen_10templates,2.1937156648599703,3.6229434782763548,1.4292278134163847
LoRARetriever,wmt16_translate_ruen_10templates,2.2012607236031068,3.6418944152879487,1.4406336916848417
LoRARetriever,wmt16_translate_ruen_10templates,2.0305889597812508,3.7334196341031407,1.70283067432189
LoRARetriever,wmt16_translate_ruen_10templates,2.0932924639973027,3.5476280531030975,1.454335589105795
LoRARetriever,wmt16_translate_ruen_10templates,2.0232364315318447,3.5079947047827535,1.484758273250909
LoRARetriever,wmt16_translate_ruen_10templates,2.017439212806808,3.5875295611923685,1.5700903483855604
LoRARetriever,wmt16_translate_tren_10templates,-0.8225421064948082,-0.41557316695353536,0.4069689395412727
LoRARetriever,wmt16_translate_tren_10templates,-0.5867764226144792,-0.4109945616623179,0.17578186095216125
LoRARetriever,wmt16_translate_tren_10templates,-0.2959521624412143,-0.402687975061213,-0.10673581261999882
LoRARetriever,wmt16_translate_tren_10templates,0.05580088135191949,-0.701194378940978,-0.7569952602928977
LoRARetriever,wmt16_translate_tren_10templates,0.15949976138403782,-0.6115765631337096,-0.7710763245177475
LoRARetriever,wmt16_translate_tren_10templates,0.4693356829998263,-0.27179313049678505,-0.7411288134966112
LoRARetriever,wmt16_translate_tren_10templates,0.731600490599766,0.3416448140672379,-0.3899556765325279
LoRARetriever,wmt16_translate_tren_10templates,0.8933159342988243,0.8970548113740053,0.003738877075180892
LoRARetriever,wmt16_translate_tren_10templates,1.0165599221453974,1.0345627608840704,0.018002838738672974
LoRARetriever,wmt16_translate_tren_10templates,1.2138714892780396,1.2173818087787263,0.0035103195006867824
LoRARetriever,wmt16_translate_tren_10templates,1.2763845493190302,1.441898441816203,0.1655138924971727
LoRARetriever,wmt16_translate_tren_10templates,1.3568060486666238,1.7031956665562475,0.3463896178896236
LoRARetriever,wmt16_translate_tren_10templates,1.1470156591508676,1.9482846659593553,0.8012690068084877
LoRARetriever,wmt16_translate_tren_10templates,1.4539803261356326,2.207354668289433,0.7533743421538006
LoRARetriever,wmt16_translate_tren_10templates,1.5594774772718272,2.4416425468892746,0.8821650696174473
LoRARetriever,wmt16_translate_tren_10templates,1.6060365342745722,2.6138426573534317,1.0078061230788598
LoRARetriever,wmt16_translate_tren_10templates,1.3133230491385166,2.903003222582038,1.5896801734435217
LoRARetriever,wmt16_translate_tren_10templates,1.3919745853710799,3.1237239778260513,1.7317493924549712
LoRARetriever,wmt16_translate_tren_10templates,1.5339736647628701,3.0957767286141262,1.561803063851256
LoRARetriever,wmt16_translate_tren_10templates,1.5702702847862342,3.216816999637582,1.646546714851348
LoRARetriever,wmt16_translate_tren_10templates,1.6844570826465042,3.3194975536057534,1.6350404709592488
LoRARetriever,wmt16_translate_tren_10templates,1.4584680885744181,3.400776110287622,1.942308021713204
LoRARetriever,wmt16_translate_tren_10templates,1.6101599756167462,3.3495287672860825,1.7393687916693366
LoRARetriever,wmt16_translate_tren_10templates,1.6939241966673566,3.438228226267378,1.7443040296000212
LoRARetriever,wmt16_translate_tren_10templates,1.6728420818238947,3.359010039064012,1.6861679572401174
LoRARetriever,wmt16_translate_tren_10templates,1.732318289684259,3.300970566730875,1.5686522770466165
LoRARetriever,wmt16_translate_tren_10templates,1.8194899382377652,3.3401192563377657,1.5206293181000008
LoRARetriever,wmt16_translate_tren_10templates,1.8620726010688171,3.433279677705094,1.5712070766362771
LoRARetriever,wmt16_translate_tren_10templates,1.6460078439631516,3.3542920042294524,1.7082841602663006
LoRARetriever,wmt16_translate_tren_10templates,1.6018726426178558,3.4049507942436588,1.803078151625803
LoRARetriever,wmt16_translate_tren_10templates,1.6281158041308141,3.327972544744355,1.699856740613541
LoRARetriever,wmt16_translate_tren_10templates,1.8304914745349734,3.0624178988567623,1.2319264243217887
LoRARetriever,wmt16_translate_tren_10templates,1.5441600272047649,3.5354406983614086,1.9912806711566433
LoRARetriever,wmt16_translate_tren_10templates,1.5490614908144313,3.5474953181534343,1.9984338273390032
LoRARetriever,wmt16_translate_tren_10templates,1.7166779316569447,3.4926630440594937,1.775985112402549
LoRARetriever,wmt16_translate_tren_10templates,1.7804640510110443,3.5568351468399473,1.7763710958289027
LoRARetriever,wmt16_translate_tren_10templates,1.4128988736502526,3.4206041132789893,2.0077052396287365
LoRARetriever,wmt16_translate_tren_10templates,1.5345886755057254,3.5153925463184934,1.980803870812768
LoRARetriever,wmt16_translate_tren_10templates,1.5556147987428175,3.212807593400629,1.6571927946578113
LoRARetriever,wmt16_translate_tren_10templates,1.5910778092672697,3.4619788484925293,1.8709010392252596
LoRARetriever,wnli_10templates,-1.32864774688287,-0.9506989987590702,0.37794874812379964
LoRARetriever,wnli_10templates,-1.4577725637474694,-1.0635041663309739,0.3942683974164955
LoRARetriever,wnli_10templates,-1.6418617822868395,-1.0755801108059249,0.5662816714809146
LoRARetriever,wnli_10templates,-1.6684520520073047,-1.2548763849959819,0.4135756670113228
LoRARetriever,wnli_10templates,-1.446871492870869,-1.3437672138762866,0.10310427899458245
LoRARetriever,wnli_10templates,-1.0747704103077056,-1.3606282365448221,-0.2858578262371166
LoRARetriever,wnli_10templates,-0.487130439663104,-1.1409714656420173,-0.6538410259789132
LoRARetriever,wnli_10templates,-0.25253599598586796,-0.6452502782663925,-0.3927142822805246
LoRARetriever,wnli_10templates,0.26987889257438497,-0.258916371425475,-0.5287952639998602
LoRARetriever,wnli_10templates,0.1711839172613032,0.09495792051538458,-0.0762259967459187
LoRARetriever,wnli_10templates,0.5569061436819653,0.3180327151983312,-0.238873428483634
LoRARetriever,wnli_10templates,0.764703642214179,0.33612273929954645,-0.42858090291463247
LoRARetriever,wnli_10templates,0.7182781129027191,0.37435242683498776,-0.3439256860677313
LoRARetriever,wnli_10templates,0.6297352129102485,0.6774381090323212,0.04770289612207265
LoRARetriever,wnli_10templates,0.332786768462483,0.8436858670546746,0.5108990985921915
LoRARetriever,wnli_10templates,0.37345696090611546,1.0938871933471055,0.7204302324409901
LoRARetriever,wnli_10templates,0.17094060125200713,1.1996868082005843,1.028746206948577
LoRARetriever,wnli_10templates,0.7046873286713768,0.9680946554985648,0.2634073268271877
LoRARetriever,wnli_10templates,0.5563063370051295,0.8634746281693612,0.3071682911642316
LoRARetriever,wnli_10templates,0.9737174984505508,1.8423833546135244,0.8686658561629735
LoRARetriever,wnli_10templates,1.087985278870079,1.4317664765686313,0.3437811976985526
LoRARetriever,wnli_10templates,1.5316396316846361,1.699434817799924,0.16779518611528796
LoRARetriever,wnli_10templates,1.8936476738361745,2.277670889380025,0.3840232155438502
LoRARetriever,wnli_10templates,0.6159571610991982,1.8012333799641773,1.185276218864979
LoRARetriever,wnli_10templates,1.0108826353026326,2.349728139265799,1.3388455039631668
LoRARetriever,wnli_10templates,1.5040435518531439,2.8947551811389345,1.3907116292857906
LoRARetriever,wnli_10templates,1.2757879068803177,2.968154438248018,1.6923665313677003
LoRARetriever,wnli_10templates,0.847993079112595,2.522385269619047,1.6743921905064518
LoRARetriever,wnli_10templates,0.6884263311879816,2.465992113645506,1.7775657824575242
LoRARetriever,wnli_10templates,1.1299780788370695,1.7761990466539983,0.6462209678169286
LoRARetriever,wnli_10templates,1.468890150165377,2.4467049662835345,0.9778148161181572
LoRARetriever,wnli_10templates,1.0587552624035272,2.9412242357427782,1.8824689733392508
LoRARetriever,wnli_10templates,1.0574263719735522,2.782739899949939,1.725313527976387
LoRARetriever,wnli_10templates,0.9348346033964116,2.781344800108138,1.8465101967117263
LoRARetriever,wnli_10templates,1.3567933071309637,2.64026961979664,1.2834763126656763
LoRARetriever,wnli_10templates,0.9412217307761302,1.8632342785205525,0.9220125477444223
LoRARetriever,wnli_10templates,1.1244577351543865,2.215367075442876,1.0909093402884895
LoRARetriever,wnli_10templates,1.0337420446238272,3.0526439272085555,2.0189018825847285
LoRARetriever,wnli_10templates,0.870889089897629,2.470351125289251,1.5994620353916218
LoRARetriever,wnli_10templates,0.9249623253343976,3.0167099959308126,2.091747670596415
LoRARetriever,yelp_polarity_reviews_10templates,-1.406479461850393,-1.2392954522830744,0.16718400956731894
LoRARetriever,yelp_polarity_reviews_10templates,-1.2967667127648987,-1.2980058309609022,-0.0012391181960036601
LoRARetriever,yelp_polarity_reviews_10templates,-0.9997495359868486,-1.0893511312978892,-0.08960159531104066
LoRARetriever,yelp_polarity_reviews_10templates,-0.6805708125030041,-1.014222560259398,-0.33365174775639367
LoRARetriever,yelp_polarity_reviews_10templates,-0.20233209702620722,-0.6084696219200865,-0.40613752489387916
LoRARetriever,yelp_polarity_reviews_10templates,0.3760248127359932,-0.41272640853034065,-0.7887512212663338
LoRARetriever,yelp_polarity_reviews_10templates,0.8983208879065193,0.4575326414088396,-0.44078824649767967
LoRARetriever,yelp_polarity_reviews_10templates,1.1880605506347222,1.4470472494077755,0.25898669877305336
LoRARetriever,yelp_polarity_reviews_10templates,1.4315960417849367,1.6774411423182365,0.24584510053329983
LoRARetriever,yelp_polarity_reviews_10templates,1.4354653926141725,2.066930443573969,0.6314650509597963
LoRARetriever,yelp_polarity_reviews_10templates,1.3972391857490953,2.356698737988604,0.959459552239509
LoRARetriever,yelp_polarity_reviews_10templates,1.3202294258001948,2.4130183369319598,1.092788911131765
LoRARetriever,yelp_polarity_reviews_10templates,1.3401484893245499,2.485151445557293,1.145002956232743
LoRARetriever,yelp_polarity_reviews_10templates,1.3656672861736772,2.613260011797402,1.2475927256237247
LoRARetriever,yelp_polarity_reviews_10templates,1.3913121993025794,2.6606555813149555,1.269343382012376
LoRARetriever,yelp_polarity_reviews_10templates,1.3688413261048868,2.8016930877862154,1.4328517616813286
LoRARetriever,yelp_polarity_reviews_10templates,1.5244967761113593,2.9460723373567497,1.4215755612453906
LoRARetriever,yelp_polarity_reviews_10templates,1.7384214662563715,3.1178618754992016,1.3794404092428303
LoRARetriever,yelp_polarity_reviews_10templates,1.6785794443502615,3.0705599440949083,1.3919804997446465
LoRARetriever,yelp_polarity_reviews_10templates,1.6104131980066934,3.1332174399603168,1.5228042419536236
LoRARetriever,yelp_polarity_reviews_10templates,1.4318800601391413,3.0492884631083275,1.6174084029691862
LoRARetriever,yelp_polarity_reviews_10templates,1.5596310151342587,3.016838205437329,1.4572071903030703
LoRARetriever,yelp_polarity_reviews_10templates,1.5050533748445956,3.0992852110602924,1.5942318362156969
LoRARetriever,yelp_polarity_reviews_10templates,1.6501050219461062,3.1274319103584425,1.4773268884123363
LoRARetriever,yelp_polarity_reviews_10templates,1.6699328653119223,3.104944187013858,1.4350113217019353
LoRARetriever,yelp_polarity_reviews_10templates,1.6500597714508327,3.3041835615275206,1.6541237900766879
LoRARetriever,yelp_polarity_reviews_10templates,1.4287705343425179,3.229360511549745,1.8005899772072274
LoRARetriever,yelp_polarity_reviews_10templates,1.812334707901618,3.307253965010237,1.494919257108619
LoRARetriever,yelp_polarity_reviews_10templates,1.720063984220408,3.2080513856055304,1.4879874013851226
LoRARetriever,yelp_polarity_reviews_10templates,1.7405317952696218,3.3133005796281614,1.5727687843585398
LoRARetriever,yelp_polarity_reviews_10templates,1.7740162761085034,3.32682439403039,1.5528081179218867
LoRARetriever,yelp_polarity_reviews_10templates,1.6284626404542948,3.4594559128185747,1.83099327236428
LoRARetriever,yelp_polarity_reviews_10templates,1.648612130551018,3.3989459853211277,1.75033385477011
LoRARetriever,yelp_polarity_reviews_10templates,1.705013834113032,3.346009475541818,1.640995641428786
LoRARetriever,yelp_polarity_reviews_10templates,1.6830263927943858,3.357592778602339,1.6745663858079534
LoRARetriever,yelp_polarity_reviews_10templates,1.736816198346183,3.4372409061614597,1.7004247078152765
LoRARetriever,yelp_polarity_reviews_10templates,1.7956555055340397,3.56031914054478,1.7646636350107403
LoRARetriever,yelp_polarity_reviews_10templates,1.781346623060209,3.4998893793952996,1.7185427563350906
LoRARetriever,yelp_polarity_reviews_10templates,1.6482412323687226,3.3247099721739746,1.6764687398052518
LoRARetriever,yelp_polarity_reviews_10templates,1.638093508392611,3.621386454157551,1.98329294576494
LoRARetriever,yelp_polarity_reviews_10templates,1.643822845940703,3.5101016777410377,1.8662788318003347
LoRARetriever,yelp_polarity_reviews_10templates,1.5429965457080224,3.4544969391925293,1.911500393484507
LoRARetriever,yelp_polarity_reviews_10templates,1.5752412223454164,3.5219022520346477,1.9466610296892317
LoRARetriever,yelp_polarity_reviews_10templates,1.5616199969894915,3.50677912780428,1.9451591308147882
